############################################################
############################################################
############################################################
tokens
['\n', ' ', '!', '(', ')', ',', '-', '.', '5', '7', '8', '9', ':', ';', '?', '[', ']', '^', 'a', 'b', 'c', 'd', 'e', 'f', 'g', 'h', 'i', 'k', 'l', 'm', 'n', 'o', 'p', 'q', 'r', 's', 't', 'u', 'v', 'w', 'x', 'y', 'z', '«', '»', 'à', 'á', 'â', 'ã', 'ä', 'å', 'æ', 'ç', 'è', 'é', 'ê', 'ë', 'ì', 'í', 'î', 'ï', 'ğ', 'ñ', 'ò', 'ó', 'ô', 'õ', 'ö', '÷', 'ø', 'ù', 'ú', 'û', 'ü', 'ı', 'ş', 'ÿ', '¸', '–', '—', '’', '…', 'ˆ', '<sos>', '<eos>']
num_tokens
85
token_to_idx
{'\n': 0, ' ': 1, '!': 2, '(': 3, ')': 4, ',': 5, '-': 6, '.': 7, '5': 8, '7': 9, '8': 10, '9': 11, ':': 12, ';': 13, '?': 14, '[': 15, ']': 16, '^': 17, 'a': 18, 'b': 19, 'c': 20, 'd': 21, 'e': 22, 'f': 23, 'g': 24, 'h': 25, 'i': 26, 'k': 27, 'l': 28, 'm': 29, 'n': 30, 'o': 31, 'p': 32, 'q': 33, 'r': 34, 's': 35, 't': 36, 'u': 37, 'v': 38, 'w': 39, 'x': 40, 'y': 41, 'z': 42, '«': 43, '»': 44, 'à': 45, 'á': 46, 'â': 47, 'ã': 48, 'ä': 49, 'å': 50, 'æ': 51, 'ç': 52, 'è': 53, 'é': 54, 'ê': 55, 'ë': 56, 'ì': 57, 'í': 58, 'î': 59, 'ï': 60, 'ğ': 61, 'ñ': 62, 'ò': 63, 'ó': 64, 'ô': 65, 'õ': 66, 'ö': 67, '÷': 68, 'ø': 69, 'ù': 70, 'ú': 71, 'û': 72, 'ü': 73, 'ı': 74, 'ş': 75, 'ÿ': 76, '¸': 77, '–': 78, '—': 79, '’': 80, '…': 81, 'ˆ': 82, '<sos>': 83, '<eos>': 84}
idx_to_token
{0: '\n', 1: ' ', 2: '!', 3: '(', 4: ')', 5: ',', 6: '-', 7: '.', 8: '5', 9: '7', 10: '8', 11: '9', 12: ':', 13: ';', 14: '?', 15: '[', 16: ']', 17: '^', 18: 'a', 19: 'b', 20: 'c', 21: 'd', 22: 'e', 23: 'f', 24: 'g', 25: 'h', 26: 'i', 27: 'k', 28: 'l', 29: 'm', 30: 'n', 31: 'o', 32: 'p', 33: 'q', 34: 'r', 35: 's', 36: 't', 37: 'u', 38: 'v', 39: 'w', 40: 'x', 41: 'y', 42: 'z', 43: '«', 44: '»', 45: 'à', 46: 'á', 47: 'â', 48: 'ã', 49: 'ä', 50: 'å', 51: 'æ', 52: 'ç', 53: 'è', 54: 'é', 55: 'ê', 56: 'ë', 57: 'ì', 58: 'í', 59: 'î', 60: 'ï', 61: 'ğ', 62: 'ñ', 63: 'ò', 64: 'ó', 65: 'ô', 66: 'õ', 67: 'ö', 68: '÷', 69: 'ø', 70: 'ù', 71: 'ú', 72: 'û', 73: 'ü', 74: 'ı', 75: 'ş', 76: 'ÿ', 77: '¸', 78: '–', 79: '—', 80: '’', 81: '…', 82: 'ˆ', 83: '<sos>', 84: '<eos>'}
header_token
<sos>
footer_token
<eos>
header_idx
83
footer_idx
84
in_dim
85
hid_dim
10
out_dim
85
in2hid
[[ 2.50499829e+00  5.87185634e+00  5.88011004e-01 -7.08768240e-01
  -1.38541726e+00 -4.92713007e-01 -1.84469369e+00 -7.41107532e-01
   4.30101385e-01 -1.48526918e+00  2.18787908e+00  8.23275395e-01
  -2.14848432e-01 -1.52023937e-01  3.20724583e-01 -7.96919527e-01
  -4.66992466e-01 -9.93548387e-01  4.06508538e-01  1.23538222e+00
   1.61469914e+00  6.31058566e-01 -3.65623139e-01  2.18910641e-01
   8.37455206e-01 -8.93155447e-02 -1.42926231e+00  4.79296715e-01
  -6.15129275e-01  1.55766516e+00 -9.77394010e-02  2.78919950e+00
   4.02352456e-01  2.31495301e+00  6.38831450e-01  4.32330375e-01
  -2.07912289e-01  1.04080277e+00 -5.50962143e-01 -2.17887512e-01
  -5.25165514e-01  8.04821915e-01  1.07297257e+00  1.55969011e+00
  -5.33751396e-01  4.14293120e+00 -1.81445285e+00 -1.95538057e+00
  -8.10607222e-01 -2.84186303e+00  4.81294234e+00 -1.35559622e+00
  -9.21373699e-01  3.90515439e+00  1.34776973e+00 -2.39994285e+00
  -2.61060132e+00 -1.82931259e+00 -3.23914323e+00  5.26272846e+00
  -1.80903912e+00 -2.57462295e+00  1.88599649e+00 -2.73599588e+00
   4.33516321e+00 -1.90408817e+00 -2.04042756e+00 -1.04406367e+00
  -1.46433625e+00 -1.32899308e+00 -1.80782938e+00  1.19210870e+00
   3.66952525e+00  5.26680366e-01  2.55302854e+00  1.94402726e+00
   2.05440958e+00  4.68785217e-02  5.89490694e-01 -3.26288398e-02
  -1.34163722e+00  9.50596708e-01  2.92547435e-01  2.24430154e+00
  -4.49781302e-02]
 [ 1.48682096e+00  1.18000347e+00  1.06852021e+00 -1.45964207e+00
  -6.48873286e-01 -3.29335241e-01 -7.98787042e-02 -5.30019227e-01
  -7.37529215e-01  6.04623940e-01  1.56824744e+00  9.19280305e-01
   1.24576126e+00 -8.68379012e-02  3.45068587e-01 -1.30808283e+00
  -5.38711554e-01  7.20219234e-01  4.31883414e-01  3.16724122e-01
   3.77728685e-01 -5.33545081e-01  2.24595605e-01 -1.23682148e-01
  -1.64851056e+00 -1.80010787e-01 -1.28578709e-01 -1.24872261e-01
   1.05025670e+00  6.14457586e-01  4.82590087e-01 -3.47931128e-02
  -1.23793222e+00 -8.56552376e-02 -4.65324615e-01  2.16496868e-01
  -4.71612754e-01 -7.33218439e-01  4.58788830e-01 -5.08907210e-01
  -2.30950805e-01 -1.53600107e+00  1.13525792e+00  2.61003081e-01
   1.49868657e+00  2.16923599e+00  1.43766074e-01 -6.79250404e-01
  -1.23816339e-01  7.29377841e-01 -1.75398740e+00 -2.12397042e+00
  -1.57058095e-01  1.69605688e+00  8.34628723e-01  9.18733007e-01
   2.45776473e+00  1.94443619e+00  6.39146354e-01 -1.83071477e+00
   1.63629324e+00  1.08629335e+00  1.53523842e+00  1.46032084e+00
   2.04123038e+00  6.59989848e-01 -8.42569173e-01  1.14183643e+00
   1.31924489e+00  5.26785685e-01 -1.32916062e+00 -6.29486364e-02
   1.87387228e-01  8.89834953e-01  5.77126824e-01  1.71334323e-01
   1.01509619e-01 -3.36172585e-01  1.60067578e+00 -5.61990252e-01
  -7.28292227e-01 -5.26411737e-01  2.51700163e-01  2.33370581e-01
   1.58693638e+00]
 [-1.15713569e-01 -1.31111246e+00  3.02003006e-01 -7.32871053e-01
  -4.24575510e-01 -2.18009449e+00  7.47102486e-01  6.71169130e-01
   6.09182277e-01 -5.72463004e-01 -5.35172900e-01 -7.72515855e-01
   3.80755704e-01  4.16332705e-01  1.00482926e+00  1.00034793e-01
   1.54570571e+00  4.24664221e-01  1.33621220e+00 -3.54776602e-01
  -7.80259352e-01  9.52551862e-01 -1.96020793e-01 -2.79127142e-01
   1.91207453e+00 -1.15991504e+00  6.09822028e-01  3.67770834e-01
  -5.35833808e-01 -5.60138979e-01  3.60921100e-01  1.35754872e+00
  -2.37542382e-01 -1.28835319e+00  2.18477740e+00 -2.10628616e-01
   1.28121473e+00  2.71305171e-01 -1.20736841e+00 -1.07009183e+00
  -1.57359295e+00 -3.76742059e-01 -2.23825472e+00  8.01589333e-01
  -9.32493725e-01  5.56650378e-01 -3.39150340e-01  4.21843582e-01
  -1.69522712e-01  3.49694085e-01  1.50181054e+00  3.05495889e-01
   5.38534636e-01 -7.46376595e-01 -7.68982040e-01  2.95640705e+00
   4.44020402e-01  3.86428228e-02 -1.29317930e+00 -1.60441865e-01
   1.38573363e+00  4.04947742e-02 -1.63234754e+00  1.11578168e+00
   1.56018319e+00 -1.11223991e+00 -1.15668467e+00  3.92596088e-01
   1.33025487e-02  1.53038794e+00  1.00913828e-01 -1.33401129e+00
   4.36522096e-01 -4.13188533e-01 -1.19076615e-01  6.31133803e-01
   1.18973790e+00  2.94299255e-01 -3.12038820e-01  2.70615507e-01
   2.74610780e+00  1.06309238e+00 -9.36283547e-01  9.40537113e-01
  -1.50977890e-01]
 [-1.18290925e+00  2.77255247e+00 -6.72657714e-01 -3.94082775e-01
  -6.42699291e-01 -1.95282348e+00 -3.56069840e-03 -3.20608987e-01
  -2.92347083e-01 -9.31207023e-01  2.14596671e+00  1.13381846e+00
  -2.16480896e-01 -1.84569876e+00  3.09086084e-02  7.76837177e-01
   9.69916784e-03  2.48053529e-01 -4.78775009e-01  1.78806088e+00
  -8.35621858e-01  9.91499505e-01 -5.47378479e-01  7.28634074e-01
  -1.37064213e+00  8.20200404e-03  6.67103109e-01  2.74518865e-01
   3.34068636e-01  7.36591907e-01 -4.13116479e-01 -1.31955758e+00
   1.33173084e+00 -8.67755185e-01 -8.51986609e-01  2.10193835e+00
  -1.76000012e-02 -1.22742930e+00 -6.53691286e-01  1.67655146e+00
   2.59982571e+00  5.11839441e-02 -1.98610424e-01 -4.29925545e-01
  -7.99399609e-02  5.04199507e-02  5.46756936e-01 -4.22381133e-01
   1.40475361e+00  5.65356759e-01 -2.26444610e-01 -4.53777275e-01
   9.35175304e-01  3.73605875e-01 -1.71137893e+00  1.70992525e+00
  -6.24214204e-01  9.95988455e-01 -1.32184681e-01  5.80096643e-01
   7.46231251e-01  2.19803528e+00  4.96196942e-01  4.70959142e-01
   9.02427853e-01  7.57657539e-01 -3.93396333e-01  3.21859166e-02
   1.10427736e+00  7.83138468e-01  1.76211861e+00  2.98489132e-01
   7.62275758e-03 -2.98522802e+00 -1.81667633e+00 -1.22028662e+00
  -5.63210033e-01  6.30545065e-01 -4.41972590e-01  2.61213498e-01
  -8.12325971e-01 -1.04158280e+00  6.33121515e-01  4.50923785e-01
   7.42070260e-01]
 [-4.87915274e+00 -6.94929499e+00  7.69111673e-01 -4.28013628e-01
  -3.29617881e-01  2.25481604e+00  8.09718560e-01  1.68434892e+00
   3.86335121e-01  7.13768175e-01  1.58177979e+00  1.59531166e+00
   1.15310598e+00  1.32556917e+00  1.16551091e+00  3.19811733e-01
  -5.45269324e-01 -3.30000785e-01  9.96578567e-01  1.83265477e-01
   9.02144958e-03 -1.52926871e-01 -4.63236877e-01 -6.07438465e-01
  -1.09458765e-01  1.29419477e+00  6.34704325e-01  1.70976047e-01
  -4.21114496e-02 -1.98116959e-01  1.45958470e-01  5.49610118e-01
   1.81375267e+00 -1.11572725e-02  1.40393078e+00 -3.10359367e-01
   1.40232959e-01 -9.43603607e-01  2.35804130e-01  1.98270568e-01
   1.34435597e+00  1.20929910e+00  4.85671922e-01 -1.45223280e+00
   1.25325754e+00  1.84069313e+00  2.04497840e+00 -3.26129565e+00
  -2.34033770e+00  6.18175666e-01  1.36988764e+00  9.42896833e-01
  -1.03436587e+00  2.45356468e+00  7.75575373e-01  3.04012331e-01
  -1.20504242e+00  1.61709134e+00 -2.92889250e+00  2.58775026e+00
  -2.03257322e+00 -3.13256396e+00  9.29707855e-01 -2.72281552e-01
   1.01572167e+00  2.70169917e-01  3.38838533e-01 -1.92564109e-01
  -1.18772452e+00 -9.79181458e-01  1.80960219e-01  3.24535822e-01
   2.24756107e+00  2.62901396e+00  4.02596772e-01  2.04386621e-01
   1.85121179e+00  2.84183899e-01  7.47432573e-01  7.84794109e-01
   1.42972007e+00  6.56290347e-01  7.64373826e-01  9.17093736e-01
   1.53737039e+00]
 [-1.70785019e-01 -5.52448532e-01 -9.10044970e-01 -2.19428011e-01
   6.82289472e-01 -6.17858833e-02  3.92407115e-01 -2.18666838e+00
   6.02319115e-01 -1.32427157e-01 -8.48577748e-01 -1.31377814e+00
  -1.44160644e-01  2.10635433e-02  2.71802495e-01 -9.80297178e-01
   2.20691692e-01  1.27112482e+00  1.94454262e+00  1.13874024e-01
  -2.02759693e-01 -4.78622675e-01 -8.22089944e-01  8.08018777e-01
  -1.14741577e+00 -7.99278895e-01  5.63733753e-01  1.16112678e+00
  -2.90825771e-01 -9.66318494e-01  1.46757231e+00  9.02667214e-01
  -1.08721122e+00  1.33689740e+00 -5.20937360e-01 -1.41827670e-02
  -1.45871918e-01 -2.94149649e-02 -2.21025950e+00 -2.65725203e-01
   6.74734548e-01  5.74092226e-01 -8.06686609e-01  5.85643150e-01
   6.92968350e-02 -1.11514910e+00  7.86343066e-02  1.00939448e+00
   5.51619795e-01  1.22351067e+00  1.32048528e-01 -4.62169068e-01
   4.30521929e-01 -1.06041585e-01  9.41362031e-02  4.57030613e-01
  -2.19067418e+00 -1.14456024e-01 -3.15254041e+00  1.49581338e+00
   1.27953681e+00  2.67766642e-01  4.87523665e-01  7.06730725e-01
   7.82620455e-01 -1.86022180e+00  1.00110543e+00  4.89472452e-01
  -4.73713929e-01  9.19124119e-01 -3.94650335e-01 -9.27687863e-01
   1.30300737e-01  6.01181366e-01 -1.58229146e+00  7.21818551e-01
   1.19076278e+00 -1.95864053e+00  1.20576677e-01 -6.93340677e-01
  -1.90291029e-01  5.17310953e-01  3.20867845e-01 -1.60073922e-01
  -1.51095813e+00]
 [ 5.20465633e+00  5.09204622e+00  2.11547027e+00  1.22685951e+00
  -3.94348392e-01  5.18937991e+00  8.94330270e-01  4.35611362e+00
  -9.11570259e-01  2.29474073e-01  9.72412855e-01  9.86454817e-02
  -3.13939242e+00  3.99728090e+00  3.20624676e+00 -1.59867564e+00
  -2.38139458e-01 -2.81572937e-02  2.52092706e-01 -4.11577805e-01
  -4.91971286e-01 -1.43838913e+00 -1.11805104e+00 -1.70860372e+00
   1.13429935e+00  4.99721183e-01  3.75223870e+00  5.36044778e-01
   1.87794878e+00  9.98275326e-01 -3.27715677e-01  1.50774622e-01
   1.79268960e+00 -7.52241137e-01 -7.48575110e-01 -1.50967778e+00
   1.07656201e-01 -4.56061540e-01  2.79376656e+00 -1.01618733e+00
   3.85885370e+00 -1.30761226e+00 -7.77391554e-01 -4.64709474e-01
   1.94810474e+00 -3.08002816e+00 -1.04203988e+00 -1.06812952e+00
  -4.09651368e-01 -1.51089340e+00 -1.90072169e+00 -1.18392414e+00
  -8.45405327e-01 -1.62531329e+00  2.39853127e+00 -4.40612611e-01
  -2.64152731e+00 -6.73362310e-01 -1.74979926e+00 -2.52626873e+00
  -6.29877000e-01 -2.10949246e+00 -2.44475929e+00 -1.77571301e+00
  -1.59304018e-01  1.05928790e+00 -8.37027098e-01 -1.38195674e+00
  -1.56753014e+00 -7.92562629e-01 -1.61988027e+00  4.40314907e-01
  -1.41246225e+00 -5.57634052e-01  4.81362418e-01  1.80027194e+00
  -8.14312121e-02 -1.14142383e-01  1.66176918e-02  2.05704070e+00
   4.71097197e-02  1.61760619e+00 -1.47271503e+00 -2.09968953e+00
  -9.76511986e-01]
 [ 4.26333473e-01 -2.22707156e-01  1.15019082e+00 -4.25168380e-01
   1.43267765e+00  1.58205591e+00 -5.87453064e-01 -3.60207005e-01
  -1.37532281e+00 -7.56901712e-01 -5.31742193e-01  3.58669412e-01
  -4.47125030e-01  6.79132759e-01  2.63508944e-01  2.53277429e-01
   1.15691833e-01  1.94663607e+00  1.09626986e-01 -2.77627572e-01
   5.93430396e-01 -1.17805710e+00 -1.58893718e+00  8.76550869e-01
   1.57588887e+00 -2.20357384e-01 -1.63564852e-01 -2.22060508e+00
  -9.95323038e-01 -1.04627577e+00 -7.77208476e-01 -1.56028762e-01
  -1.74686397e+00 -8.69102276e-01 -8.10567611e-02  1.85661299e+00
   2.26066566e-01  1.58196574e+00 -1.17405831e+00  1.71350227e+00
  -1.03971680e+00 -4.76463855e-01  6.96884172e-01 -1.01803337e-01
   1.79907816e+00 -1.26957411e-01  4.22207165e-01 -8.47777439e-01
   2.02471996e+00  2.13512035e+00  9.69192599e-01 -5.52511273e-01
  -2.67821807e+00 -1.14992847e+00  1.83418510e+00  9.34511592e-02
  -1.26596107e+00  5.30783512e-02 -4.98408342e-01 -1.14295399e+00
   3.65107274e+00 -1.37874256e+00  2.08517868e-01  1.56295544e+00
  -1.05076534e-01  5.77641675e-01  9.90139821e-01 -1.91665655e+00
   3.12344177e-01 -1.45817969e+00  1.69363569e+00 -1.26399869e+00
  -1.65479548e+00 -1.14208756e+00  8.39587745e-01  1.47022894e+00
  -1.85483055e+00 -8.78868078e-01  1.53923766e-01  1.67854583e+00
   3.85730963e-02 -6.50579691e-01 -4.08185693e-01  4.91270763e-01
   6.05225775e-01]
 [-1.50942414e-01 -1.69732386e-01 -8.56006844e-01  8.42103838e-01
  -6.88972383e-01  4.12251292e-01 -1.80763351e+00  1.36649446e+00
   8.45115201e-01 -2.14160647e-01  3.02876824e-01 -1.77205034e+00
   9.76877464e-01 -1.26604093e-01  1.55400747e-01 -4.55315850e-02
  -1.22501982e+00  5.30032846e-01 -3.48221802e-01  1.07641019e+00
   2.32238250e-01 -1.11041357e+00 -2.02736919e-03  7.95346506e-01
  -1.34477864e+00 -8.51776783e-01  1.76277955e-01  1.00951785e+00
   1.00240016e+00 -1.10705126e+00 -8.50671650e-01  8.85489647e-02
   4.51370669e-01  8.19960298e-01  3.85524358e-01  1.14553248e+00
   3.75010318e-01  3.54742152e-01  1.06133508e+00  3.40314362e-01
  -1.32804312e+00 -2.11097095e-01 -1.27819906e+00  5.49138150e-01
  -2.01976355e-01  1.22419983e+00 -8.56496033e-01 -9.80274483e-02
  -5.34790020e-01  1.63962873e+00  6.48015874e-02 -1.33748873e+00
  -3.78844711e-01 -6.77578243e-02  1.51357359e+00 -1.78847218e-01
  -1.26089482e+00  6.42627648e-02  1.50259165e-01 -6.98396946e-01
   1.22596479e+00 -1.00563209e-01 -4.37827530e-01  8.09091356e-01
  -1.28690335e+00  3.11301047e-01  6.49127663e-01 -1.96837570e+00
  -1.81643908e-01 -1.24078708e+00 -1.54959785e+00 -1.12808693e+00
   1.47167737e+00  8.90649865e-01 -1.03714576e+00 -1.37636894e+00
   4.16786103e-01  1.60657482e-01 -3.42504572e-01  1.17602015e+00
   1.35939612e+00  6.55544414e-01 -2.67792131e-01 -3.57166329e-01
  -1.47463478e+00]
 [-1.82042565e+00  2.53420480e-01 -1.29074448e+00  7.87311260e-02
  -1.12942619e-01 -6.23490047e-01 -6.65408519e-01 -2.48983550e+00
   6.34137160e-01 -3.47657798e-01  7.80621026e-01 -1.07465691e+00
  -4.98517114e-01 -1.12887546e+00  1.73309949e+00 -6.28903088e-01
  -9.69555582e-01 -4.16461765e-01 -2.10192816e-01 -1.28323087e+00
  -6.88462303e-01  6.11517258e-01 -2.75184288e+00 -6.34827284e-01
  -6.61724670e-01 -9.79405579e-01  2.61877938e+00 -1.53942989e+00
   1.24671937e+00 -6.47301237e-01  7.06881228e-01 -1.26385988e+00
   1.24950423e+00  2.42910875e-01 -1.92823878e+00  3.96922850e-01
  -1.89551051e-01  1.56020363e+00  3.67005328e-01  2.72335974e-02
  -1.07117163e+00  1.30771416e+00 -1.25620842e+00 -6.40138149e-01
   6.59061601e-01 -2.56575676e-02  4.42419361e-01 -1.28321864e-01
   1.27310473e+00 -4.73157359e-01 -1.59796093e+00 -4.05498061e-02
   1.37384223e+00 -1.28387140e+00  5.96383440e-01 -5.17516488e-01
   2.16438569e+00  2.60306999e-01  1.33203042e-01  2.61587702e+00
  -2.36466195e-01 -7.27598704e-01 -1.31403180e+00 -4.65139424e-01
  -1.21866830e+00 -1.09141821e+00 -1.36803704e+00  4.59711690e-01
   1.93466558e+00  6.58882525e-01 -4.40994453e-01 -7.42162075e-01
   2.29404006e+00  2.09946043e+00  2.73748450e-01  4.14999268e-01
   8.48396115e-01  1.08443992e-01 -1.83064982e+00  3.89244472e-01
   6.58871813e-01 -7.98122209e-01  1.22138321e-01 -1.41225749e+00
  -8.77583423e-02]]
hid2hid
[[-0.22043716  0.18336063  0.23640789 -0.81323396 -0.06147759 -0.88885967
   0.04013137  0.3077481  -0.73333134  0.31532427]
 [ 0.75362544 -0.78824903  0.25936718 -2.01550925  1.13811263  0.76130032
   0.2080432   0.03771299 -2.78040449 -0.25288354]
 [-0.8348116  -1.21955622  2.5426763   1.24577989 -0.20001417 -1.75207137
  -1.12073505  1.9422399  -0.60339111 -1.50000519]
 [ 1.67032464 -0.78927185 -1.10160432  3.30705202 -0.09189465 -0.45445296
   3.00929909  1.50999569  1.86307005 -1.42207097]
 [ 1.83985572 -0.08690606  0.81304408  0.16229341 -1.0234739  -0.47357906
   1.39164209 -0.6757411   3.15029958  0.44101831]
 [-1.06379802  0.23283714 -0.40452367  0.22083385  0.47530295  0.51993891
  -1.92569504 -2.64031722  0.99016241  0.16683114]
 [ 0.0658871   0.10647105 -0.29127856 -0.70566191  1.10412727 -0.21154101
   0.01459538 -0.33392988 -0.15112349 -0.26988157]
 [ 0.22320116 -0.13147981 -0.04983676 -0.37191268 -2.11787914  0.08224202
   1.38649896  0.62871131 -0.45299606 -0.51078868]
 [-0.13227073  0.14853911 -2.09275541 -1.207611   -0.54387349  0.93122289
  -1.83559936 -1.01367764  1.42490828  0.90872694]
 [ 2.18675909 -1.20182887  0.82287701  0.78138426  1.58725484  0.07722618
  -5.39282765  1.71198335  0.11899807 -2.16563362]]
hid2out
[[-5.02526737e-01  1.40537521e-01 -3.12233864e-01 -3.30620195e-01
   1.98946844e+00  4.14816147e-01  1.49772719e+00 -4.44233097e-01
   3.30077955e+00 -6.56765628e-01]
 [ 3.82767641e-02  3.79775507e-01 -2.41150587e-01 -8.05924085e-01
   2.68715640e+00  6.72993031e-01  3.71802229e-01 -1.08906297e+00
   8.62675321e-01  3.96095044e-01]
 [-5.22103696e-01  4.80063139e-01 -5.03374540e-01 -5.31867026e-01
   9.18529157e-01  9.24533722e-02 -5.19289995e-01 -1.35274769e+00
   2.97070533e-01  1.86841412e-01]
 [ 2.79648313e-01 -4.93723580e-01 -8.69377051e-02  2.95168092e-02
  -1.32645419e+00  1.74417436e+00  7.04077501e-01  6.16161535e-01
  -1.02249912e+00  3.40627856e-01]
 [-2.33038625e-01 -1.45980937e+00 -5.87685005e-01 -4.66491482e-01
  -4.38067925e-01  1.16988634e-01 -9.71037190e-02 -4.03833041e-02
   6.67806189e-01  1.97519283e-01]
 [ 8.89761500e-02  3.75325453e-01 -4.25292366e-01 -5.90542801e-01
   1.79406180e+00  4.83164283e-01 -2.67587133e-01 -1.72479157e+00
   3.76849722e-01  1.11510271e-01]
 [ 2.45148771e-01 -9.28886478e-02 -6.13690799e-01  2.27252032e-01
   2.98573693e-02 -1.15660822e+00 -9.23693050e-01  2.08075139e-01
  -8.43025756e-03  8.94615255e-01]
 [-8.51224552e-02  8.27324106e-02  2.04445560e-02 -2.75028494e-01
   1.84836776e+00  9.95548741e-01  3.20252617e-02 -1.11472296e+00
   3.62702251e-01  6.94718492e-03]
 [-1.68991340e-01 -2.63644270e+00  3.98262936e-01 -6.39680174e-01
  -5.12408946e-01 -1.02351658e+00  7.08457451e-02  1.00464067e+00
  -4.84297201e-01 -1.90285844e-03]
 [ 3.24105862e-01  1.01505782e+00  5.19842150e-01  8.37782622e-02
  -7.46728117e-01  2.03991075e-01 -9.75146269e-01 -3.42942566e-02
  -1.45702473e+00 -9.53295085e-01]
 [-1.63648507e+00 -7.31593068e-01  3.56419994e-01 -6.26505591e-02
  -5.18634309e-01 -9.15726634e-01  2.59966904e-01  6.78249330e-01
  -5.57976954e-01  5.78058513e-01]
 [-6.47879672e-01 -2.26566504e+00  4.03829617e-01 -7.41532320e-01
  -2.63500179e-03 -9.40638255e-01 -4.39341956e-01 -4.78963564e-01
  -9.45560743e-01 -1.42363561e-01]
 [ 4.12144325e-01  7.22155738e-01 -7.73735522e-01 -8.12184715e-01
   1.32135843e+00  7.31053151e-01 -3.33302464e-01  4.63028239e-01
  -5.05797764e-01  1.15899152e-01]
 [ 2.56972226e-02  1.54942016e+00 -9.62551382e-01 -9.85340777e-01
   1.13478601e+00  7.43802397e-02 -5.99035577e-01  4.48607789e-01
   2.42863607e-02  6.72260757e-01]
 [-1.00427541e-01  6.47061000e-01 -6.83611858e-01 -1.33170626e+00
   7.19852739e-01 -7.34000832e-01 -6.53229309e-01 -7.60772730e-01
   1.43798507e+00  2.61960846e-01]
 [-2.07559146e-01  4.49381477e-01  7.01460689e-01  1.12345415e+00
  -9.77872848e-01 -8.30146093e-01 -5.64519896e-01  1.61936186e+00
  -4.32148158e-01 -1.53140225e-01]
 [-4.84727362e-01 -6.19936002e-01  5.84520701e-01  7.42468415e-01
   1.26297657e-01  8.62746771e-01 -7.11753468e-01  1.04269784e+00
  -2.52806528e+00 -1.06623156e+00]
 [ 4.21291712e-01  7.76349312e-01  9.15747629e-01  2.44584262e-02
  -1.16977945e+00 -9.77206215e-01  9.46127807e-01  4.51961399e-01
  -1.31305704e+00  1.38145761e-02]
 [-1.21072349e+00 -8.63265526e-01  1.77546599e+00 -3.06046569e-01
   5.92781542e-01 -2.20989789e+00  1.04723607e+00 -2.83694584e-01
   9.69708096e-02 -8.91048012e-01]
 [-2.72162974e-01 -1.91528356e-01 -4.95910564e-02 -7.97009214e-02
  -1.06280900e+00  3.73392479e-01 -5.96399244e-01  4.62936395e-01
  -1.79788423e+00  6.66731936e-01]
 [-1.07398758e-03 -1.06677294e+00 -4.33363318e-01  5.24812235e-01
  -1.25667459e+00 -1.39922354e+00  1.87388877e-01  3.03123966e-01
   6.32349420e-01 -3.59673634e-01]
 [-2.85368829e-01 -5.88481757e-02  1.51641509e+00 -1.24449658e+00
  -4.48614625e-02 -1.29238209e+00  4.85856260e-01  6.77911485e-01
  -4.66587032e-01 -8.75392580e-01]
 [-4.91829409e-01  5.29189450e-01  1.10001954e+00 -5.45230896e-01
   8.10562795e-02  2.80744551e-01  2.20102120e-01  7.23839759e-01
  -1.38404192e-01 -3.87905460e-01]
 [ 1.53527457e-02 -1.46521648e+00  3.18774148e-01  4.98426715e-01
   1.58397223e-01 -2.08227540e+00  1.32620706e+00  1.22570809e+00
  -1.44284672e-01  8.48129599e-02]
 [ 6.82879290e-01  2.63940513e-01 -1.38570920e+00  8.73253964e-01
  -2.62264869e-01 -1.25910289e+00  4.17530991e-01  2.13015491e+00
  -6.91498986e-01 -4.89431424e-02]
 [-3.82274652e-01 -1.32898283e+00  5.22247840e-01  1.16464170e+00
  -1.01312534e+00 -1.56539860e-01  9.48622134e-01  1.86086109e+00
  -7.32421980e-01  9.26699349e-01]
 [-1.83155376e+00 -2.88554683e-01  2.41343822e-01  1.37215879e+00
   1.08767839e+00  8.32117514e-01  2.22342935e+00 -2.07929379e-01
  -1.37954769e+00 -8.18860552e-01]
 [-2.36817238e-01  1.05150741e-01  4.90564847e-01  9.58149936e-01
  -1.51175279e-01 -1.74366569e+00 -5.04113838e-01  1.45691814e+00
  -7.04431008e-01 -1.28257424e-01]
 [-8.13844271e-02 -1.42019808e+00 -5.60120084e-01  1.30568950e-01
   4.64982627e-01 -6.25439773e-01 -1.13598142e-01 -6.26101837e-02
  -9.76921801e-01  8.67854160e-02]
 [-5.94780066e-01 -9.21051316e-01 -4.65388232e-01  1.08277202e+00
  -8.40554657e-01 -7.64974975e-01  5.42374151e-01 -1.34186408e+00
  -1.91115782e+00 -2.15672625e-01]
 [-3.07061820e-01 -3.54857347e-01  1.83934638e+00 -9.51889569e-02
   1.07791474e+00 -1.82940878e+00  1.04406094e+00  9.41207445e-01
  -2.38956756e-03 -3.19618792e-01]
 [-6.60193051e-02 -1.02867726e+00 -1.17958845e+00  6.10960430e-01
  -7.82980400e-01 -1.74575029e+00 -2.25529725e-02 -2.93415612e-01
  -8.62679418e-02 -2.74762896e-01]
 [ 1.05441008e-01 -1.37602699e+00  4.30099641e-01  1.72538173e+00
  -1.12833635e+00 -2.38322255e-01 -1.79055024e+00  4.89743786e-01
  -1.93236460e+00  2.00037146e-01]
 [-1.80710360e+00  9.35460941e-01 -2.06773325e-01  6.58071788e-01
  -1.34753168e+00 -2.03444149e+00  2.66221904e-01 -9.72195583e-03
  -2.08547337e+00  5.30922141e-01]
 [-2.42190718e-01  6.35132141e-01  5.74037173e-01 -2.25081126e-01
  -5.15536163e-01 -9.42279709e-03 -2.89933357e-01  7.57370712e-01
  -1.34669583e+00 -5.12384610e-01]
 [-1.95804017e-01 -8.60819992e-01 -8.13661660e-01  8.43387557e-01
  -1.13708141e+00 -3.06496005e-01 -5.67214230e-01  4.12201402e-01
  -1.45202091e+00 -5.54357462e-01]
 [-6.00648161e-01 -1.46058723e+00  2.49972180e-01 -2.08209723e-01
  -1.18977677e+00 -7.33525585e-01  5.66167284e-02 -7.72031399e-02
  -1.80819084e-01 -3.90067997e-01]
 [ 2.22208526e-01 -1.05848253e+00 -8.79873358e-02  3.97545940e-01
  -4.51338484e-01  1.05404773e+00  2.78941166e-01 -3.13427151e-01
  -2.16494463e+00  2.52704379e-01]
 [-9.86662254e-01 -3.76187730e-02  4.44308668e-01  1.17034144e+00
   1.85280640e+00 -1.69364643e-01  1.94525955e+00 -9.33343448e-01
  -6.24641032e-01 -7.66569976e-01]
 [ 3.60208261e-01 -7.51511341e-01  4.57521399e-01  1.13275417e+00
   8.51990830e-02  1.80280899e-02  3.68620034e-02 -6.69348761e-03
  -1.14528357e-01 -5.03834803e-01]
 [-4.22859825e-01 -7.39663621e-01  2.35734335e-01  1.51304992e+00
   1.38516411e+00 -3.92075554e-01  2.32535128e+00 -1.07748049e+00
  -1.77592422e-01 -7.17248506e-01]
 [ 9.54860329e-02 -1.17766949e+00 -9.77940295e-02 -1.69350360e-01
   7.17405343e-02  2.32702076e-01  6.92918673e-02  6.64127361e-01
  -1.04890447e+00 -2.13437813e-01]
 [-4.26006539e-01 -4.54581775e-01  4.83607544e-01  6.41322959e-01
  -1.14191712e+00  8.72833224e-01  4.12359473e-01  8.74843706e-01
  -3.98793558e-01  1.38112299e-01]
 [ 2.45131631e-01  2.82751286e-02 -1.22760717e-01  1.47754540e-01
   2.36676341e-01  6.65567870e-01  9.63526242e-01  3.72187071e-01
   3.19493940e-01  1.07931425e-01]
 [-4.95302358e-02  5.62769010e-01 -3.63481828e-01 -7.58339714e-01
   8.87856009e-01 -1.26873687e+00  1.76147057e-01  8.62463303e-01
   2.87336040e-01  9.28189053e-02]
 [-2.17885559e+00  2.80148108e-01 -3.58053833e-02  1.72595981e-01
  -8.46837896e-01  2.42439208e-02 -1.13834741e+00 -4.50227357e-01
   1.32071567e+00 -5.43868855e-01]
 [ 1.02237105e+00 -4.61608117e-01 -2.91148926e-01  3.59208580e-01
   1.54636249e-01  7.92424685e-01  4.60309775e-01 -1.74367483e+00
   1.52252874e+00  2.47494276e-01]
 [ 1.20136175e-01 -1.29537841e-01 -4.57254829e-01  3.22798315e-01
  -2.17256603e-01  1.35315816e+00 -8.16370658e-01 -8.67636173e-02
   1.23258233e+00 -6.10156679e-02]
 [ 9.98578508e-01 -2.48026201e-01 -5.06362532e-01  2.27799403e-01
  -2.04610406e-01  8.73890360e-01 -1.67693678e-01 -3.69634802e-01
   8.91452220e-01 -2.75101648e-01]
 [ 4.53604119e-01 -1.57412656e-01  1.27589909e-02 -9.95680007e-02
  -2.14466948e-01  2.23596727e+00 -6.51741602e-01 -3.06121615e-01
  -5.52438526e-02 -1.59132179e-01]
 [-7.79882129e-01 -2.20260009e-01 -1.25192462e+00 -8.24226144e-02
  -7.00072013e-01  1.50590301e-01 -1.72520390e+00 -6.70341477e-01
   1.94728957e+00 -5.10483066e-01]
 [ 1.39398588e+00  1.43052333e-01 -3.39096983e-01  3.13246695e-01
   2.12578586e-01  1.81730529e+00 -6.44085745e-01 -1.69728388e-01
   6.05422269e-01  2.55713154e-01]
 [ 1.34152004e+00  1.68924527e-01 -9.72328190e-02  4.36493438e-01
  -1.71484413e-01  1.93289800e+00 -2.39463641e-01 -7.03131722e-01
  -1.16965622e+00  6.68110370e-02]
 [-1.51606090e+00 -6.33537554e-02 -2.64262861e-01 -4.74349002e-02
  -9.90391943e-01  8.92068037e-02 -8.52227983e-01 -9.17912232e-01
   2.70369038e+00 -2.50860094e-01]
 [ 2.38274880e+00 -3.94154368e-01 -8.53189755e-01 -5.90454513e-01
   6.33487754e-01  3.75855737e-01 -1.86435146e+00  5.88570724e-01
  -4.55391520e-01  1.82751199e-01]
 [ 3.42434166e-01  6.06201466e-01 -2.60570504e-01  4.35825925e-01
   4.17842034e-01  2.01953987e+00 -5.23250759e-01 -1.08174374e+00
  -2.59662819e-01 -4.16823719e-01]
 [ 4.30354251e-01 -3.40360737e-01 -6.38379454e-01  4.64436605e-01
   1.52835699e-02  2.30742917e+00 -1.17050748e+00 -6.91232318e-02
   7.33763014e-01  4.82544102e-02]
 [ 8.32140447e-01  5.85897495e-01 -5.69417304e-01  2.77211783e-01
  -5.79206250e-01  8.81471641e-01 -3.74243241e-02 -7.22290352e-01
   1.44068632e+00  2.79669434e-02]
 [ 7.92541247e-02  6.05194430e-01 -9.70571568e-02 -1.96711810e-01
  -8.58466314e-02  1.62825057e+00 -9.13369402e-01 -1.11728843e+00
   1.14778446e+00 -4.62608329e-01]
 [-1.36282857e+00  4.88486640e-01  3.52789409e-01 -9.83525816e-04
  -8.65995495e-01  6.21444046e-01 -1.32187693e+00  4.97365523e-01
   1.78992229e+00 -6.99784829e-01]
 [ 7.38697021e-01  6.25806943e-01 -2.27575846e-01  2.59924722e-01
  -4.97162724e-01  9.52454677e-01  8.23722670e-02 -1.44824589e+00
  -7.76029544e-01 -2.02979014e-01]
 [-2.89756270e-02  1.43404947e-01  2.50947626e-01  1.30874638e-01
  -2.06004359e-01  2.72060565e+00 -9.52766533e-01  1.05624703e+00
   2.10369023e+00  4.15353047e-01]
 [ 6.92130387e-01  7.15825806e-02 -3.68614883e-01 -2.79152043e-01
  -6.91783155e-01  2.05697819e+00 -4.34024321e-01 -9.34983632e-01
   1.04679195e+00 -1.83591540e-01]
 [ 6.46330956e-01  8.07774183e-01 -7.17883742e-01 -3.50526959e-01
   3.57679104e-01  1.24879241e+00 -1.14726690e+00 -3.20525578e-01
  -5.69166528e-01 -9.70174917e-02]
 [-1.16751295e+00  1.97507640e-01 -2.10612912e-01  4.03440475e-01
  -1.13099100e+00  9.11686441e-01 -9.74358123e-01  5.36057220e-01
   2.28659019e+00 -5.47526581e-01]
 [ 8.81187950e-02  4.44781150e-01 -1.26778409e-01 -1.62289376e-01
  -2.71571101e-02 -1.07138344e+00 -1.96675723e-01  1.01148058e+00
   1.78321999e-01 -1.78239130e-01]
 [ 1.47986124e+00  2.13114017e-01 -5.29733182e-01  4.92781817e-02
   4.22568201e-02  5.70857922e-01 -8.55596945e-01 -2.68692470e-01
  -8.55170869e-01  3.72937803e-01]
 [-2.07783450e-01  4.86589139e-01 -6.97468895e-01 -5.51247675e-01
  -1.56420808e-01  1.53767106e+00 -5.02348924e-01  6.93702658e-02
   8.00002717e-01 -4.55350257e-01]
 [ 3.29943063e-01 -9.20501783e-02 -1.97535876e-01  4.59092899e-01
   1.57458231e-03  1.02732550e+00 -6.57989050e-01 -1.21065303e+00
  -4.39544055e-02 -1.68391008e-01]
 [ 9.90749605e-01  8.12322087e-01  2.97334667e-03  6.89790122e-01
   5.00290591e-01  1.55798977e+00 -7.65941323e-02 -1.47394884e+00
  -7.91744249e-01  5.18569377e-01]
 [ 5.01554278e-01 -5.78250092e-01 -2.04127746e-01 -5.52697862e-01
   3.87980245e-01 -4.90703428e-01 -3.39171417e-01 -6.24957013e-01
   3.24781892e-01 -2.37758208e-01]
 [-1.15727262e+00 -1.14590248e+00 -2.38155777e-01  9.67017609e-02
   2.50755786e-02 -5.81003218e-01  4.24680279e-01 -7.83723959e-01
  -7.72774517e-01 -5.75583454e-01]
 [-1.89706770e+00  1.58708087e-01 -6.54049712e-01  7.01582086e-02
  -1.27978342e+00  6.21693768e-01 -1.94599241e+00 -4.45942878e-01
   6.28150235e-01 -5.39839246e-01]
 [-1.53807844e+00  1.34906195e+00 -8.20022890e-01 -2.24871828e-01
  -4.03438690e-01  1.85114137e-01 -2.04596888e+00 -2.04959758e+00
   1.19778793e-01  5.42013919e-01]
 [ 6.05937996e-01  4.39068061e-02 -1.88297837e-02 -8.24440813e-02
  -7.18435295e-01 -5.63856788e-01  4.39850051e-01  2.96245651e-02
   6.65245574e-01  2.93603471e-01]
 [-5.20623780e-01  4.67999107e-02 -1.14649550e+00 -3.76296683e-01
   6.84653803e-02 -1.85067350e-01 -1.90299857e+00 -2.10767357e+00
  -2.58944082e-01 -4.14732701e-01]
 [-6.76274967e-01  5.06490812e-01 -5.26805638e-01 -4.42679624e-01
  -2.17179071e-01  1.10359110e+00 -1.41810399e+00 -8.48845164e-01
   1.69633853e+00 -1.15178007e-01]
 [ 3.25187502e-01  1.48752811e-01 -1.00195683e+00 -1.10483224e-01
   4.61770614e-01 -1.17932233e+00 -9.70746532e-01 -7.23400077e-01
   1.07376816e-02  1.40620820e-01]
 [ 4.76439131e-01  3.68202741e-01  3.98622857e-01  1.56988515e-01
  -7.00976415e-01  9.93953802e-01  1.27735039e+00  5.52899104e-01
   6.64102719e-01  2.27744744e-02]
 [ 6.87630157e-01 -5.43287751e-02 -4.52241070e-01  6.01496339e-01
  -3.49354405e-01 -3.17542443e-01  5.77494479e-01  3.64198286e-01
  -5.80139798e-01 -3.54731601e-02]
 [-1.44784244e+00 -1.00048925e+00 -6.15797952e-01  2.50946594e-01
  -9.54870757e-01 -1.29637314e+00  2.68108107e-01 -1.08917696e+00
  -2.22284733e+00  4.02124891e-01]
 [-3.93411679e-01  9.55724033e-02 -1.67933967e-01 -4.60909412e-01
   2.16595722e-01  1.10122143e-01 -5.91757383e-01 -2.44104812e-01
   8.87104574e-01  3.05526256e-01]
 [-1.22496348e+00 -7.78821599e-02 -6.30299238e-01  1.42457839e+00
  -1.22441060e+00  7.64420397e-02 -3.12299940e-02  4.80572773e-01
  -2.39560978e+00  5.76794162e-02]
 [ 5.79180391e-01  5.46315423e-01  1.28979439e+00  9.37364844e-01
   4.65538337e-01  4.54539541e-01 -2.72371608e-01  1.00965609e+00
  -1.21163706e+00 -3.30775303e-01]
 [-7.41486566e-01 -1.71193357e+00  4.29406872e-01 -1.78150072e-01
  -8.26587156e-01 -1.66500472e+00  1.08097507e+00  3.93438582e-01
   4.29162060e-01  4.30246138e-02]]
bias_before_activation
[ 1.38520964  1.08149972  0.44260656  0.39967446  0.41468142  0.38682858
 -1.85226719 -3.67953588  3.03396338 -0.80111453]
out_logproba_bias
[ 0.19397641  0.72478208  0.18933631 -0.50630772 -0.47686824  0.07970098
  0.33093308  0.47869915  0.60747928 -2.10042933 -0.30562816 -0.79212497
  1.13887122  1.14166833 -0.80893618  0.54975282 -0.20227729 -0.35559827
 -0.3999689  -0.61403176 -0.97315698  0.03967165 -0.65730549  1.02200059
 -0.33629477  0.10647391  0.32091077  1.18304923 -0.28942886 -0.74731124
  0.64904211 -0.9655171  -0.96769398  0.24846526  0.60522354 -0.22835715
  0.10528149 -0.9510391  -0.4002004  -2.13501092 -0.19400903 -0.33208693
 -1.0153997  -0.78492303  1.1771838   2.69717226 -0.60654458  1.77889813
  0.27916348  1.30004566  3.30316393  0.58150258  1.40574897  1.39941888
  0.20677333  0.40137302  1.10507689  0.72962499  2.32038881  3.52950093
  2.00302214  0.7439697   1.79533833  3.0495052   1.35627273  0.81162936
  0.2787138  -0.94066237  1.40692871 -0.39962157  0.47382172 -0.89999689
  1.1983737   0.0758996  -0.23432955  0.3832791   0.30239164 -0.70749501
 -2.42253591  0.27197965 -0.01439258 -0.07213031 -0.21699581 -1.27287932
  0.41674203]
hid
[ 0.99942484  0.7418145  -0.99734492 -0.83589902  0.99929348  0.99995944
 -0.97585668 -0.99972852  1.          0.9999758 ]
loss_history
[227.56652369627562, 123.81938283099491, 88.2017728775334, 85.09128629205601, 91.62781734562361, 107.95077316329034, 98.50921743333105, 84.76069419033628, 77.85371526927291, 85.48319932613259, 75.91147946635446, 83.57787546989901, 83.58186849793843, 86.94646440711868, 78.94558073063999, 86.90101133172544, 79.00557403755678, 78.7404087244823, 85.99818158645947, 73.95018610108895]
proba_history
[array([1.97607993e-04, 2.31558805e-04, 1.61340480e-03, 2.28647043e-06,
       5.25143700e-05, 3.68372110e-04, 1.10635157e-03, 1.30765631e-04,
       2.47514245e-05, 1.97174388e-05, 3.15212574e-04, 3.76898128e-05,
       5.29636323e-05, 1.14247213e-03, 2.55817011e-03, 4.68978799e-04,
       1.19606613e-06, 1.07233982e-04, 5.06945352e-04, 3.91755257e-05,
       7.96659045e-05, 2.10279720e-04, 7.71990681e-05, 4.52320281e-05,
       3.29790826e-06, 9.36778039e-06, 2.21761291e-06, 6.91802619e-04,
       1.15388916e-05, 2.56141018e-05, 2.52008368e-04, 6.33244447e-05,
       2.02745044e-05, 4.27373611e-03, 1.41893274e-04, 1.27438799e-05,
       1.91817570e-04, 1.06299901e-06, 7.46539479e-06, 3.08771100e-06,
       4.78710946e-06, 2.99252296e-06, 1.06795295e-05, 8.05584401e-06,
       6.75790749e-04, 2.77465264e-01, 1.17483332e-04, 1.01385575e-03,
       6.16091098e-05, 8.78980073e-05, 1.42545720e-01, 4.86378465e-05,
       2.86189252e-05, 1.62547293e-01, 1.17143629e-05, 6.26630143e-05,
       9.19079655e-05, 8.40787843e-04, 7.70203145e-03, 1.96909831e-01,
       7.07990789e-04, 3.17491738e-04, 7.98120155e-04, 1.34122805e-03,
       9.79057897e-03, 5.18986725e-04, 4.60460786e-05, 3.95007867e-05,
       5.99128750e-04, 4.35907532e-05, 2.75234911e-04, 2.69044955e-05,
       2.51444896e-02, 1.40435862e-01, 2.76591567e-04, 5.23906645e-03,
       7.04309502e-03, 4.09740064e-04, 2.78490533e-06, 2.19913405e-05,
       2.54471351e-04, 1.01788388e-03, 1.89597529e-05, 4.39279468e-06,
       2.87248797e-04]), array([3.57198051e-02, 5.38088968e-02, 4.51184163e-03, 2.05382268e-05,
       8.22152596e-04, 1.72454883e-02, 5.98231625e-05, 2.70436847e-02,
       5.56429867e-04, 6.57469855e-06, 3.12050569e-05, 1.11922227e-03,
       1.22835159e-03, 5.07175017e-04, 1.63267530e-03, 5.51712363e-06,
       6.37281254e-05, 8.95244629e-07, 3.62921944e-04, 1.08349810e-05,
       8.80650639e-06, 2.01646519e-04, 1.69519439e-04, 1.58885497e-05,
       1.10301134e-07, 2.54184160e-06, 6.76561719e-05, 1.08011432e-05,
       1.20801677e-04, 5.02232793e-06, 1.85818870e-04, 5.34792889e-06,
       8.50477676e-06, 2.46016993e-07, 5.19384033e-05, 7.74613902e-06,
       2.54746972e-04, 2.36674522e-05, 1.16860352e-04, 2.26813589e-05,
       8.50037943e-05, 1.14624951e-04, 1.36278745e-05, 5.26373943e-05,
       1.83742453e-04, 4.41493585e-02, 2.40583449e-03, 1.76376403e-02,
       1.14761622e-03, 1.59148552e-02, 2.14645682e-01, 2.86587723e-03,
       1.12755333e-03, 5.32840339e-02, 7.64469390e-04, 4.02030115e-03,
       1.94087631e-02, 1.04685522e-03, 1.71951382e-01, 1.39819654e-01,
       1.26547319e-03, 2.94660391e-02, 4.20087235e-02, 1.57459041e-02,
       9.19449801e-03, 5.75680692e-05, 1.58881679e-04, 9.04659507e-04,
       7.89072782e-03, 2.73786674e-04, 2.42252385e-03, 1.36078124e-04,
       9.27237960e-03, 3.05157735e-03, 3.88991084e-05, 9.36392725e-03,
       3.00335881e-02, 9.64330779e-05, 5.07132353e-06, 9.48197146e-06,
       9.45378124e-06, 1.80705354e-03, 7.62632483e-07, 1.11545494e-05,
       9.77267638e-05]), array([8.41401747e-03, 1.85201262e-01, 5.65571935e-03, 1.90534054e-05,
       5.68248529e-05, 3.91528119e-02, 2.17779592e-04, 2.71186743e-02,
       4.92351458e-06, 1.33019107e-05, 2.11954612e-06, 7.85492231e-06,
       7.38181840e-03, 1.56547804e-02, 5.21871054e-03, 6.81218927e-06,
       2.39011237e-06, 6.11726012e-06, 5.28047579e-06, 1.23975474e-05,
       7.22029923e-07, 3.88580130e-05, 1.27482511e-04, 1.53062947e-06,
       3.12338474e-07, 5.98809159e-07, 1.04955694e-06, 7.41750554e-06,
       9.63058281e-06, 2.92115551e-07, 5.16599300e-05, 4.42995006e-07,
       1.16580104e-06, 1.85515308e-07, 4.97737840e-05, 4.87399946e-07,
       4.94232179e-06, 7.00530504e-06, 9.92240146e-06, 4.90960570e-06,
       4.98230802e-06, 1.19478143e-05, 4.10955996e-06, 8.37625052e-05,
       4.55492571e-04, 1.40093455e-03, 5.76177229e-03, 1.28965641e-02,
       1.69230383e-03, 1.62431126e-02, 1.77477417e-02, 3.11636454e-02,
       9.32131151e-03, 3.50454638e-03, 1.08115358e-02, 8.64074203e-03,
       1.74334138e-02, 7.65370946e-03, 2.40055149e-01, 1.61241808e-02,
       6.53762756e-03, 6.09095484e-02, 7.95582964e-02, 1.06451026e-01,
       9.84303785e-04, 9.48956424e-05, 2.50283092e-03, 6.56245155e-04,
       7.32118012e-03, 8.27013019e-03, 1.15170259e-03, 1.56467939e-06,
       3.17958497e-04, 6.14465475e-03, 1.32939410e-04, 2.05660962e-03,
       1.94395062e-02, 1.89101626e-04, 1.82074044e-05, 1.82420104e-05,
       3.55928012e-07, 1.71710761e-03, 1.10114811e-07, 4.18273462e-05,
       2.03040585e-06]), array([8.66278062e-03, 5.45883502e-02, 1.09995085e-02, 3.55477695e-06,
       5.35427373e-05, 1.67194665e-02, 1.12679218e-04, 6.45871635e-03,
       4.84453059e-07, 1.00446781e-06, 6.79773984e-06, 2.02884942e-06,
       3.71386032e-03, 3.10377334e-02, 6.69171580e-03, 9.54713920e-07,
       4.61879276e-07, 1.83489670e-07, 4.23613807e-07, 6.86445293e-06,
       4.06276462e-07, 1.06511302e-06, 1.28755991e-05, 1.51706790e-07,
       3.31951343e-07, 1.05279538e-07, 5.40222104e-06, 1.35927534e-06,
       5.74817149e-06, 5.52350283e-07, 6.44154865e-07, 1.10158841e-06,
       9.26756119e-08, 4.21829087e-06, 9.23796448e-06, 8.43375011e-07,
       2.24108403e-06, 1.13813484e-06, 6.31692783e-06, 2.21180332e-07,
       1.36998730e-06, 2.32579390e-06, 1.06198209e-06, 1.67800718e-05,
       2.78513778e-04, 3.69593616e-02, 3.00676656e-04, 6.28823195e-03,
       1.53938944e-04, 1.64668858e-03, 2.46751031e-01, 9.67530371e-04,
       2.15795784e-04, 3.55179240e-02, 1.03969076e-04, 2.04572527e-03,
       5.83313039e-03, 1.42242918e-03, 7.59565140e-02, 4.22347304e-02,
       7.66501443e-04, 1.10123626e-02, 1.16982029e-02, 3.50047814e-02,
       4.84993802e-03, 3.09787821e-05, 9.96565154e-05, 1.11922711e-03,
       1.41896689e-03, 3.44127108e-04, 1.37739239e-04, 4.93300862e-06,
       1.56545641e-02, 2.44730965e-01, 1.24535713e-05, 1.35420097e-02,
       6.22036264e-02, 1.74042733e-04, 1.06386751e-06, 3.03822669e-06,
       4.89311918e-06, 1.37063014e-03, 1.28425578e-06, 3.32996327e-07,
       7.86611397e-07]), array([6.63936916e-03, 7.03900590e-03, 1.16743306e-03, 2.35383984e-05,
       7.62854126e-04, 6.04547447e-03, 5.74443833e-05, 3.56548142e-03,
       1.18313638e-04, 3.84815345e-06, 6.80538350e-07, 9.94654198e-05,
       1.55996918e-03, 4.19763172e-04, 1.09038078e-03, 8.41045158e-07,
       7.73024273e-06, 2.32732205e-07, 1.51883040e-06, 3.81401194e-06,
       1.76627699e-05, 6.31808282e-06, 5.88010804e-06, 3.44561506e-06,
       1.50476868e-06, 2.54376527e-07, 1.37116558e-06, 1.48944965e-06,
       8.77985952e-05, 3.55700578e-06, 1.36130690e-06, 2.70425636e-05,
       2.83734749e-06, 1.74070469e-08, 9.11850575e-06, 2.36507114e-05,
       6.66544118e-05, 1.67591929e-05, 3.42631387e-06, 8.43690277e-06,
       9.85297275e-06, 6.80997288e-05, 2.19156047e-06, 3.11970002e-05,
       7.74452346e-05, 1.87515573e-03, 5.34136468e-03, 2.08389052e-02,
       5.62279880e-03, 1.37997979e-02, 4.73981716e-01, 1.06795358e-02,
       3.49133364e-03, 7.80746787e-03, 2.22091178e-02, 3.99142143e-03,
       4.00864954e-02, 4.63911398e-03, 1.17068276e-01, 1.00270969e-02,
       2.95260302e-03, 6.23310097e-03, 1.28045865e-01, 4.48280705e-02,
       2.48072787e-03, 3.54933938e-05, 9.44492911e-04, 1.24836179e-03,
       7.49813742e-03, 2.42177997e-04, 2.55152610e-03, 2.33590738e-05,
       2.09094619e-03, 5.21739680e-04, 4.56532969e-05, 1.55484430e-02,
       1.34590406e-02, 2.45678020e-04, 2.81044979e-06, 2.65380371e-05,
       2.03324093e-06, 4.17381823e-04, 3.09321524e-07, 9.45202105e-07,
       1.04361971e-05]), array([7.36382114e-03, 1.33718836e-01, 6.78690205e-03, 1.04782333e-05,
       7.03664734e-05, 4.05311846e-02, 3.43213678e-04, 1.25488482e-02,
       8.61803502e-07, 2.56591179e-06, 4.95695192e-07, 1.37448834e-06,
       1.44366843e-02, 4.45809132e-02, 7.81900535e-03, 1.05947799e-06,
       4.14523589e-07, 5.53262932e-07, 8.33865684e-08, 6.31837917e-06,
       7.90963368e-07, 8.95567539e-07, 7.43681944e-06, 4.07990132e-07,
       2.39886473e-06, 1.19203277e-07, 4.07763833e-07, 1.65833638e-06,
       1.26123211e-05, 3.77495343e-07, 7.77003508e-07, 2.01974193e-06,
       2.91847492e-07, 1.53566650e-07, 8.15617185e-06, 1.15661298e-06,
       1.30244573e-06, 3.97937838e-06, 2.61154902e-06, 1.14635648e-06,
       1.95270807e-06, 6.32309061e-06, 8.50704652e-07, 5.31933536e-05,
       4.10178906e-04, 7.43783750e-04, 5.00167501e-03, 1.52797391e-02,
       2.16348398e-03, 7.43664378e-03, 8.63569233e-02, 3.02465912e-02,
       5.84488843e-03, 2.70721755e-03, 2.31051018e-02, 7.62066846e-03,
       2.93050122e-02, 1.16487241e-02, 1.39560367e-01, 4.05225637e-03,
       5.23739393e-03, 1.87665251e-02, 7.33111429e-02, 1.97894218e-01,
       7.46534463e-04, 5.85436722e-05, 3.33896483e-03, 1.11399423e-03,
       5.46886095e-03, 4.70383695e-03, 7.28967877e-04, 1.12932428e-06,
       5.20848690e-04, 1.43350209e-02, 6.57837529e-05, 8.04841592e-03,
       2.41417654e-02, 5.99819897e-04, 4.38211261e-06, 2.27040699e-05,
       5.32372447e-07, 1.06961223e-03, 2.13515313e-07, 2.15015760e-06,
       3.83276498e-07]), array([1.30956975e-02, 8.12201298e-02, 1.26010752e-02, 3.15157888e-06,
       5.15975612e-05, 2.19978486e-02, 1.04924798e-04, 8.78060669e-03,
       4.63461804e-07, 9.86330063e-07, 6.27365806e-06, 2.07422785e-06,
       4.58499756e-03, 3.51702009e-02, 7.28926126e-03, 8.52884649e-07,
       5.25610513e-07, 1.64574041e-07, 5.10726950e-07, 5.79454577e-06,
       3.59941640e-07, 1.17012825e-06, 1.40962113e-05, 1.61586039e-07,
       3.31829450e-07, 9.13051396e-08, 7.53708649e-06, 1.34068503e-06,
       6.24574709e-06, 5.23459177e-07, 7.98414470e-07, 1.02258021e-06,
       7.67529014e-08, 3.43042090e-06, 9.22145871e-06, 7.66138472e-07,
       2.02176167e-06, 1.11851033e-06, 9.50656800e-06, 2.42050320e-07,
       1.94201545e-06, 2.49559227e-06, 9.59874094e-07, 1.85894065e-05,
       3.19960376e-04, 3.45347326e-02, 3.21321314e-04, 6.34752753e-03,
       1.60049287e-04, 1.70580712e-03, 2.30550731e-01, 1.02228319e-03,
       2.22622818e-04, 3.21150624e-02, 1.10105180e-04, 2.35806798e-03,
       6.04932413e-03, 1.37883868e-03, 8.05583660e-02, 3.99307073e-02,
       7.68397183e-04, 1.09200000e-02, 1.14144065e-02, 3.78450320e-02,
       4.43778140e-03, 3.17913940e-05, 9.93665325e-05, 1.18848884e-03,
       1.48743363e-03, 3.75895882e-04, 1.50901441e-04, 5.40547366e-06,
       1.35650315e-02, 2.17916630e-01, 1.15232988e-05, 1.37998668e-02,
       6.16921336e-02, 1.81681934e-04, 1.05857923e-06, 3.05641786e-06,
       4.28740415e-06, 1.41089790e-03, 1.12661764e-06, 3.77605002e-07,
       7.34242852e-07]), array([5.17191515e-03, 4.99946580e-03, 1.01453643e-03, 2.66923950e-05,
       7.58904991e-04, 4.73935337e-03, 5.47273280e-05, 2.77376256e-03,
       1.16735557e-04, 4.09058129e-06, 6.94612167e-07, 9.23530238e-05,
       1.30005034e-03, 3.61402858e-04, 9.71368420e-04, 9.15149904e-07,
       7.23454949e-06, 2.65159629e-07, 1.36744860e-06, 4.14797286e-06,
       1.95585765e-05, 6.17663501e-06, 5.69957103e-06, 3.24640559e-06,
       1.51654753e-06, 2.74979376e-07, 1.19113587e-06, 1.46157839e-06,
       7.84695955e-05, 3.77302410e-06, 1.16641786e-06, 2.82499722e-05,
       3.00801069e-06, 2.01485573e-08, 9.44858821e-06, 2.56745926e-05,
       7.26452232e-05, 1.68824943e-05, 2.71929471e-06, 7.98869100e-06,
       8.21116850e-06, 6.41689097e-05, 2.42429193e-06, 2.97056978e-05,
       6.81953850e-05, 1.98965632e-03, 5.06535468e-03, 2.04571084e-02,
       5.54298022e-03, 1.35624591e-02, 4.86838727e-01, 1.00254304e-02,
       3.44868781e-03, 8.40907103e-03, 1.93763106e-02, 3.68884463e-03,
       3.79880922e-02, 4.85461687e-03, 1.14353875e-01, 1.06762626e-02,
       3.06591220e-03, 6.12834181e-03, 1.34044219e-01, 4.15590224e-02,
       2.72444385e-03, 3.46327362e-05, 9.03601834e-04, 1.23332199e-03,
       7.18901733e-03, 2.23579317e-04, 2.32668259e-03, 2.22367431e-05,
       2.30934642e-03, 5.28676862e-04, 4.84227064e-05, 1.46057316e-02,
       1.32545245e-02, 2.23041275e-04, 3.01997034e-06, 2.69366959e-05,
       2.17664011e-06, 3.91576522e-04, 3.45843610e-07, 8.70341759e-07,
       1.09810259e-05]), array([7.36922762e-03, 1.32364277e-01, 6.73535406e-03, 1.09799258e-05,
       7.81487503e-05, 4.03856741e-02, 3.56009504e-04, 1.27360270e-02,
       1.02336236e-06, 2.48920124e-06, 5.28040945e-07, 1.60067829e-06,
       1.40703371e-02, 4.13754681e-02, 7.63055314e-03, 1.07080434e-06,
       4.45236180e-07, 5.36774120e-07, 8.88288756e-08, 6.55587748e-06,
       8.64775393e-07, 9.04788177e-07, 7.31987281e-06, 4.53160942e-07,
       2.42939597e-06, 1.32517595e-07, 4.23387302e-07, 1.70742157e-06,
       1.40609726e-05, 4.10359423e-07, 8.05028154e-07, 2.20850378e-06,
       3.33407013e-07, 1.49209528e-07, 8.03055128e-06, 1.25980060e-06,
       1.44837778e-06, 4.34070398e-06, 2.67172042e-06, 1.23906311e-06,
       2.08384322e-06, 6.91930865e-06, 8.96587589e-07, 5.40247559e-05,
       4.02318552e-04, 7.55128524e-04, 5.25752123e-03, 1.58852485e-02,
       2.25271108e-03, 7.70285891e-03, 9.04647827e-02, 3.09039730e-02,
       5.95222050e-03, 2.79320930e-03, 2.43678307e-02, 7.57767494e-03,
       3.09705949e-02, 1.15379196e-02, 1.38281044e-01, 4.06223698e-03,
       5.16969781e-03, 1.91808478e-02, 7.46549408e-02, 1.93807472e-01,
       7.62547788e-04, 5.83043538e-05, 3.39350129e-03, 1.10469536e-03,
       5.67378902e-03, 4.61744831e-03, 7.69112452e-04, 1.23343175e-06,
       5.35050741e-04, 1.36928826e-02, 6.68268501e-05, 8.28527407e-03,
       2.40877890e-02, 6.11516978e-04, 4.35177449e-06, 2.33359817e-05,
       5.77825188e-07, 1.08721197e-03, 2.22446709e-07, 2.15284012e-06,
       4.29715324e-07]), array([1.29208823e-02, 8.15706087e-02, 1.26348952e-02, 3.16112598e-06,
       5.16761457e-05, 2.20157814e-02, 1.06392044e-04, 8.76944316e-03,
       4.62384843e-07, 9.72283356e-07, 6.32272365e-06, 2.06683086e-06,
       4.58980209e-03, 3.55439596e-02, 7.31805734e-03, 8.50839891e-07,
       5.16786712e-07, 1.64256456e-07, 5.02364785e-07, 5.85358783e-06,
       3.57312771e-07, 1.15217193e-06, 1.39954652e-05, 1.61221763e-07,
       3.30978588e-07, 9.23823979e-08, 7.41383117e-06, 1.33757109e-06,
       6.24392762e-06, 5.20683179e-07, 7.92261219e-07, 1.01673292e-06,
       7.70547335e-08, 3.45771612e-06, 9.14440379e-06, 7.59122832e-07,
       2.00640125e-06, 1.12066902e-06, 9.35961683e-06, 2.39764210e-07,
       1.91168615e-06, 2.48277857e-06, 9.60377499e-07, 1.85728960e-05,
       3.20007086e-04, 3.42879686e-02, 3.21806612e-04, 6.34055358e-03,
       1.59145059e-04, 1.70070501e-03, 2.29038492e-01, 1.02559663e-03,
       2.22583609e-04, 3.20076008e-02, 1.10445398e-04, 2.34191252e-03,
       6.05456305e-03, 1.37792124e-03, 8.00006439e-02, 3.95509732e-02,
       7.65032501e-04, 1.09930529e-02, 1.13732641e-02, 3.78034721e-02,
       4.40334744e-03, 3.16787294e-05, 9.99000275e-05, 1.17979205e-03,
       1.48288791e-03, 3.78527503e-04, 1.50160890e-04, 5.34735353e-06,
       1.34821477e-02, 2.20357671e-01, 1.15543004e-05, 1.37320812e-02,
       6.16532888e-02, 1.82082818e-04, 1.05596594e-06, 3.04814909e-06,
       4.30855305e-06, 1.41726619e-03, 1.12700243e-06, 3.75361360e-07,
       7.32524263e-07]), array([5.21621286e-03, 5.05761877e-03, 1.01940464e-03, 2.65829484e-05,
       7.59063244e-04, 4.77857603e-03, 5.48183332e-05, 2.79744482e-03,
       1.16788219e-04, 4.08269209e-06, 6.94183653e-07, 9.25824037e-05,
       1.30814375e-03, 3.63260218e-04, 9.75219617e-04, 9.12653197e-07,
       7.25108515e-06, 2.64047306e-07, 1.37242702e-06, 4.13656012e-06,
       1.94933482e-05, 6.18211280e-06, 5.70626888e-06, 3.25317920e-06,
       1.51633838e-06, 2.74281893e-07, 1.19698157e-06, 1.46262344e-06,
       7.87680679e-05, 3.76591605e-06, 1.17261491e-06, 2.82104781e-05,
       3.00205527e-06, 2.00528081e-08, 9.43846373e-06, 2.56055065e-05,
       7.24400639e-05, 1.68794203e-05, 2.74090822e-06, 8.00393069e-06,
       8.26282152e-06, 6.43005093e-05, 2.41634242e-06, 2.97583601e-05,
       6.84945741e-05, 1.98585748e-03, 5.07482434e-03, 2.04710173e-02,
       5.54610890e-03, 1.35712595e-02, 4.86417940e-01, 1.00473782e-02,
       3.45042409e-03, 8.38875761e-03, 1.94651108e-02, 3.69898017e-03,
       3.80579253e-02, 4.84780854e-03, 1.14454176e-01, 1.06546836e-02,
       3.06243817e-03, 6.13216592e-03, 1.33850498e-01, 4.16679277e-02,
       2.71612000e-03, 3.46649419e-05, 9.04999133e-04, 1.23394946e-03,
       7.19965913e-03, 2.24203334e-04, 2.33402993e-03, 2.22752089e-05,
       2.30176645e-03, 5.28472954e-04, 4.83326612e-05, 1.46367999e-02,
       1.32621388e-02, 2.23777617e-04, 3.01319110e-06, 2.69264153e-05,
       2.17181627e-06, 3.92441405e-04, 3.44585745e-07, 8.72845601e-07,
       1.09631524e-05]), array([7.36828372e-03, 1.32405015e-01, 6.73719332e-03, 1.09604287e-05,
       7.78432182e-05, 4.03900738e-02, 3.55546629e-04, 1.27287712e-02,
       1.01681595e-06, 2.49212002e-06, 5.26792049e-07, 1.59162215e-06,
       1.40832314e-02, 4.14886383e-02, 7.63705960e-03, 1.07047623e-06,
       4.44091648e-07, 5.37345359e-07, 8.86139673e-08, 6.54703260e-06,
       8.61932619e-07, 9.04346242e-07, 7.32378952e-06, 4.51380429e-07,
       2.42831460e-06, 1.32000200e-07, 4.22782070e-07, 1.70570693e-06,
       1.40045536e-05, 4.09104515e-07, 8.03918452e-07, 2.20127246e-06,
       3.31828934e-07, 1.49371262e-07, 8.03511319e-06, 1.25590818e-06,
       1.44265401e-06, 4.32675783e-06, 2.66937722e-06, 1.23557195e-06,
       2.07876227e-06, 6.89610084e-06, 8.94851109e-07, 5.39911419e-05,
       4.02582601e-04, 7.54751456e-04, 5.24777304e-03, 1.58632638e-02,
       2.24937586e-03, 7.69298668e-03, 9.03161510e-02, 3.08807935e-02,
       5.94840074e-03, 2.79006806e-03, 2.43211860e-02, 7.57962968e-03,
       3.09097767e-02, 1.15421404e-02, 1.38332276e-01, 4.06210893e-03,
       5.17221499e-03, 1.91662816e-02, 7.46045842e-02, 1.93963722e-01,
       7.61998602e-04, 5.83127884e-05, 3.39160449e-03, 1.10502277e-03,
       5.66637830e-03, 4.62080940e-03, 7.67569720e-04, 1.22938065e-06,
       5.34569391e-04, 1.37173439e-02, 6.67855031e-05, 8.27696403e-03,
       2.40907582e-02, 6.11103185e-04, 4.35260946e-06, 2.33122344e-05,
       5.76070138e-07, 1.08655094e-03, 2.22126756e-07, 2.15287785e-06,
       4.27865788e-07]), array([1.29263510e-02, 8.15601692e-02, 1.26338866e-02, 3.16088002e-06,
       5.16744919e-05, 2.20153034e-02, 1.06347195e-04, 8.76983323e-03,
       4.62427517e-07, 9.72713895e-07, 6.32128187e-06, 2.06709114e-06,
       4.58966660e-03, 3.55323382e-02, 7.31718738e-03, 8.50906996e-07,
       5.17059650e-07, 1.64267937e-07, 5.02626848e-07, 5.85181123e-06,
       3.57398763e-07, 1.15273207e-06, 1.39986412e-05, 1.61236037e-07,
       3.31007845e-07, 9.23507658e-08, 7.41769357e-06, 1.33767423e-06,
       6.24406604e-06, 5.20775877e-07, 7.92459088e-07, 1.01692596e-06,
       7.70461115e-08, 3.45689109e-06, 9.14680945e-06, 7.59346006e-07,
       2.00690393e-06, 1.12061898e-06, 9.36420950e-06, 2.39836949e-07,
       1.91264441e-06, 2.48320559e-06, 9.60374269e-07, 1.85736182e-05,
       3.20007375e-04, 3.42955916e-02, 3.21795754e-04, 6.34080687e-03,
       1.59174374e-04, 1.70087418e-03, 2.29085555e-01, 1.02550102e-03,
       2.22586622e-04, 3.20110694e-02, 1.10435452e-04, 2.34241539e-03,
       6.05443630e-03, 1.37795934e-03, 8.00179394e-02, 3.95626407e-02,
       7.65141285e-04, 1.09908471e-02, 1.13746198e-02, 3.78047792e-02,
       4.40442044e-03, 3.16823714e-05, 9.98841410e-05, 1.18006384e-03,
       1.48303700e-03, 3.78448016e-04, 1.50185059e-04, 5.34920388e-06,
       1.34846927e-02, 2.20280870e-01, 1.15534774e-05, 1.37341680e-02,
       6.16545204e-02, 1.82071158e-04, 1.05605975e-06, 3.04843849e-06,
       4.30795896e-06, 1.41707717e-03, 1.12700021e-06, 3.75431840e-07,
       7.32591834e-07]), array([5.21494369e-03, 5.05594577e-03, 1.01926555e-03, 2.65860984e-05,
       7.59057715e-04, 4.77744974e-03, 5.48157225e-05, 2.79676394e-03,
       1.16786380e-04, 4.08292486e-06, 6.94195882e-07, 9.25755676e-05,
       1.30791248e-03, 3.63207625e-04, 9.75109965e-04, 9.12725768e-07,
       7.25060580e-06, 2.64079800e-07, 1.37228388e-06, 4.13688822e-06,
       1.94952072e-05, 6.18196082e-06, 5.70608514e-06, 3.25298263e-06,
       1.51634636e-06, 2.74301759e-07, 1.19681502e-06, 1.46259427e-06,
       7.87593778e-05, 3.76611921e-06, 1.17243733e-06, 2.82115928e-05,
       3.00221994e-06, 2.00555955e-08, 9.43876779e-06, 2.56074696e-05,
       7.24458620e-05, 1.68794993e-05, 2.74028949e-06, 8.00349017e-06,
       8.26134083e-06, 6.42966710e-05, 2.41657126e-06, 2.97568836e-05,
       6.84860672e-05, 1.98596748e-03, 5.07455378e-03, 2.04706197e-02,
       5.54602059e-03, 1.35710087e-02, 4.86429777e-01, 1.00467527e-02,
       3.45037701e-03, 8.38934203e-03, 1.94625380e-02, 3.69869319e-03,
       3.80559032e-02, 4.84801123e-03, 1.14451412e-01, 1.06553100e-02,
       3.06254284e-03, 6.13205851e-03, 1.33856138e-01, 4.16648442e-02,
       2.71636004e-03, 3.46640580e-05, 9.04959455e-04, 1.23393278e-03,
       7.19935487e-03, 2.24185780e-04, 2.33381793e-03, 2.22740893e-05,
       2.30198362e-03, 5.28479576e-04, 4.83352953e-05, 1.46359027e-02,
       1.32619284e-02, 2.23756516e-04, 3.01339140e-06, 2.69267364e-05,
       2.17195369e-06, 3.92416738e-04, 3.44622028e-07, 8.72774698e-07,
       1.09636545e-05]), array([7.36831106e-03, 1.32403835e-01, 6.73714023e-03, 1.09609909e-05,
       7.78520088e-05, 4.03899463e-02, 3.55559992e-04, 1.27289806e-02,
       1.01700404e-06, 2.49203595e-06, 5.26828028e-07, 1.59188241e-06,
       1.40828590e-02, 4.14853690e-02, 7.63687114e-03, 1.07048587e-06,
       4.44124657e-07, 5.37328906e-07, 8.86201544e-08, 6.54728763e-06,
       8.62014537e-07, 9.04358868e-07, 7.32367635e-06, 4.51431706e-07,
       2.42834618e-06, 1.32015111e-07, 4.22799598e-07, 1.70575660e-06,
       1.40061778e-05, 4.09140714e-07, 8.03950434e-07, 2.20148088e-06,
       3.31874403e-07, 1.49366617e-07, 8.03498174e-06, 1.25602042e-06,
       1.44281872e-06, 4.32715965e-06, 2.66944526e-06, 1.23567268e-06,
       2.07890906e-06, 6.89676895e-06, 8.94901226e-07, 5.39921143e-05,
       4.02574971e-04, 7.54762374e-04, 5.24805432e-03, 1.58638986e-02,
       2.24947212e-03, 7.69327135e-03, 9.03204366e-02, 3.08814642e-02,
       5.94851144e-03, 2.79015869e-03, 2.43225289e-02, 7.57957413e-03,
       3.09115317e-02, 1.15420198e-02, 1.38330803e-01, 4.06211278e-03,
       5.17214285e-03, 1.91667024e-02, 7.46060367e-02, 1.93959218e-01,
       7.62014501e-04, 5.83125469e-05, 3.39165936e-03, 1.10501331e-03,
       5.66659240e-03, 4.62071310e-03, 7.67614136e-04, 1.22949732e-06,
       5.34583292e-04, 1.37166386e-02, 6.67866972e-05, 8.27720359e-03,
       2.40906726e-02, 6.11115138e-04, 4.35258567e-06, 2.33129216e-05,
       5.76120706e-07, 1.08656998e-03, 2.22136023e-07, 2.15287708e-06,
       4.27919002e-07]), array([1.29261925e-02, 8.15604712e-02, 1.26339158e-02, 3.16088713e-06,
       5.16745401e-05, 2.20153172e-02, 1.06348493e-04, 8.76982193e-03,
       4.62426287e-07, 9.72701424e-07, 6.32132363e-06, 2.06708363e-06,
       4.58967051e-03, 3.55326744e-02, 7.31721255e-03, 8.50905051e-07,
       5.17051749e-07, 1.64267603e-07, 5.02619260e-07, 5.85186266e-06,
       3.57396274e-07, 1.15271584e-06, 1.39985492e-05, 1.61235624e-07,
       3.31006997e-07, 9.23516818e-08, 7.41758169e-06, 1.33767124e-06,
       6.24406208e-06, 5.20773194e-07, 7.92453357e-07, 1.01692037e-06,
       7.70463620e-08, 3.45691495e-06, 9.14673976e-06, 7.59339548e-07,
       2.00688939e-06, 1.12062043e-06, 9.36407646e-06, 2.39834844e-07,
       1.91261665e-06, 2.48319324e-06, 9.60374363e-07, 1.85735972e-05,
       3.20007366e-04, 3.42953710e-02, 3.21796069e-04, 6.34079955e-03,
       1.59173525e-04, 1.70086928e-03, 2.29084194e-01, 1.02550379e-03,
       2.22586534e-04, 3.20109691e-02, 1.10435741e-04, 2.34240082e-03,
       6.05444000e-03, 1.37795823e-03, 8.00174385e-02, 3.95623029e-02,
       7.65138131e-04, 1.09909109e-02, 1.13745805e-02, 3.78047413e-02,
       4.40438937e-03, 3.16822658e-05, 9.98846009e-05, 1.18005597e-03,
       1.48303268e-03, 3.78450315e-04, 1.50184359e-04, 5.34915033e-06,
       1.34846190e-02, 2.20283093e-01, 1.15535012e-05, 1.37341077e-02,
       6.16544848e-02, 1.82071496e-04, 1.05605703e-06, 3.04843011e-06,
       4.30797618e-06, 1.41708265e-03, 1.12700027e-06, 3.75429798e-07,
       7.32589881e-07]), array([5.21498037e-03, 5.05599412e-03, 1.01926957e-03, 2.65860073e-05,
       7.59057875e-04, 4.77748229e-03, 5.48157980e-05, 2.79678361e-03,
       1.16786433e-04, 4.08291813e-06, 6.94195528e-07, 9.25757652e-05,
       1.30791917e-03, 3.63209145e-04, 9.75113134e-04, 9.12723670e-07,
       7.25061966e-06, 2.64078860e-07, 1.37228801e-06, 4.13687874e-06,
       1.94951535e-05, 6.18196521e-06, 5.70609045e-06, 3.25298831e-06,
       1.51634613e-06, 2.74301185e-07, 1.19681983e-06, 1.46259511e-06,
       7.87596290e-05, 3.76611334e-06, 1.17244246e-06, 2.82115606e-05,
       3.00221519e-06, 2.00555149e-08, 9.43875899e-06, 2.56074129e-05,
       7.24456944e-05, 1.68794970e-05, 2.74030736e-06, 8.00350290e-06,
       8.26138361e-06, 6.42967819e-05, 2.41656465e-06, 2.97569263e-05,
       6.84863130e-05, 1.98596430e-03, 5.07456159e-03, 2.04706312e-02,
       5.54602314e-03, 1.35710159e-02, 4.86429435e-01, 1.00467708e-02,
       3.45037837e-03, 8.38932514e-03, 1.94626123e-02, 3.69870148e-03,
       3.80559616e-02, 4.84800537e-03, 1.14451492e-01, 1.06552919e-02,
       3.06253981e-03, 6.13206162e-03, 1.33855975e-01, 4.16649333e-02,
       2.71635310e-03, 3.46640836e-05, 9.04960602e-04, 1.23393326e-03,
       7.19936367e-03, 2.24186287e-04, 2.33382406e-03, 2.22741217e-05,
       2.30197734e-03, 5.28479385e-04, 4.83352191e-05, 1.46359287e-02,
       1.32619345e-02, 2.23757126e-04, 3.01338560e-06, 2.69267271e-05,
       2.17194972e-06, 3.92417451e-04, 3.44620979e-07, 8.72776747e-07,
       1.09636400e-05]), array([7.36831026e-03, 1.32403869e-01, 6.73714177e-03, 1.09609746e-05,
       7.78517546e-05, 4.03899500e-02, 3.55559606e-04, 1.27289745e-02,
       1.01699860e-06, 2.49203838e-06, 5.26826988e-07, 1.59187489e-06,
       1.40828698e-02, 4.14854636e-02, 7.63687659e-03, 1.07048559e-06,
       4.44123703e-07, 5.37329381e-07, 8.86199756e-08, 6.54728026e-06,
       8.62012168e-07, 9.04358503e-07, 7.32367962e-06, 4.51430223e-07,
       2.42834527e-06, 1.32014679e-07, 4.22799091e-07, 1.70575516e-06,
       1.40061308e-05, 4.09139667e-07, 8.03949509e-07, 2.20147485e-06,
       3.31873088e-07, 1.49366751e-07, 8.03498554e-06, 1.25601717e-06,
       1.44281396e-06, 4.32714803e-06, 2.66944329e-06, 1.23566976e-06,
       2.07890481e-06, 6.89674963e-06, 8.94899777e-07, 5.39920862e-05,
       4.02575192e-04, 7.54762058e-04, 5.24804619e-03, 1.58638802e-02,
       2.24946933e-03, 7.69326312e-03, 9.03203127e-02, 3.08814448e-02,
       5.94850824e-03, 2.79015606e-03, 2.43224901e-02, 7.57957573e-03,
       3.09114809e-02, 1.15420233e-02, 1.38330845e-01, 4.06211267e-03,
       5.17214494e-03, 1.91666903e-02, 7.46059947e-02, 1.93959348e-01,
       7.62014041e-04, 5.83125539e-05, 3.39165777e-03, 1.10501359e-03,
       5.66658621e-03, 4.62071588e-03, 7.67612852e-04, 1.22949395e-06,
       5.34582890e-04, 1.37166589e-02, 6.67866627e-05, 8.27719666e-03,
       2.40906751e-02, 6.11114792e-04, 4.35258635e-06, 2.33129017e-05,
       5.76119244e-07, 1.08656943e-03, 2.22135755e-07, 2.15287710e-06,
       4.27917464e-07]), array([1.29261971e-02, 8.15604625e-02, 1.26339149e-02, 3.16088693e-06,
       5.16745387e-05, 2.20153168e-02, 1.06348456e-04, 8.76982226e-03,
       4.62426323e-07, 9.72701785e-07, 6.32132242e-06, 2.06708384e-06,
       4.58967040e-03, 3.55326646e-02, 7.31721182e-03, 8.50905107e-07,
       5.17051977e-07, 1.64267613e-07, 5.02619480e-07, 5.85186117e-06,
       3.57396346e-07, 1.15271631e-06, 1.39985519e-05, 1.61235636e-07,
       3.31007021e-07, 9.23516553e-08, 7.41758493e-06, 1.33767133e-06,
       6.24406220e-06, 5.20773272e-07, 7.92453523e-07, 1.01692053e-06,
       7.70463548e-08, 3.45691426e-06, 9.14674177e-06, 7.59339734e-07,
       2.00688981e-06, 1.12062039e-06, 9.36408031e-06, 2.39834905e-07,
       1.91261746e-06, 2.48319359e-06, 9.60374360e-07, 1.85735978e-05,
       3.20007366e-04, 3.42953774e-02, 3.21796060e-04, 6.34079976e-03,
       1.59173549e-04, 1.70086942e-03, 2.29084233e-01, 1.02550371e-03,
       2.22586537e-04, 3.20109720e-02, 1.10435732e-04, 2.34240124e-03,
       6.05443989e-03, 1.37795826e-03, 8.00174530e-02, 3.95623126e-02,
       7.65138222e-04, 1.09909091e-02, 1.13745817e-02, 3.78047424e-02,
       4.40439027e-03, 3.16822689e-05, 9.98845876e-05, 1.18005619e-03,
       1.48303281e-03, 3.78450249e-04, 1.50184380e-04, 5.34915188e-06,
       1.34846212e-02, 2.20283029e-01, 1.15535005e-05, 1.37341094e-02,
       6.16544858e-02, 1.82071486e-04, 1.05605711e-06, 3.04843035e-06,
       4.30797568e-06, 1.41708249e-03, 1.12700027e-06, 3.75429857e-07,
       7.32589937e-07]), array([5.21497931e-03, 5.05599273e-03, 1.01926945e-03, 2.65860099e-05,
       7.59057870e-04, 4.77748135e-03, 5.48157958e-05, 2.79678304e-03,
       1.16786432e-04, 4.08291833e-06, 6.94195538e-07, 9.25757595e-05,
       1.30791897e-03, 3.63209101e-04, 9.75113043e-04, 9.12723730e-07,
       7.25061926e-06, 2.64078888e-07, 1.37228789e-06, 4.13687901e-06,
       1.94951550e-05, 6.18196509e-06, 5.70609029e-06, 3.25298814e-06,
       1.51634613e-06, 2.74301201e-07, 1.19681969e-06, 1.46259508e-06,
       7.87596217e-05, 3.76611351e-06, 1.17244231e-06, 2.82115615e-05,
       3.00221532e-06, 2.00555172e-08, 9.43875925e-06, 2.56074145e-05,
       7.24456992e-05, 1.68794971e-05, 2.74030685e-06, 8.00350254e-06,
       8.26138238e-06, 6.42967787e-05, 2.41656484e-06, 2.97569251e-05,
       6.84863059e-05, 1.98596439e-03, 5.07456137e-03, 2.04706309e-02,
       5.54602307e-03, 1.35710157e-02, 4.86429445e-01, 1.00467702e-02,
       3.45037833e-03, 8.38932562e-03, 1.94626102e-02, 3.69870124e-03,
       3.80559599e-02, 4.84800554e-03, 1.14451489e-01, 1.06552925e-02,
       3.06253990e-03, 6.13206153e-03, 1.33855980e-01, 4.16649308e-02,
       2.71635330e-03, 3.46640828e-05, 9.04960569e-04, 1.23393324e-03,
       7.19936341e-03, 2.24186272e-04, 2.33382388e-03, 2.22741208e-05,
       2.30197752e-03, 5.28479390e-04, 4.83352213e-05, 1.46359279e-02,
       1.32619343e-02, 2.23757108e-04, 3.01338577e-06, 2.69267273e-05,
       2.17194983e-06, 3.92417431e-04, 3.44621010e-07, 8.72776687e-07,
       1.09636404e-05]), array([7.36831029e-03, 1.32403868e-01, 6.73714172e-03, 1.09609751e-05,
       7.78517620e-05, 4.03899499e-02, 3.55559617e-04, 1.27289747e-02,
       1.01699875e-06, 2.49203831e-06, 5.26827018e-07, 1.59187511e-06,
       1.40828694e-02, 4.14854608e-02, 7.63687643e-03, 1.07048560e-06,
       4.44123730e-07, 5.37329367e-07, 8.86199807e-08, 6.54728047e-06,
       8.62012237e-07, 9.04358514e-07, 7.32367953e-06, 4.51430266e-07,
       2.42834529e-06, 1.32014692e-07, 4.22799106e-07, 1.70575521e-06,
       1.40061322e-05, 4.09139697e-07, 8.03949536e-07, 2.20147503e-06,
       3.31873126e-07, 1.49366748e-07, 8.03498543e-06, 1.25601726e-06,
       1.44281409e-06, 4.32714837e-06, 2.66944335e-06, 1.23566985e-06,
       2.07890494e-06, 6.89675019e-06, 8.94899819e-07, 5.39920870e-05,
       4.02575185e-04, 7.54762067e-04, 5.24804642e-03, 1.58638808e-02,
       2.24946941e-03, 7.69326336e-03, 9.03203163e-02, 3.08814454e-02,
       5.94850833e-03, 2.79015614e-03, 2.43224912e-02, 7.57957568e-03,
       3.09114824e-02, 1.15420232e-02, 1.38330844e-01, 4.06211267e-03,
       5.17214488e-03, 1.91666906e-02, 7.46059959e-02, 1.93959345e-01,
       7.62014054e-04, 5.83125537e-05, 3.39165782e-03, 1.10501358e-03,
       5.66658639e-03, 4.62071580e-03, 7.67612889e-04, 1.22949405e-06,
       5.34582902e-04, 1.37166584e-02, 6.67866637e-05, 8.27719686e-03,
       2.40906750e-02, 6.11114802e-04, 4.35258633e-06, 2.33129023e-05,
       5.76119286e-07, 1.08656945e-03, 2.22135763e-07, 2.15287710e-06,
       4.27917508e-07]), array([1.29261970e-02, 8.15604627e-02, 1.26339150e-02, 3.16088693e-06,
       5.16745388e-05, 2.20153169e-02, 1.06348457e-04, 8.76982225e-03,
       4.62426322e-07, 9.72701774e-07, 6.32132245e-06, 2.06708384e-06,
       4.58967040e-03, 3.55326649e-02, 7.31721184e-03, 8.50905106e-07,
       5.17051970e-07, 1.64267613e-07, 5.02619473e-07, 5.85186122e-06,
       3.57396344e-07, 1.15271630e-06, 1.39985518e-05, 1.61235636e-07,
       3.31007021e-07, 9.23516561e-08, 7.41758483e-06, 1.33767132e-06,
       6.24406220e-06, 5.20773269e-07, 7.92453518e-07, 1.01692053e-06,
       7.70463550e-08, 3.45691428e-06, 9.14674172e-06, 7.59339729e-07,
       2.00688980e-06, 1.12062039e-06, 9.36408020e-06, 2.39834903e-07,
       1.91261743e-06, 2.48319358e-06, 9.60374360e-07, 1.85735978e-05,
       3.20007366e-04, 3.42953772e-02, 3.21796060e-04, 6.34079975e-03,
       1.59173549e-04, 1.70086942e-03, 2.29084232e-01, 1.02550371e-03,
       2.22586537e-04, 3.20109719e-02, 1.10435733e-04, 2.34240123e-03,
       6.05443989e-03, 1.37795826e-03, 8.00174526e-02, 3.95623124e-02,
       7.65138219e-04, 1.09909091e-02, 1.13745816e-02, 3.78047423e-02,
       4.40439025e-03, 3.16822688e-05, 9.98845880e-05, 1.18005619e-03,
       1.48303280e-03, 3.78450251e-04, 1.50184379e-04, 5.34915183e-06,
       1.34846211e-02, 2.20283031e-01, 1.15535005e-05, 1.37341094e-02,
       6.16544858e-02, 1.82071486e-04, 1.05605710e-06, 3.04843034e-06,
       4.30797570e-06, 1.41708249e-03, 1.12700027e-06, 3.75429856e-07,
       7.32589936e-07]), array([5.21497934e-03, 5.05599277e-03, 1.01926946e-03, 2.65860099e-05,
       7.59057870e-04, 4.77748138e-03, 5.48157958e-05, 2.79678306e-03,
       1.16786432e-04, 4.08291832e-06, 6.94195538e-07, 9.25757597e-05,
       1.30791898e-03, 3.63209103e-04, 9.75113045e-04, 9.12723728e-07,
       7.25061927e-06, 2.64078887e-07, 1.37228790e-06, 4.13687900e-06,
       1.94951550e-05, 6.18196509e-06, 5.70609030e-06, 3.25298815e-06,
       1.51634613e-06, 2.74301201e-07, 1.19681969e-06, 1.46259509e-06,
       7.87596219e-05, 3.76611350e-06, 1.17244232e-06, 2.82115615e-05,
       3.00221532e-06, 2.00555172e-08, 9.43875924e-06, 2.56074145e-05,
       7.24456991e-05, 1.68794971e-05, 2.74030686e-06, 8.00350255e-06,
       8.26138241e-06, 6.42967788e-05, 2.41656483e-06, 2.97569251e-05,
       6.84863061e-05, 1.98596439e-03, 5.07456138e-03, 2.04706309e-02,
       5.54602307e-03, 1.35710157e-02, 4.86429445e-01, 1.00467703e-02,
       3.45037833e-03, 8.38932561e-03, 1.94626103e-02, 3.69870125e-03,
       3.80559600e-02, 4.84800554e-03, 1.14451489e-01, 1.06552924e-02,
       3.06253990e-03, 6.13206153e-03, 1.33855980e-01, 4.16649308e-02,
       2.71635329e-03, 3.46640828e-05, 9.04960570e-04, 1.23393325e-03,
       7.19936342e-03, 2.24186273e-04, 2.33382389e-03, 2.22741208e-05,
       2.30197752e-03, 5.28479390e-04, 4.83352213e-05, 1.46359279e-02,
       1.32619343e-02, 2.23757109e-04, 3.01338576e-06, 2.69267273e-05,
       2.17194983e-06, 3.92417431e-04, 3.44621009e-07, 8.72776689e-07,
       1.09636404e-05]), array([7.36831029e-03, 1.32403868e-01, 6.73714172e-03, 1.09609751e-05,
       7.78517618e-05, 4.03899499e-02, 3.55559617e-04, 1.27289747e-02,
       1.01699875e-06, 2.49203832e-06, 5.26827017e-07, 1.59187510e-06,
       1.40828695e-02, 4.14854609e-02, 7.63687644e-03, 1.07048560e-06,
       4.44123729e-07, 5.37329368e-07, 8.86199806e-08, 6.54728047e-06,
       8.62012235e-07, 9.04358513e-07, 7.32367953e-06, 4.51430264e-07,
       2.42834529e-06, 1.32014691e-07, 4.22799105e-07, 1.70575520e-06,
       1.40061321e-05, 4.09139696e-07, 8.03949535e-07, 2.20147502e-06,
       3.31873125e-07, 1.49366748e-07, 8.03498543e-06, 1.25601726e-06,
       1.44281409e-06, 4.32714836e-06, 2.66944335e-06, 1.23566985e-06,
       2.07890493e-06, 6.89675018e-06, 8.94899818e-07, 5.39920870e-05,
       4.02575185e-04, 7.54762067e-04, 5.24804641e-03, 1.58638808e-02,
       2.24946941e-03, 7.69326335e-03, 9.03203162e-02, 3.08814454e-02,
       5.94850833e-03, 2.79015614e-03, 2.43224912e-02, 7.57957569e-03,
       3.09114823e-02, 1.15420232e-02, 1.38330844e-01, 4.06211267e-03,
       5.17214488e-03, 1.91666906e-02, 7.46059958e-02, 1.93959345e-01,
       7.62014054e-04, 5.83125537e-05, 3.39165782e-03, 1.10501358e-03,
       5.66658639e-03, 4.62071580e-03, 7.67612888e-04, 1.22949404e-06,
       5.34582902e-04, 1.37166584e-02, 6.67866637e-05, 8.27719686e-03,
       2.40906750e-02, 6.11114802e-04, 4.35258633e-06, 2.33129022e-05,
       5.76119285e-07, 1.08656945e-03, 2.22135763e-07, 2.15287710e-06,
       4.27917507e-07]), array([1.29261970e-02, 8.15604627e-02, 1.26339150e-02, 3.16088693e-06,
       5.16745388e-05, 2.20153169e-02, 1.06348457e-04, 8.76982225e-03,
       4.62426322e-07, 9.72701774e-07, 6.32132245e-06, 2.06708384e-06,
       4.58967040e-03, 3.55326649e-02, 7.31721184e-03, 8.50905106e-07,
       5.17051971e-07, 1.64267613e-07, 5.02619473e-07, 5.85186122e-06,
       3.57396344e-07, 1.15271630e-06, 1.39985518e-05, 1.61235636e-07,
       3.31007021e-07, 9.23516560e-08, 7.41758484e-06, 1.33767132e-06,
       6.24406220e-06, 5.20773269e-07, 7.92453518e-07, 1.01692053e-06,
       7.70463550e-08, 3.45691428e-06, 9.14674172e-06, 7.59339729e-07,
       2.00688980e-06, 1.12062039e-06, 9.36408020e-06, 2.39834903e-07,
       1.91261743e-06, 2.48319358e-06, 9.60374360e-07, 1.85735978e-05,
       3.20007366e-04, 3.42953772e-02, 3.21796060e-04, 6.34079975e-03,
       1.59173549e-04, 1.70086942e-03, 2.29084232e-01, 1.02550371e-03,
       2.22586537e-04, 3.20109719e-02, 1.10435733e-04, 2.34240123e-03,
       6.05443989e-03, 1.37795826e-03, 8.00174526e-02, 3.95623124e-02,
       7.65138219e-04, 1.09909091e-02, 1.13745816e-02, 3.78047423e-02,
       4.40439025e-03, 3.16822688e-05, 9.98845880e-05, 1.18005619e-03,
       1.48303280e-03, 3.78450251e-04, 1.50184379e-04, 5.34915183e-06,
       1.34846211e-02, 2.20283031e-01, 1.15535005e-05, 1.37341094e-02,
       6.16544858e-02, 1.82071486e-04, 1.05605710e-06, 3.04843034e-06,
       4.30797570e-06, 1.41708249e-03, 1.12700027e-06, 3.75429856e-07,
       7.32589936e-07]), array([5.21497934e-03, 5.05599277e-03, 1.01926946e-03, 2.65860099e-05,
       7.59057870e-04, 4.77748138e-03, 5.48157958e-05, 2.79678306e-03,
       1.16786432e-04, 4.08291832e-06, 6.94195538e-07, 9.25757597e-05,
       1.30791898e-03, 3.63209103e-04, 9.75113045e-04, 9.12723728e-07,
       7.25061927e-06, 2.64078887e-07, 1.37228790e-06, 4.13687900e-06,
       1.94951550e-05, 6.18196509e-06, 5.70609030e-06, 3.25298815e-06,
       1.51634613e-06, 2.74301201e-07, 1.19681969e-06, 1.46259508e-06,
       7.87596219e-05, 3.76611350e-06, 1.17244232e-06, 2.82115615e-05,
       3.00221532e-06, 2.00555172e-08, 9.43875924e-06, 2.56074145e-05,
       7.24456991e-05, 1.68794971e-05, 2.74030686e-06, 8.00350255e-06,
       8.26138241e-06, 6.42967788e-05, 2.41656483e-06, 2.97569251e-05,
       6.84863061e-05, 1.98596439e-03, 5.07456138e-03, 2.04706309e-02,
       5.54602307e-03, 1.35710157e-02, 4.86429445e-01, 1.00467703e-02,
       3.45037833e-03, 8.38932561e-03, 1.94626103e-02, 3.69870125e-03,
       3.80559600e-02, 4.84800554e-03, 1.14451489e-01, 1.06552924e-02,
       3.06253990e-03, 6.13206153e-03, 1.33855980e-01, 4.16649308e-02,
       2.71635329e-03, 3.46640828e-05, 9.04960570e-04, 1.23393324e-03,
       7.19936342e-03, 2.24186273e-04, 2.33382389e-03, 2.22741208e-05,
       2.30197752e-03, 5.28479390e-04, 4.83352213e-05, 1.46359279e-02,
       1.32619343e-02, 2.23757109e-04, 3.01338576e-06, 2.69267273e-05,
       2.17194983e-06, 3.92417431e-04, 3.44621009e-07, 8.72776689e-07,
       1.09636404e-05]), array([7.36831029e-03, 1.32403868e-01, 6.73714172e-03, 1.09609751e-05,
       7.78517618e-05, 4.03899499e-02, 3.55559617e-04, 1.27289747e-02,
       1.01699875e-06, 2.49203832e-06, 5.26827017e-07, 1.59187510e-06,
       1.40828694e-02, 4.14854609e-02, 7.63687644e-03, 1.07048560e-06,
       4.44123729e-07, 5.37329368e-07, 8.86199806e-08, 6.54728047e-06,
       8.62012235e-07, 9.04358513e-07, 7.32367953e-06, 4.51430264e-07,
       2.42834529e-06, 1.32014691e-07, 4.22799105e-07, 1.70575520e-06,
       1.40061321e-05, 4.09139696e-07, 8.03949535e-07, 2.20147502e-06,
       3.31873125e-07, 1.49366748e-07, 8.03498543e-06, 1.25601726e-06,
       1.44281409e-06, 4.32714836e-06, 2.66944335e-06, 1.23566985e-06,
       2.07890493e-06, 6.89675018e-06, 8.94899818e-07, 5.39920870e-05,
       4.02575185e-04, 7.54762067e-04, 5.24804641e-03, 1.58638808e-02,
       2.24946941e-03, 7.69326335e-03, 9.03203162e-02, 3.08814454e-02,
       5.94850833e-03, 2.79015614e-03, 2.43224912e-02, 7.57957569e-03,
       3.09114823e-02, 1.15420232e-02, 1.38330844e-01, 4.06211267e-03,
       5.17214488e-03, 1.91666906e-02, 7.46059959e-02, 1.93959345e-01,
       7.62014054e-04, 5.83125537e-05, 3.39165782e-03, 1.10501358e-03,
       5.66658639e-03, 4.62071580e-03, 7.67612888e-04, 1.22949404e-06,
       5.34582902e-04, 1.37166584e-02, 6.67866637e-05, 8.27719686e-03,
       2.40906750e-02, 6.11114802e-04, 4.35258633e-06, 2.33129023e-05,
       5.76119285e-07, 1.08656945e-03, 2.22135763e-07, 2.15287710e-06,
       4.27917507e-07]), array([1.29261970e-02, 8.15604627e-02, 1.26339150e-02, 3.16088693e-06,
       5.16745388e-05, 2.20153169e-02, 1.06348457e-04, 8.76982225e-03,
       4.62426322e-07, 9.72701774e-07, 6.32132245e-06, 2.06708384e-06,
       4.58967040e-03, 3.55326649e-02, 7.31721184e-03, 8.50905106e-07,
       5.17051971e-07, 1.64267613e-07, 5.02619473e-07, 5.85186122e-06,
       3.57396344e-07, 1.15271630e-06, 1.39985518e-05, 1.61235636e-07,
       3.31007021e-07, 9.23516560e-08, 7.41758484e-06, 1.33767132e-06,
       6.24406220e-06, 5.20773269e-07, 7.92453518e-07, 1.01692053e-06,
       7.70463550e-08, 3.45691428e-06, 9.14674172e-06, 7.59339729e-07,
       2.00688980e-06, 1.12062039e-06, 9.36408020e-06, 2.39834903e-07,
       1.91261743e-06, 2.48319358e-06, 9.60374360e-07, 1.85735978e-05,
       3.20007366e-04, 3.42953772e-02, 3.21796060e-04, 6.34079975e-03,
       1.59173549e-04, 1.70086942e-03, 2.29084232e-01, 1.02550371e-03,
       2.22586537e-04, 3.20109719e-02, 1.10435733e-04, 2.34240123e-03,
       6.05443989e-03, 1.37795826e-03, 8.00174526e-02, 3.95623124e-02,
       7.65138219e-04, 1.09909091e-02, 1.13745816e-02, 3.78047423e-02,
       4.40439025e-03, 3.16822688e-05, 9.98845880e-05, 1.18005619e-03,
       1.48303280e-03, 3.78450251e-04, 1.50184379e-04, 5.34915183e-06,
       1.34846211e-02, 2.20283031e-01, 1.15535005e-05, 1.37341094e-02,
       6.16544858e-02, 1.82071486e-04, 1.05605710e-06, 3.04843034e-06,
       4.30797570e-06, 1.41708249e-03, 1.12700027e-06, 3.75429856e-07,
       7.32589936e-07]), array([5.21497934e-03, 5.05599277e-03, 1.01926946e-03, 2.65860099e-05,
       7.59057870e-04, 4.77748138e-03, 5.48157958e-05, 2.79678306e-03,
       1.16786432e-04, 4.08291832e-06, 6.94195538e-07, 9.25757597e-05,
       1.30791898e-03, 3.63209103e-04, 9.75113045e-04, 9.12723728e-07,
       7.25061927e-06, 2.64078887e-07, 1.37228790e-06, 4.13687900e-06,
       1.94951550e-05, 6.18196509e-06, 5.70609030e-06, 3.25298815e-06,
       1.51634613e-06, 2.74301201e-07, 1.19681969e-06, 1.46259508e-06,
       7.87596219e-05, 3.76611350e-06, 1.17244232e-06, 2.82115615e-05,
       3.00221532e-06, 2.00555172e-08, 9.43875924e-06, 2.56074145e-05,
       7.24456991e-05, 1.68794971e-05, 2.74030686e-06, 8.00350255e-06,
       8.26138241e-06, 6.42967788e-05, 2.41656483e-06, 2.97569251e-05,
       6.84863061e-05, 1.98596439e-03, 5.07456138e-03, 2.04706309e-02,
       5.54602307e-03, 1.35710157e-02, 4.86429445e-01, 1.00467703e-02,
       3.45037833e-03, 8.38932561e-03, 1.94626103e-02, 3.69870125e-03,
       3.80559600e-02, 4.84800554e-03, 1.14451489e-01, 1.06552924e-02,
       3.06253990e-03, 6.13206153e-03, 1.33855980e-01, 4.16649308e-02,
       2.71635329e-03, 3.46640828e-05, 9.04960570e-04, 1.23393324e-03,
       7.19936342e-03, 2.24186273e-04, 2.33382389e-03, 2.22741208e-05,
       2.30197752e-03, 5.28479390e-04, 4.83352213e-05, 1.46359279e-02,
       1.32619343e-02, 2.23757109e-04, 3.01338576e-06, 2.69267273e-05,
       2.17194983e-06, 3.92417431e-04, 3.44621009e-07, 8.72776689e-07,
       1.09636404e-05]), array([7.36831029e-03, 1.32403868e-01, 6.73714172e-03, 1.09609751e-05,
       7.78517618e-05, 4.03899499e-02, 3.55559617e-04, 1.27289747e-02,
       1.01699875e-06, 2.49203832e-06, 5.26827017e-07, 1.59187510e-06,
       1.40828694e-02, 4.14854609e-02, 7.63687644e-03, 1.07048560e-06,
       4.44123729e-07, 5.37329368e-07, 8.86199806e-08, 6.54728047e-06,
       8.62012235e-07, 9.04358513e-07, 7.32367953e-06, 4.51430264e-07,
       2.42834529e-06, 1.32014691e-07, 4.22799105e-07, 1.70575520e-06,
       1.40061321e-05, 4.09139696e-07, 8.03949535e-07, 2.20147502e-06,
       3.31873125e-07, 1.49366748e-07, 8.03498543e-06, 1.25601726e-06,
       1.44281409e-06, 4.32714836e-06, 2.66944335e-06, 1.23566985e-06,
       2.07890493e-06, 6.89675018e-06, 8.94899818e-07, 5.39920870e-05,
       4.02575185e-04, 7.54762067e-04, 5.24804641e-03, 1.58638808e-02,
       2.24946941e-03, 7.69326335e-03, 9.03203162e-02, 3.08814454e-02,
       5.94850833e-03, 2.79015614e-03, 2.43224912e-02, 7.57957569e-03,
       3.09114823e-02, 1.15420232e-02, 1.38330844e-01, 4.06211267e-03,
       5.17214488e-03, 1.91666906e-02, 7.46059959e-02, 1.93959345e-01,
       7.62014054e-04, 5.83125537e-05, 3.39165782e-03, 1.10501358e-03,
       5.66658639e-03, 4.62071580e-03, 7.67612888e-04, 1.22949404e-06,
       5.34582902e-04, 1.37166584e-02, 6.67866637e-05, 8.27719686e-03,
       2.40906750e-02, 6.11114802e-04, 4.35258633e-06, 2.33129023e-05,
       5.76119285e-07, 1.08656945e-03, 2.22135763e-07, 2.15287710e-06,
       4.27917507e-07]), array([1.29261970e-02, 8.15604627e-02, 1.26339150e-02, 3.16088693e-06,
       5.16745388e-05, 2.20153169e-02, 1.06348457e-04, 8.76982225e-03,
       4.62426322e-07, 9.72701774e-07, 6.32132245e-06, 2.06708384e-06,
       4.58967040e-03, 3.55326649e-02, 7.31721184e-03, 8.50905106e-07,
       5.17051971e-07, 1.64267613e-07, 5.02619473e-07, 5.85186122e-06,
       3.57396344e-07, 1.15271630e-06, 1.39985518e-05, 1.61235636e-07,
       3.31007021e-07, 9.23516560e-08, 7.41758484e-06, 1.33767132e-06,
       6.24406220e-06, 5.20773269e-07, 7.92453518e-07, 1.01692053e-06,
       7.70463550e-08, 3.45691428e-06, 9.14674172e-06, 7.59339729e-07,
       2.00688980e-06, 1.12062039e-06, 9.36408020e-06, 2.39834903e-07,
       1.91261743e-06, 2.48319358e-06, 9.60374360e-07, 1.85735978e-05,
       3.20007366e-04, 3.42953772e-02, 3.21796060e-04, 6.34079975e-03,
       1.59173549e-04, 1.70086942e-03, 2.29084232e-01, 1.02550371e-03,
       2.22586537e-04, 3.20109719e-02, 1.10435733e-04, 2.34240123e-03,
       6.05443989e-03, 1.37795826e-03, 8.00174526e-02, 3.95623124e-02,
       7.65138219e-04, 1.09909091e-02, 1.13745816e-02, 3.78047423e-02,
       4.40439025e-03, 3.16822688e-05, 9.98845880e-05, 1.18005619e-03,
       1.48303280e-03, 3.78450251e-04, 1.50184379e-04, 5.34915183e-06,
       1.34846211e-02, 2.20283031e-01, 1.15535005e-05, 1.37341094e-02,
       6.16544858e-02, 1.82071486e-04, 1.05605710e-06, 3.04843034e-06,
       4.30797570e-06, 1.41708249e-03, 1.12700027e-06, 3.75429856e-07,
       7.32589936e-07]), array([5.21497934e-03, 5.05599277e-03, 1.01926946e-03, 2.65860099e-05,
       7.59057870e-04, 4.77748138e-03, 5.48157958e-05, 2.79678306e-03,
       1.16786432e-04, 4.08291832e-06, 6.94195538e-07, 9.25757597e-05,
       1.30791898e-03, 3.63209103e-04, 9.75113045e-04, 9.12723728e-07,
       7.25061927e-06, 2.64078887e-07, 1.37228790e-06, 4.13687900e-06,
       1.94951550e-05, 6.18196509e-06, 5.70609030e-06, 3.25298815e-06,
       1.51634613e-06, 2.74301201e-07, 1.19681969e-06, 1.46259508e-06,
       7.87596219e-05, 3.76611350e-06, 1.17244232e-06, 2.82115615e-05,
       3.00221532e-06, 2.00555172e-08, 9.43875924e-06, 2.56074145e-05,
       7.24456991e-05, 1.68794971e-05, 2.74030686e-06, 8.00350255e-06,
       8.26138241e-06, 6.42967788e-05, 2.41656483e-06, 2.97569251e-05,
       6.84863061e-05, 1.98596439e-03, 5.07456138e-03, 2.04706309e-02,
       5.54602307e-03, 1.35710157e-02, 4.86429445e-01, 1.00467703e-02,
       3.45037833e-03, 8.38932561e-03, 1.94626103e-02, 3.69870125e-03,
       3.80559600e-02, 4.84800554e-03, 1.14451489e-01, 1.06552924e-02,
       3.06253990e-03, 6.13206153e-03, 1.33855980e-01, 4.16649308e-02,
       2.71635329e-03, 3.46640828e-05, 9.04960570e-04, 1.23393324e-03,
       7.19936342e-03, 2.24186273e-04, 2.33382389e-03, 2.22741208e-05,
       2.30197752e-03, 5.28479390e-04, 4.83352213e-05, 1.46359279e-02,
       1.32619343e-02, 2.23757109e-04, 3.01338576e-06, 2.69267273e-05,
       2.17194983e-06, 3.92417431e-04, 3.44621009e-07, 8.72776689e-07,
       1.09636404e-05]), array([7.36831029e-03, 1.32403868e-01, 6.73714172e-03, 1.09609751e-05,
       7.78517618e-05, 4.03899499e-02, 3.55559617e-04, 1.27289747e-02,
       1.01699875e-06, 2.49203832e-06, 5.26827017e-07, 1.59187510e-06,
       1.40828694e-02, 4.14854609e-02, 7.63687644e-03, 1.07048560e-06,
       4.44123729e-07, 5.37329368e-07, 8.86199806e-08, 6.54728047e-06,
       8.62012235e-07, 9.04358513e-07, 7.32367953e-06, 4.51430264e-07,
       2.42834529e-06, 1.32014691e-07, 4.22799105e-07, 1.70575520e-06,
       1.40061321e-05, 4.09139696e-07, 8.03949535e-07, 2.20147502e-06,
       3.31873125e-07, 1.49366748e-07, 8.03498543e-06, 1.25601726e-06,
       1.44281409e-06, 4.32714836e-06, 2.66944335e-06, 1.23566985e-06,
       2.07890493e-06, 6.89675018e-06, 8.94899818e-07, 5.39920870e-05,
       4.02575185e-04, 7.54762067e-04, 5.24804641e-03, 1.58638808e-02,
       2.24946941e-03, 7.69326335e-03, 9.03203162e-02, 3.08814454e-02,
       5.94850833e-03, 2.79015614e-03, 2.43224912e-02, 7.57957569e-03,
       3.09114823e-02, 1.15420232e-02, 1.38330844e-01, 4.06211267e-03,
       5.17214488e-03, 1.91666906e-02, 7.46059959e-02, 1.93959345e-01,
       7.62014054e-04, 5.83125537e-05, 3.39165782e-03, 1.10501358e-03,
       5.66658639e-03, 4.62071580e-03, 7.67612888e-04, 1.22949404e-06,
       5.34582902e-04, 1.37166584e-02, 6.67866637e-05, 8.27719686e-03,
       2.40906750e-02, 6.11114802e-04, 4.35258633e-06, 2.33129023e-05,
       5.76119285e-07, 1.08656945e-03, 2.22135763e-07, 2.15287710e-06,
       4.27917507e-07]), array([1.29261970e-02, 8.15604627e-02, 1.26339150e-02, 3.16088693e-06,
       5.16745388e-05, 2.20153169e-02, 1.06348457e-04, 8.76982225e-03,
       4.62426322e-07, 9.72701774e-07, 6.32132245e-06, 2.06708384e-06,
       4.58967040e-03, 3.55326649e-02, 7.31721184e-03, 8.50905106e-07,
       5.17051971e-07, 1.64267613e-07, 5.02619473e-07, 5.85186122e-06,
       3.57396344e-07, 1.15271630e-06, 1.39985518e-05, 1.61235636e-07,
       3.31007021e-07, 9.23516560e-08, 7.41758484e-06, 1.33767132e-06,
       6.24406220e-06, 5.20773269e-07, 7.92453518e-07, 1.01692053e-06,
       7.70463550e-08, 3.45691428e-06, 9.14674172e-06, 7.59339729e-07,
       2.00688980e-06, 1.12062039e-06, 9.36408020e-06, 2.39834903e-07,
       1.91261743e-06, 2.48319358e-06, 9.60374360e-07, 1.85735978e-05,
       3.20007366e-04, 3.42953772e-02, 3.21796060e-04, 6.34079975e-03,
       1.59173549e-04, 1.70086942e-03, 2.29084232e-01, 1.02550371e-03,
       2.22586537e-04, 3.20109719e-02, 1.10435733e-04, 2.34240123e-03,
       6.05443989e-03, 1.37795826e-03, 8.00174526e-02, 3.95623124e-02,
       7.65138219e-04, 1.09909091e-02, 1.13745816e-02, 3.78047423e-02,
       4.40439025e-03, 3.16822688e-05, 9.98845880e-05, 1.18005619e-03,
       1.48303280e-03, 3.78450251e-04, 1.50184379e-04, 5.34915183e-06,
       1.34846211e-02, 2.20283031e-01, 1.15535005e-05, 1.37341094e-02,
       6.16544858e-02, 1.82071486e-04, 1.05605710e-06, 3.04843034e-06,
       4.30797570e-06, 1.41708249e-03, 1.12700027e-06, 3.75429856e-07,
       7.32589936e-07]), array([5.21497934e-03, 5.05599277e-03, 1.01926946e-03, 2.65860099e-05,
       7.59057870e-04, 4.77748138e-03, 5.48157958e-05, 2.79678306e-03,
       1.16786432e-04, 4.08291832e-06, 6.94195538e-07, 9.25757597e-05,
       1.30791898e-03, 3.63209103e-04, 9.75113045e-04, 9.12723728e-07,
       7.25061927e-06, 2.64078887e-07, 1.37228790e-06, 4.13687900e-06,
       1.94951550e-05, 6.18196509e-06, 5.70609030e-06, 3.25298815e-06,
       1.51634613e-06, 2.74301201e-07, 1.19681969e-06, 1.46259508e-06,
       7.87596219e-05, 3.76611350e-06, 1.17244232e-06, 2.82115615e-05,
       3.00221532e-06, 2.00555172e-08, 9.43875924e-06, 2.56074145e-05,
       7.24456991e-05, 1.68794971e-05, 2.74030686e-06, 8.00350255e-06,
       8.26138241e-06, 6.42967788e-05, 2.41656483e-06, 2.97569251e-05,
       6.84863061e-05, 1.98596439e-03, 5.07456138e-03, 2.04706309e-02,
       5.54602307e-03, 1.35710157e-02, 4.86429445e-01, 1.00467703e-02,
       3.45037833e-03, 8.38932561e-03, 1.94626103e-02, 3.69870125e-03,
       3.80559600e-02, 4.84800554e-03, 1.14451489e-01, 1.06552924e-02,
       3.06253990e-03, 6.13206153e-03, 1.33855980e-01, 4.16649308e-02,
       2.71635329e-03, 3.46640828e-05, 9.04960570e-04, 1.23393324e-03,
       7.19936342e-03, 2.24186273e-04, 2.33382389e-03, 2.22741208e-05,
       2.30197752e-03, 5.28479390e-04, 4.83352213e-05, 1.46359279e-02,
       1.32619343e-02, 2.23757109e-04, 3.01338576e-06, 2.69267273e-05,
       2.17194983e-06, 3.92417431e-04, 3.44621009e-07, 8.72776689e-07,
       1.09636404e-05]), array([7.36831029e-03, 1.32403868e-01, 6.73714172e-03, 1.09609751e-05,
       7.78517618e-05, 4.03899499e-02, 3.55559617e-04, 1.27289747e-02,
       1.01699875e-06, 2.49203832e-06, 5.26827017e-07, 1.59187510e-06,
       1.40828694e-02, 4.14854609e-02, 7.63687644e-03, 1.07048560e-06,
       4.44123729e-07, 5.37329368e-07, 8.86199806e-08, 6.54728047e-06,
       8.62012235e-07, 9.04358513e-07, 7.32367953e-06, 4.51430264e-07,
       2.42834529e-06, 1.32014691e-07, 4.22799105e-07, 1.70575520e-06,
       1.40061321e-05, 4.09139696e-07, 8.03949535e-07, 2.20147502e-06,
       3.31873125e-07, 1.49366748e-07, 8.03498543e-06, 1.25601726e-06,
       1.44281409e-06, 4.32714836e-06, 2.66944335e-06, 1.23566985e-06,
       2.07890493e-06, 6.89675018e-06, 8.94899818e-07, 5.39920870e-05,
       4.02575185e-04, 7.54762067e-04, 5.24804641e-03, 1.58638808e-02,
       2.24946941e-03, 7.69326335e-03, 9.03203162e-02, 3.08814454e-02,
       5.94850833e-03, 2.79015614e-03, 2.43224912e-02, 7.57957569e-03,
       3.09114823e-02, 1.15420232e-02, 1.38330844e-01, 4.06211267e-03,
       5.17214488e-03, 1.91666906e-02, 7.46059959e-02, 1.93959345e-01,
       7.62014054e-04, 5.83125537e-05, 3.39165782e-03, 1.10501358e-03,
       5.66658639e-03, 4.62071580e-03, 7.67612888e-04, 1.22949404e-06,
       5.34582902e-04, 1.37166584e-02, 6.67866637e-05, 8.27719686e-03,
       2.40906750e-02, 6.11114802e-04, 4.35258633e-06, 2.33129023e-05,
       5.76119285e-07, 1.08656945e-03, 2.22135763e-07, 2.15287710e-06,
       4.27917507e-07]), array([1.29261970e-02, 8.15604627e-02, 1.26339150e-02, 3.16088693e-06,
       5.16745388e-05, 2.20153169e-02, 1.06348457e-04, 8.76982225e-03,
       4.62426322e-07, 9.72701774e-07, 6.32132245e-06, 2.06708384e-06,
       4.58967040e-03, 3.55326649e-02, 7.31721184e-03, 8.50905106e-07,
       5.17051971e-07, 1.64267613e-07, 5.02619473e-07, 5.85186122e-06,
       3.57396344e-07, 1.15271630e-06, 1.39985518e-05, 1.61235636e-07,
       3.31007021e-07, 9.23516560e-08, 7.41758484e-06, 1.33767132e-06,
       6.24406220e-06, 5.20773269e-07, 7.92453518e-07, 1.01692053e-06,
       7.70463550e-08, 3.45691428e-06, 9.14674172e-06, 7.59339729e-07,
       2.00688980e-06, 1.12062039e-06, 9.36408020e-06, 2.39834903e-07,
       1.91261743e-06, 2.48319358e-06, 9.60374360e-07, 1.85735978e-05,
       3.20007366e-04, 3.42953772e-02, 3.21796060e-04, 6.34079975e-03,
       1.59173549e-04, 1.70086942e-03, 2.29084232e-01, 1.02550371e-03,
       2.22586537e-04, 3.20109719e-02, 1.10435733e-04, 2.34240123e-03,
       6.05443989e-03, 1.37795826e-03, 8.00174526e-02, 3.95623124e-02,
       7.65138219e-04, 1.09909091e-02, 1.13745816e-02, 3.78047423e-02,
       4.40439025e-03, 3.16822688e-05, 9.98845880e-05, 1.18005619e-03,
       1.48303280e-03, 3.78450251e-04, 1.50184379e-04, 5.34915183e-06,
       1.34846211e-02, 2.20283031e-01, 1.15535005e-05, 1.37341094e-02,
       6.16544858e-02, 1.82071486e-04, 1.05605710e-06, 3.04843034e-06,
       4.30797570e-06, 1.41708249e-03, 1.12700027e-06, 3.75429856e-07,
       7.32589936e-07]), array([5.21497934e-03, 5.05599277e-03, 1.01926946e-03, 2.65860099e-05,
       7.59057870e-04, 4.77748138e-03, 5.48157958e-05, 2.79678306e-03,
       1.16786432e-04, 4.08291832e-06, 6.94195538e-07, 9.25757597e-05,
       1.30791898e-03, 3.63209103e-04, 9.75113045e-04, 9.12723728e-07,
       7.25061927e-06, 2.64078887e-07, 1.37228790e-06, 4.13687900e-06,
       1.94951550e-05, 6.18196509e-06, 5.70609030e-06, 3.25298815e-06,
       1.51634613e-06, 2.74301201e-07, 1.19681969e-06, 1.46259508e-06,
       7.87596219e-05, 3.76611350e-06, 1.17244232e-06, 2.82115615e-05,
       3.00221532e-06, 2.00555172e-08, 9.43875924e-06, 2.56074145e-05,
       7.24456991e-05, 1.68794971e-05, 2.74030686e-06, 8.00350255e-06,
       8.26138241e-06, 6.42967788e-05, 2.41656483e-06, 2.97569251e-05,
       6.84863061e-05, 1.98596439e-03, 5.07456138e-03, 2.04706309e-02,
       5.54602307e-03, 1.35710157e-02, 4.86429445e-01, 1.00467703e-02,
       3.45037833e-03, 8.38932561e-03, 1.94626103e-02, 3.69870125e-03,
       3.80559600e-02, 4.84800554e-03, 1.14451489e-01, 1.06552924e-02,
       3.06253990e-03, 6.13206153e-03, 1.33855980e-01, 4.16649308e-02,
       2.71635329e-03, 3.46640828e-05, 9.04960570e-04, 1.23393324e-03,
       7.19936342e-03, 2.24186273e-04, 2.33382389e-03, 2.22741208e-05,
       2.30197752e-03, 5.28479390e-04, 4.83352213e-05, 1.46359279e-02,
       1.32619343e-02, 2.23757109e-04, 3.01338576e-06, 2.69267273e-05,
       2.17194983e-06, 3.92417431e-04, 3.44621009e-07, 8.72776689e-07,
       1.09636404e-05]), array([7.36831029e-03, 1.32403868e-01, 6.73714172e-03, 1.09609751e-05,
       7.78517618e-05, 4.03899499e-02, 3.55559617e-04, 1.27289747e-02,
       1.01699875e-06, 2.49203832e-06, 5.26827017e-07, 1.59187510e-06,
       1.40828694e-02, 4.14854609e-02, 7.63687644e-03, 1.07048560e-06,
       4.44123729e-07, 5.37329368e-07, 8.86199806e-08, 6.54728047e-06,
       8.62012235e-07, 9.04358513e-07, 7.32367953e-06, 4.51430264e-07,
       2.42834529e-06, 1.32014691e-07, 4.22799105e-07, 1.70575520e-06,
       1.40061321e-05, 4.09139696e-07, 8.03949535e-07, 2.20147502e-06,
       3.31873125e-07, 1.49366748e-07, 8.03498543e-06, 1.25601726e-06,
       1.44281409e-06, 4.32714836e-06, 2.66944335e-06, 1.23566985e-06,
       2.07890493e-06, 6.89675018e-06, 8.94899818e-07, 5.39920870e-05,
       4.02575185e-04, 7.54762067e-04, 5.24804641e-03, 1.58638808e-02,
       2.24946941e-03, 7.69326335e-03, 9.03203162e-02, 3.08814454e-02,
       5.94850833e-03, 2.79015614e-03, 2.43224912e-02, 7.57957569e-03,
       3.09114823e-02, 1.15420232e-02, 1.38330844e-01, 4.06211267e-03,
       5.17214488e-03, 1.91666906e-02, 7.46059959e-02, 1.93959345e-01,
       7.62014054e-04, 5.83125537e-05, 3.39165782e-03, 1.10501358e-03,
       5.66658639e-03, 4.62071580e-03, 7.67612888e-04, 1.22949404e-06,
       5.34582902e-04, 1.37166584e-02, 6.67866637e-05, 8.27719686e-03,
       2.40906750e-02, 6.11114802e-04, 4.35258633e-06, 2.33129023e-05,
       5.76119285e-07, 1.08656945e-03, 2.22135763e-07, 2.15287710e-06,
       4.27917507e-07]), array([1.29261970e-02, 8.15604627e-02, 1.26339150e-02, 3.16088693e-06,
       5.16745388e-05, 2.20153169e-02, 1.06348457e-04, 8.76982225e-03,
       4.62426322e-07, 9.72701774e-07, 6.32132245e-06, 2.06708384e-06,
       4.58967040e-03, 3.55326649e-02, 7.31721184e-03, 8.50905106e-07,
       5.17051971e-07, 1.64267613e-07, 5.02619473e-07, 5.85186122e-06,
       3.57396344e-07, 1.15271630e-06, 1.39985518e-05, 1.61235636e-07,
       3.31007021e-07, 9.23516560e-08, 7.41758484e-06, 1.33767132e-06,
       6.24406220e-06, 5.20773269e-07, 7.92453518e-07, 1.01692053e-06,
       7.70463550e-08, 3.45691428e-06, 9.14674172e-06, 7.59339729e-07,
       2.00688980e-06, 1.12062039e-06, 9.36408020e-06, 2.39834903e-07,
       1.91261743e-06, 2.48319358e-06, 9.60374360e-07, 1.85735978e-05,
       3.20007366e-04, 3.42953772e-02, 3.21796060e-04, 6.34079975e-03,
       1.59173549e-04, 1.70086942e-03, 2.29084232e-01, 1.02550371e-03,
       2.22586537e-04, 3.20109719e-02, 1.10435733e-04, 2.34240123e-03,
       6.05443989e-03, 1.37795826e-03, 8.00174526e-02, 3.95623124e-02,
       7.65138219e-04, 1.09909091e-02, 1.13745816e-02, 3.78047423e-02,
       4.40439025e-03, 3.16822688e-05, 9.98845880e-05, 1.18005619e-03,
       1.48303280e-03, 3.78450251e-04, 1.50184379e-04, 5.34915183e-06,
       1.34846211e-02, 2.20283031e-01, 1.15535005e-05, 1.37341094e-02,
       6.16544858e-02, 1.82071486e-04, 1.05605710e-06, 3.04843034e-06,
       4.30797570e-06, 1.41708249e-03, 1.12700027e-06, 3.75429856e-07,
       7.32589936e-07]), array([5.21497934e-03, 5.05599277e-03, 1.01926946e-03, 2.65860099e-05,
       7.59057870e-04, 4.77748138e-03, 5.48157958e-05, 2.79678306e-03,
       1.16786432e-04, 4.08291832e-06, 6.94195538e-07, 9.25757597e-05,
       1.30791898e-03, 3.63209103e-04, 9.75113045e-04, 9.12723728e-07,
       7.25061927e-06, 2.64078887e-07, 1.37228790e-06, 4.13687900e-06,
       1.94951550e-05, 6.18196509e-06, 5.70609030e-06, 3.25298815e-06,
       1.51634613e-06, 2.74301201e-07, 1.19681969e-06, 1.46259508e-06,
       7.87596219e-05, 3.76611350e-06, 1.17244232e-06, 2.82115615e-05,
       3.00221532e-06, 2.00555172e-08, 9.43875924e-06, 2.56074145e-05,
       7.24456991e-05, 1.68794971e-05, 2.74030686e-06, 8.00350255e-06,
       8.26138241e-06, 6.42967788e-05, 2.41656483e-06, 2.97569251e-05,
       6.84863061e-05, 1.98596439e-03, 5.07456138e-03, 2.04706309e-02,
       5.54602307e-03, 1.35710157e-02, 4.86429445e-01, 1.00467703e-02,
       3.45037833e-03, 8.38932561e-03, 1.94626103e-02, 3.69870125e-03,
       3.80559600e-02, 4.84800554e-03, 1.14451489e-01, 1.06552924e-02,
       3.06253990e-03, 6.13206153e-03, 1.33855980e-01, 4.16649308e-02,
       2.71635329e-03, 3.46640828e-05, 9.04960570e-04, 1.23393324e-03,
       7.19936342e-03, 2.24186273e-04, 2.33382389e-03, 2.22741208e-05,
       2.30197752e-03, 5.28479390e-04, 4.83352213e-05, 1.46359279e-02,
       1.32619343e-02, 2.23757109e-04, 3.01338576e-06, 2.69267273e-05,
       2.17194983e-06, 3.92417431e-04, 3.44621009e-07, 8.72776689e-07,
       1.09636404e-05]), array([7.36831029e-03, 1.32403868e-01, 6.73714172e-03, 1.09609751e-05,
       7.78517618e-05, 4.03899499e-02, 3.55559617e-04, 1.27289747e-02,
       1.01699875e-06, 2.49203832e-06, 5.26827017e-07, 1.59187510e-06,
       1.40828694e-02, 4.14854609e-02, 7.63687644e-03, 1.07048560e-06,
       4.44123729e-07, 5.37329368e-07, 8.86199806e-08, 6.54728047e-06,
       8.62012235e-07, 9.04358513e-07, 7.32367953e-06, 4.51430264e-07,
       2.42834529e-06, 1.32014691e-07, 4.22799105e-07, 1.70575520e-06,
       1.40061321e-05, 4.09139696e-07, 8.03949535e-07, 2.20147502e-06,
       3.31873125e-07, 1.49366748e-07, 8.03498543e-06, 1.25601726e-06,
       1.44281409e-06, 4.32714836e-06, 2.66944335e-06, 1.23566985e-06,
       2.07890493e-06, 6.89675018e-06, 8.94899818e-07, 5.39920870e-05,
       4.02575185e-04, 7.54762067e-04, 5.24804641e-03, 1.58638808e-02,
       2.24946941e-03, 7.69326335e-03, 9.03203162e-02, 3.08814454e-02,
       5.94850833e-03, 2.79015614e-03, 2.43224912e-02, 7.57957569e-03,
       3.09114823e-02, 1.15420232e-02, 1.38330844e-01, 4.06211267e-03,
       5.17214488e-03, 1.91666906e-02, 7.46059959e-02, 1.93959345e-01,
       7.62014054e-04, 5.83125537e-05, 3.39165782e-03, 1.10501358e-03,
       5.66658639e-03, 4.62071580e-03, 7.67612888e-04, 1.22949404e-06,
       5.34582902e-04, 1.37166584e-02, 6.67866637e-05, 8.27719686e-03,
       2.40906750e-02, 6.11114802e-04, 4.35258633e-06, 2.33129023e-05,
       5.76119285e-07, 1.08656945e-03, 2.22135763e-07, 2.15287710e-06,
       4.27917507e-07]), array([1.29261970e-02, 8.15604627e-02, 1.26339150e-02, 3.16088693e-06,
       5.16745388e-05, 2.20153169e-02, 1.06348457e-04, 8.76982225e-03,
       4.62426322e-07, 9.72701774e-07, 6.32132245e-06, 2.06708384e-06,
       4.58967040e-03, 3.55326649e-02, 7.31721184e-03, 8.50905106e-07,
       5.17051971e-07, 1.64267613e-07, 5.02619473e-07, 5.85186122e-06,
       3.57396344e-07, 1.15271630e-06, 1.39985518e-05, 1.61235636e-07,
       3.31007021e-07, 9.23516560e-08, 7.41758484e-06, 1.33767132e-06,
       6.24406220e-06, 5.20773269e-07, 7.92453518e-07, 1.01692053e-06,
       7.70463550e-08, 3.45691428e-06, 9.14674172e-06, 7.59339729e-07,
       2.00688980e-06, 1.12062039e-06, 9.36408020e-06, 2.39834903e-07,
       1.91261743e-06, 2.48319358e-06, 9.60374360e-07, 1.85735978e-05,
       3.20007366e-04, 3.42953772e-02, 3.21796060e-04, 6.34079975e-03,
       1.59173549e-04, 1.70086942e-03, 2.29084232e-01, 1.02550371e-03,
       2.22586537e-04, 3.20109719e-02, 1.10435733e-04, 2.34240123e-03,
       6.05443989e-03, 1.37795826e-03, 8.00174526e-02, 3.95623124e-02,
       7.65138219e-04, 1.09909091e-02, 1.13745816e-02, 3.78047423e-02,
       4.40439025e-03, 3.16822688e-05, 9.98845880e-05, 1.18005619e-03,
       1.48303280e-03, 3.78450251e-04, 1.50184379e-04, 5.34915183e-06,
       1.34846211e-02, 2.20283031e-01, 1.15535005e-05, 1.37341094e-02,
       6.16544858e-02, 1.82071486e-04, 1.05605710e-06, 3.04843034e-06,
       4.30797570e-06, 1.41708249e-03, 1.12700027e-06, 3.75429856e-07,
       7.32589936e-07]), array([5.21497934e-03, 5.05599277e-03, 1.01926946e-03, 2.65860099e-05,
       7.59057870e-04, 4.77748138e-03, 5.48157958e-05, 2.79678306e-03,
       1.16786432e-04, 4.08291832e-06, 6.94195538e-07, 9.25757597e-05,
       1.30791898e-03, 3.63209103e-04, 9.75113045e-04, 9.12723728e-07,
       7.25061927e-06, 2.64078887e-07, 1.37228790e-06, 4.13687900e-06,
       1.94951550e-05, 6.18196509e-06, 5.70609030e-06, 3.25298815e-06,
       1.51634613e-06, 2.74301201e-07, 1.19681969e-06, 1.46259508e-06,
       7.87596219e-05, 3.76611350e-06, 1.17244232e-06, 2.82115615e-05,
       3.00221532e-06, 2.00555172e-08, 9.43875924e-06, 2.56074145e-05,
       7.24456991e-05, 1.68794971e-05, 2.74030686e-06, 8.00350255e-06,
       8.26138241e-06, 6.42967788e-05, 2.41656483e-06, 2.97569251e-05,
       6.84863061e-05, 1.98596439e-03, 5.07456138e-03, 2.04706309e-02,
       5.54602307e-03, 1.35710157e-02, 4.86429445e-01, 1.00467703e-02,
       3.45037833e-03, 8.38932561e-03, 1.94626103e-02, 3.69870125e-03,
       3.80559600e-02, 4.84800554e-03, 1.14451489e-01, 1.06552924e-02,
       3.06253990e-03, 6.13206153e-03, 1.33855980e-01, 4.16649308e-02,
       2.71635329e-03, 3.46640828e-05, 9.04960570e-04, 1.23393324e-03,
       7.19936342e-03, 2.24186273e-04, 2.33382389e-03, 2.22741208e-05,
       2.30197752e-03, 5.28479390e-04, 4.83352213e-05, 1.46359279e-02,
       1.32619343e-02, 2.23757109e-04, 3.01338576e-06, 2.69267273e-05,
       2.17194983e-06, 3.92417431e-04, 3.44621009e-07, 8.72776689e-07,
       1.09636404e-05]), array([7.36831029e-03, 1.32403868e-01, 6.73714172e-03, 1.09609751e-05,
       7.78517618e-05, 4.03899499e-02, 3.55559617e-04, 1.27289747e-02,
       1.01699875e-06, 2.49203832e-06, 5.26827017e-07, 1.59187510e-06,
       1.40828694e-02, 4.14854609e-02, 7.63687644e-03, 1.07048560e-06,
       4.44123729e-07, 5.37329368e-07, 8.86199806e-08, 6.54728047e-06,
       8.62012235e-07, 9.04358513e-07, 7.32367953e-06, 4.51430264e-07,
       2.42834529e-06, 1.32014691e-07, 4.22799105e-07, 1.70575520e-06,
       1.40061321e-05, 4.09139696e-07, 8.03949535e-07, 2.20147502e-06,
       3.31873125e-07, 1.49366748e-07, 8.03498543e-06, 1.25601726e-06,
       1.44281409e-06, 4.32714836e-06, 2.66944335e-06, 1.23566985e-06,
       2.07890493e-06, 6.89675018e-06, 8.94899818e-07, 5.39920870e-05,
       4.02575185e-04, 7.54762067e-04, 5.24804641e-03, 1.58638808e-02,
       2.24946941e-03, 7.69326335e-03, 9.03203162e-02, 3.08814454e-02,
       5.94850833e-03, 2.79015614e-03, 2.43224912e-02, 7.57957569e-03,
       3.09114823e-02, 1.15420232e-02, 1.38330844e-01, 4.06211267e-03,
       5.17214488e-03, 1.91666906e-02, 7.46059959e-02, 1.93959345e-01,
       7.62014054e-04, 5.83125537e-05, 3.39165782e-03, 1.10501358e-03,
       5.66658639e-03, 4.62071580e-03, 7.67612888e-04, 1.22949404e-06,
       5.34582902e-04, 1.37166584e-02, 6.67866637e-05, 8.27719686e-03,
       2.40906750e-02, 6.11114802e-04, 4.35258633e-06, 2.33129023e-05,
       5.76119285e-07, 1.08656945e-03, 2.22135763e-07, 2.15287710e-06,
       4.27917507e-07]), array([1.29261970e-02, 8.15604627e-02, 1.26339150e-02, 3.16088693e-06,
       5.16745388e-05, 2.20153169e-02, 1.06348457e-04, 8.76982225e-03,
       4.62426322e-07, 9.72701774e-07, 6.32132245e-06, 2.06708384e-06,
       4.58967040e-03, 3.55326649e-02, 7.31721184e-03, 8.50905106e-07,
       5.17051971e-07, 1.64267613e-07, 5.02619473e-07, 5.85186122e-06,
       3.57396344e-07, 1.15271630e-06, 1.39985518e-05, 1.61235636e-07,
       3.31007021e-07, 9.23516560e-08, 7.41758484e-06, 1.33767132e-06,
       6.24406220e-06, 5.20773269e-07, 7.92453518e-07, 1.01692053e-06,
       7.70463550e-08, 3.45691428e-06, 9.14674172e-06, 7.59339729e-07,
       2.00688980e-06, 1.12062039e-06, 9.36408020e-06, 2.39834903e-07,
       1.91261743e-06, 2.48319358e-06, 9.60374360e-07, 1.85735978e-05,
       3.20007366e-04, 3.42953772e-02, 3.21796060e-04, 6.34079975e-03,
       1.59173549e-04, 1.70086942e-03, 2.29084232e-01, 1.02550371e-03,
       2.22586537e-04, 3.20109719e-02, 1.10435733e-04, 2.34240123e-03,
       6.05443989e-03, 1.37795826e-03, 8.00174526e-02, 3.95623124e-02,
       7.65138219e-04, 1.09909091e-02, 1.13745816e-02, 3.78047423e-02,
       4.40439025e-03, 3.16822688e-05, 9.98845880e-05, 1.18005619e-03,
       1.48303280e-03, 3.78450251e-04, 1.50184379e-04, 5.34915183e-06,
       1.34846211e-02, 2.20283031e-01, 1.15535005e-05, 1.37341094e-02,
       6.16544858e-02, 1.82071486e-04, 1.05605710e-06, 3.04843034e-06,
       4.30797570e-06, 1.41708249e-03, 1.12700027e-06, 3.75429856e-07,
       7.32589936e-07]), array([5.21497934e-03, 5.05599277e-03, 1.01926946e-03, 2.65860099e-05,
       7.59057870e-04, 4.77748138e-03, 5.48157958e-05, 2.79678306e-03,
       1.16786432e-04, 4.08291832e-06, 6.94195538e-07, 9.25757597e-05,
       1.30791898e-03, 3.63209103e-04, 9.75113045e-04, 9.12723728e-07,
       7.25061927e-06, 2.64078887e-07, 1.37228790e-06, 4.13687900e-06,
       1.94951550e-05, 6.18196509e-06, 5.70609030e-06, 3.25298815e-06,
       1.51634613e-06, 2.74301201e-07, 1.19681969e-06, 1.46259508e-06,
       7.87596219e-05, 3.76611350e-06, 1.17244232e-06, 2.82115615e-05,
       3.00221532e-06, 2.00555172e-08, 9.43875924e-06, 2.56074145e-05,
       7.24456991e-05, 1.68794971e-05, 2.74030686e-06, 8.00350255e-06,
       8.26138241e-06, 6.42967788e-05, 2.41656483e-06, 2.97569251e-05,
       6.84863061e-05, 1.98596439e-03, 5.07456138e-03, 2.04706309e-02,
       5.54602307e-03, 1.35710157e-02, 4.86429445e-01, 1.00467703e-02,
       3.45037833e-03, 8.38932561e-03, 1.94626103e-02, 3.69870125e-03,
       3.80559600e-02, 4.84800554e-03, 1.14451489e-01, 1.06552924e-02,
       3.06253990e-03, 6.13206153e-03, 1.33855980e-01, 4.16649308e-02,
       2.71635329e-03, 3.46640828e-05, 9.04960570e-04, 1.23393324e-03,
       7.19936342e-03, 2.24186273e-04, 2.33382389e-03, 2.22741208e-05,
       2.30197752e-03, 5.28479390e-04, 4.83352213e-05, 1.46359279e-02,
       1.32619343e-02, 2.23757109e-04, 3.01338576e-06, 2.69267273e-05,
       2.17194983e-06, 3.92417431e-04, 3.44621009e-07, 8.72776689e-07,
       1.09636404e-05]), array([7.36831029e-03, 1.32403868e-01, 6.73714172e-03, 1.09609751e-05,
       7.78517618e-05, 4.03899499e-02, 3.55559617e-04, 1.27289747e-02,
       1.01699875e-06, 2.49203832e-06, 5.26827017e-07, 1.59187510e-06,
       1.40828694e-02, 4.14854609e-02, 7.63687644e-03, 1.07048560e-06,
       4.44123729e-07, 5.37329368e-07, 8.86199806e-08, 6.54728047e-06,
       8.62012235e-07, 9.04358513e-07, 7.32367953e-06, 4.51430264e-07,
       2.42834529e-06, 1.32014691e-07, 4.22799105e-07, 1.70575520e-06,
       1.40061321e-05, 4.09139696e-07, 8.03949535e-07, 2.20147502e-06,
       3.31873125e-07, 1.49366748e-07, 8.03498543e-06, 1.25601726e-06,
       1.44281409e-06, 4.32714836e-06, 2.66944335e-06, 1.23566985e-06,
       2.07890493e-06, 6.89675018e-06, 8.94899818e-07, 5.39920870e-05,
       4.02575185e-04, 7.54762067e-04, 5.24804641e-03, 1.58638808e-02,
       2.24946941e-03, 7.69326335e-03, 9.03203162e-02, 3.08814454e-02,
       5.94850833e-03, 2.79015614e-03, 2.43224912e-02, 7.57957569e-03,
       3.09114823e-02, 1.15420232e-02, 1.38330844e-01, 4.06211267e-03,
       5.17214488e-03, 1.91666906e-02, 7.46059959e-02, 1.93959345e-01,
       7.62014054e-04, 5.83125537e-05, 3.39165782e-03, 1.10501358e-03,
       5.66658639e-03, 4.62071580e-03, 7.67612888e-04, 1.22949404e-06,
       5.34582902e-04, 1.37166584e-02, 6.67866637e-05, 8.27719686e-03,
       2.40906750e-02, 6.11114802e-04, 4.35258633e-06, 2.33129023e-05,
       5.76119285e-07, 1.08656945e-03, 2.22135763e-07, 2.15287710e-06,
       4.27917507e-07]), array([1.29261970e-02, 8.15604627e-02, 1.26339150e-02, 3.16088693e-06,
       5.16745388e-05, 2.20153169e-02, 1.06348457e-04, 8.76982225e-03,
       4.62426322e-07, 9.72701774e-07, 6.32132245e-06, 2.06708384e-06,
       4.58967040e-03, 3.55326649e-02, 7.31721184e-03, 8.50905106e-07,
       5.17051971e-07, 1.64267613e-07, 5.02619473e-07, 5.85186122e-06,
       3.57396344e-07, 1.15271630e-06, 1.39985518e-05, 1.61235636e-07,
       3.31007021e-07, 9.23516560e-08, 7.41758484e-06, 1.33767132e-06,
       6.24406220e-06, 5.20773269e-07, 7.92453518e-07, 1.01692053e-06,
       7.70463550e-08, 3.45691428e-06, 9.14674172e-06, 7.59339729e-07,
       2.00688980e-06, 1.12062039e-06, 9.36408020e-06, 2.39834903e-07,
       1.91261743e-06, 2.48319358e-06, 9.60374360e-07, 1.85735978e-05,
       3.20007366e-04, 3.42953772e-02, 3.21796060e-04, 6.34079975e-03,
       1.59173549e-04, 1.70086942e-03, 2.29084232e-01, 1.02550371e-03,
       2.22586537e-04, 3.20109719e-02, 1.10435733e-04, 2.34240123e-03,
       6.05443989e-03, 1.37795826e-03, 8.00174526e-02, 3.95623124e-02,
       7.65138219e-04, 1.09909091e-02, 1.13745816e-02, 3.78047423e-02,
       4.40439025e-03, 3.16822688e-05, 9.98845880e-05, 1.18005619e-03,
       1.48303280e-03, 3.78450251e-04, 1.50184379e-04, 5.34915183e-06,
       1.34846211e-02, 2.20283031e-01, 1.15535005e-05, 1.37341094e-02,
       6.16544858e-02, 1.82071486e-04, 1.05605710e-06, 3.04843034e-06,
       4.30797570e-06, 1.41708249e-03, 1.12700027e-06, 3.75429856e-07,
       7.32589936e-07]), array([5.21497934e-03, 5.05599277e-03, 1.01926946e-03, 2.65860099e-05,
       7.59057870e-04, 4.77748138e-03, 5.48157958e-05, 2.79678306e-03,
       1.16786432e-04, 4.08291832e-06, 6.94195538e-07, 9.25757597e-05,
       1.30791898e-03, 3.63209103e-04, 9.75113045e-04, 9.12723728e-07,
       7.25061927e-06, 2.64078887e-07, 1.37228790e-06, 4.13687900e-06,
       1.94951550e-05, 6.18196509e-06, 5.70609030e-06, 3.25298815e-06,
       1.51634613e-06, 2.74301201e-07, 1.19681969e-06, 1.46259508e-06,
       7.87596219e-05, 3.76611350e-06, 1.17244232e-06, 2.82115615e-05,
       3.00221532e-06, 2.00555172e-08, 9.43875924e-06, 2.56074145e-05,
       7.24456991e-05, 1.68794971e-05, 2.74030686e-06, 8.00350255e-06,
       8.26138241e-06, 6.42967788e-05, 2.41656483e-06, 2.97569251e-05,
       6.84863061e-05, 1.98596439e-03, 5.07456138e-03, 2.04706309e-02,
       5.54602307e-03, 1.35710157e-02, 4.86429445e-01, 1.00467703e-02,
       3.45037833e-03, 8.38932561e-03, 1.94626103e-02, 3.69870125e-03,
       3.80559600e-02, 4.84800554e-03, 1.14451489e-01, 1.06552924e-02,
       3.06253990e-03, 6.13206153e-03, 1.33855980e-01, 4.16649308e-02,
       2.71635329e-03, 3.46640828e-05, 9.04960570e-04, 1.23393324e-03,
       7.19936342e-03, 2.24186273e-04, 2.33382389e-03, 2.22741208e-05,
       2.30197752e-03, 5.28479390e-04, 4.83352213e-05, 1.46359279e-02,
       1.32619343e-02, 2.23757109e-04, 3.01338576e-06, 2.69267273e-05,
       2.17194983e-06, 3.92417431e-04, 3.44621009e-07, 8.72776689e-07,
       1.09636404e-05]), array([7.36831029e-03, 1.32403868e-01, 6.73714172e-03, 1.09609751e-05,
       7.78517618e-05, 4.03899499e-02, 3.55559617e-04, 1.27289747e-02,
       1.01699875e-06, 2.49203832e-06, 5.26827017e-07, 1.59187510e-06,
       1.40828694e-02, 4.14854609e-02, 7.63687644e-03, 1.07048560e-06,
       4.44123729e-07, 5.37329368e-07, 8.86199806e-08, 6.54728047e-06,
       8.62012235e-07, 9.04358513e-07, 7.32367953e-06, 4.51430264e-07,
       2.42834529e-06, 1.32014691e-07, 4.22799105e-07, 1.70575520e-06,
       1.40061321e-05, 4.09139696e-07, 8.03949535e-07, 2.20147502e-06,
       3.31873125e-07, 1.49366748e-07, 8.03498543e-06, 1.25601726e-06,
       1.44281409e-06, 4.32714836e-06, 2.66944335e-06, 1.23566985e-06,
       2.07890493e-06, 6.89675018e-06, 8.94899818e-07, 5.39920870e-05,
       4.02575185e-04, 7.54762067e-04, 5.24804641e-03, 1.58638808e-02,
       2.24946941e-03, 7.69326335e-03, 9.03203162e-02, 3.08814454e-02,
       5.94850833e-03, 2.79015614e-03, 2.43224912e-02, 7.57957569e-03,
       3.09114823e-02, 1.15420232e-02, 1.38330844e-01, 4.06211267e-03,
       5.17214488e-03, 1.91666906e-02, 7.46059959e-02, 1.93959345e-01,
       7.62014054e-04, 5.83125537e-05, 3.39165782e-03, 1.10501358e-03,
       5.66658639e-03, 4.62071580e-03, 7.67612888e-04, 1.22949404e-06,
       5.34582902e-04, 1.37166584e-02, 6.67866637e-05, 8.27719686e-03,
       2.40906750e-02, 6.11114802e-04, 4.35258633e-06, 2.33129023e-05,
       5.76119285e-07, 1.08656945e-03, 2.22135763e-07, 2.15287710e-06,
       4.27917507e-07]), array([1.29261970e-02, 8.15604627e-02, 1.26339150e-02, 3.16088693e-06,
       5.16745388e-05, 2.20153169e-02, 1.06348457e-04, 8.76982225e-03,
       4.62426322e-07, 9.72701774e-07, 6.32132245e-06, 2.06708384e-06,
       4.58967040e-03, 3.55326649e-02, 7.31721184e-03, 8.50905106e-07,
       5.17051971e-07, 1.64267613e-07, 5.02619473e-07, 5.85186122e-06,
       3.57396344e-07, 1.15271630e-06, 1.39985518e-05, 1.61235636e-07,
       3.31007021e-07, 9.23516560e-08, 7.41758484e-06, 1.33767132e-06,
       6.24406220e-06, 5.20773269e-07, 7.92453518e-07, 1.01692053e-06,
       7.70463550e-08, 3.45691428e-06, 9.14674172e-06, 7.59339729e-07,
       2.00688980e-06, 1.12062039e-06, 9.36408020e-06, 2.39834903e-07,
       1.91261743e-06, 2.48319358e-06, 9.60374360e-07, 1.85735978e-05,
       3.20007366e-04, 3.42953772e-02, 3.21796060e-04, 6.34079975e-03,
       1.59173549e-04, 1.70086942e-03, 2.29084232e-01, 1.02550371e-03,
       2.22586537e-04, 3.20109719e-02, 1.10435733e-04, 2.34240123e-03,
       6.05443989e-03, 1.37795826e-03, 8.00174526e-02, 3.95623124e-02,
       7.65138219e-04, 1.09909091e-02, 1.13745816e-02, 3.78047423e-02,
       4.40439025e-03, 3.16822688e-05, 9.98845880e-05, 1.18005619e-03,
       1.48303280e-03, 3.78450251e-04, 1.50184379e-04, 5.34915183e-06,
       1.34846211e-02, 2.20283031e-01, 1.15535005e-05, 1.37341094e-02,
       6.16544858e-02, 1.82071486e-04, 1.05605710e-06, 3.04843034e-06,
       4.30797570e-06, 1.41708249e-03, 1.12700027e-06, 3.75429856e-07,
       7.32589936e-07]), array([5.21497934e-03, 5.05599277e-03, 1.01926946e-03, 2.65860099e-05,
       7.59057870e-04, 4.77748138e-03, 5.48157958e-05, 2.79678306e-03,
       1.16786432e-04, 4.08291832e-06, 6.94195538e-07, 9.25757597e-05,
       1.30791898e-03, 3.63209103e-04, 9.75113045e-04, 9.12723728e-07,
       7.25061927e-06, 2.64078887e-07, 1.37228790e-06, 4.13687900e-06,
       1.94951550e-05, 6.18196509e-06, 5.70609030e-06, 3.25298815e-06,
       1.51634613e-06, 2.74301201e-07, 1.19681969e-06, 1.46259508e-06,
       7.87596219e-05, 3.76611350e-06, 1.17244232e-06, 2.82115615e-05,
       3.00221532e-06, 2.00555172e-08, 9.43875924e-06, 2.56074145e-05,
       7.24456991e-05, 1.68794971e-05, 2.74030686e-06, 8.00350255e-06,
       8.26138241e-06, 6.42967788e-05, 2.41656483e-06, 2.97569251e-05,
       6.84863061e-05, 1.98596439e-03, 5.07456138e-03, 2.04706309e-02,
       5.54602307e-03, 1.35710157e-02, 4.86429445e-01, 1.00467703e-02,
       3.45037833e-03, 8.38932561e-03, 1.94626103e-02, 3.69870125e-03,
       3.80559600e-02, 4.84800554e-03, 1.14451489e-01, 1.06552924e-02,
       3.06253990e-03, 6.13206153e-03, 1.33855980e-01, 4.16649308e-02,
       2.71635329e-03, 3.46640828e-05, 9.04960570e-04, 1.23393324e-03,
       7.19936342e-03, 2.24186273e-04, 2.33382389e-03, 2.22741208e-05,
       2.30197752e-03, 5.28479390e-04, 4.83352213e-05, 1.46359279e-02,
       1.32619343e-02, 2.23757109e-04, 3.01338576e-06, 2.69267273e-05,
       2.17194983e-06, 3.92417431e-04, 3.44621009e-07, 8.72776689e-07,
       1.09636404e-05]), array([7.36831029e-03, 1.32403868e-01, 6.73714172e-03, 1.09609751e-05,
       7.78517618e-05, 4.03899499e-02, 3.55559617e-04, 1.27289747e-02,
       1.01699875e-06, 2.49203832e-06, 5.26827017e-07, 1.59187510e-06,
       1.40828694e-02, 4.14854609e-02, 7.63687644e-03, 1.07048560e-06,
       4.44123729e-07, 5.37329368e-07, 8.86199806e-08, 6.54728047e-06,
       8.62012235e-07, 9.04358513e-07, 7.32367953e-06, 4.51430264e-07,
       2.42834529e-06, 1.32014691e-07, 4.22799105e-07, 1.70575520e-06,
       1.40061321e-05, 4.09139696e-07, 8.03949535e-07, 2.20147502e-06,
       3.31873125e-07, 1.49366748e-07, 8.03498543e-06, 1.25601726e-06,
       1.44281409e-06, 4.32714836e-06, 2.66944335e-06, 1.23566985e-06,
       2.07890493e-06, 6.89675018e-06, 8.94899818e-07, 5.39920870e-05,
       4.02575185e-04, 7.54762067e-04, 5.24804641e-03, 1.58638808e-02,
       2.24946941e-03, 7.69326335e-03, 9.03203162e-02, 3.08814454e-02,
       5.94850833e-03, 2.79015614e-03, 2.43224912e-02, 7.57957569e-03,
       3.09114823e-02, 1.15420232e-02, 1.38330844e-01, 4.06211267e-03,
       5.17214488e-03, 1.91666906e-02, 7.46059959e-02, 1.93959345e-01,
       7.62014054e-04, 5.83125537e-05, 3.39165782e-03, 1.10501358e-03,
       5.66658639e-03, 4.62071580e-03, 7.67612888e-04, 1.22949404e-06,
       5.34582902e-04, 1.37166584e-02, 6.67866637e-05, 8.27719686e-03,
       2.40906750e-02, 6.11114802e-04, 4.35258633e-06, 2.33129023e-05,
       5.76119285e-07, 1.08656945e-03, 2.22135763e-07, 2.15287710e-06,
       4.27917507e-07]), array([1.29261970e-02, 8.15604627e-02, 1.26339150e-02, 3.16088693e-06,
       5.16745388e-05, 2.20153169e-02, 1.06348457e-04, 8.76982225e-03,
       4.62426322e-07, 9.72701774e-07, 6.32132245e-06, 2.06708384e-06,
       4.58967040e-03, 3.55326649e-02, 7.31721184e-03, 8.50905106e-07,
       5.17051971e-07, 1.64267613e-07, 5.02619473e-07, 5.85186122e-06,
       3.57396344e-07, 1.15271630e-06, 1.39985518e-05, 1.61235636e-07,
       3.31007021e-07, 9.23516560e-08, 7.41758484e-06, 1.33767132e-06,
       6.24406220e-06, 5.20773269e-07, 7.92453518e-07, 1.01692053e-06,
       7.70463550e-08, 3.45691428e-06, 9.14674172e-06, 7.59339729e-07,
       2.00688980e-06, 1.12062039e-06, 9.36408020e-06, 2.39834903e-07,
       1.91261743e-06, 2.48319358e-06, 9.60374360e-07, 1.85735978e-05,
       3.20007366e-04, 3.42953772e-02, 3.21796060e-04, 6.34079975e-03,
       1.59173549e-04, 1.70086942e-03, 2.29084232e-01, 1.02550371e-03,
       2.22586537e-04, 3.20109719e-02, 1.10435733e-04, 2.34240123e-03,
       6.05443989e-03, 1.37795826e-03, 8.00174526e-02, 3.95623124e-02,
       7.65138219e-04, 1.09909091e-02, 1.13745816e-02, 3.78047423e-02,
       4.40439025e-03, 3.16822688e-05, 9.98845880e-05, 1.18005619e-03,
       1.48303280e-03, 3.78450251e-04, 1.50184379e-04, 5.34915183e-06,
       1.34846211e-02, 2.20283031e-01, 1.15535005e-05, 1.37341094e-02,
       6.16544858e-02, 1.82071486e-04, 1.05605710e-06, 3.04843034e-06,
       4.30797570e-06, 1.41708249e-03, 1.12700027e-06, 3.75429856e-07,
       7.32589936e-07]), array([5.21497934e-03, 5.05599277e-03, 1.01926946e-03, 2.65860099e-05,
       7.59057870e-04, 4.77748138e-03, 5.48157958e-05, 2.79678306e-03,
       1.16786432e-04, 4.08291832e-06, 6.94195538e-07, 9.25757597e-05,
       1.30791898e-03, 3.63209103e-04, 9.75113045e-04, 9.12723728e-07,
       7.25061927e-06, 2.64078887e-07, 1.37228790e-06, 4.13687900e-06,
       1.94951550e-05, 6.18196509e-06, 5.70609030e-06, 3.25298815e-06,
       1.51634613e-06, 2.74301201e-07, 1.19681969e-06, 1.46259508e-06,
       7.87596219e-05, 3.76611350e-06, 1.17244232e-06, 2.82115615e-05,
       3.00221532e-06, 2.00555172e-08, 9.43875924e-06, 2.56074145e-05,
       7.24456991e-05, 1.68794971e-05, 2.74030686e-06, 8.00350255e-06,
       8.26138241e-06, 6.42967788e-05, 2.41656483e-06, 2.97569251e-05,
       6.84863061e-05, 1.98596439e-03, 5.07456138e-03, 2.04706309e-02,
       5.54602307e-03, 1.35710157e-02, 4.86429445e-01, 1.00467703e-02,
       3.45037833e-03, 8.38932561e-03, 1.94626103e-02, 3.69870125e-03,
       3.80559600e-02, 4.84800554e-03, 1.14451489e-01, 1.06552924e-02,
       3.06253990e-03, 6.13206153e-03, 1.33855980e-01, 4.16649308e-02,
       2.71635329e-03, 3.46640828e-05, 9.04960570e-04, 1.23393324e-03,
       7.19936342e-03, 2.24186273e-04, 2.33382389e-03, 2.22741208e-05,
       2.30197752e-03, 5.28479390e-04, 4.83352213e-05, 1.46359279e-02,
       1.32619343e-02, 2.23757109e-04, 3.01338576e-06, 2.69267273e-05,
       2.17194983e-06, 3.92417431e-04, 3.44621009e-07, 8.72776689e-07,
       1.09636404e-05]), array([7.36831029e-03, 1.32403868e-01, 6.73714172e-03, 1.09609751e-05,
       7.78517618e-05, 4.03899499e-02, 3.55559617e-04, 1.27289747e-02,
       1.01699875e-06, 2.49203832e-06, 5.26827017e-07, 1.59187510e-06,
       1.40828694e-02, 4.14854609e-02, 7.63687644e-03, 1.07048560e-06,
       4.44123729e-07, 5.37329368e-07, 8.86199806e-08, 6.54728047e-06,
       8.62012235e-07, 9.04358513e-07, 7.32367953e-06, 4.51430264e-07,
       2.42834529e-06, 1.32014691e-07, 4.22799105e-07, 1.70575520e-06,
       1.40061321e-05, 4.09139696e-07, 8.03949535e-07, 2.20147502e-06,
       3.31873125e-07, 1.49366748e-07, 8.03498543e-06, 1.25601726e-06,
       1.44281409e-06, 4.32714836e-06, 2.66944335e-06, 1.23566985e-06,
       2.07890493e-06, 6.89675018e-06, 8.94899818e-07, 5.39920870e-05,
       4.02575185e-04, 7.54762067e-04, 5.24804641e-03, 1.58638808e-02,
       2.24946941e-03, 7.69326335e-03, 9.03203162e-02, 3.08814454e-02,
       5.94850833e-03, 2.79015614e-03, 2.43224912e-02, 7.57957569e-03,
       3.09114823e-02, 1.15420232e-02, 1.38330844e-01, 4.06211267e-03,
       5.17214488e-03, 1.91666906e-02, 7.46059959e-02, 1.93959345e-01,
       7.62014054e-04, 5.83125537e-05, 3.39165782e-03, 1.10501358e-03,
       5.66658639e-03, 4.62071580e-03, 7.67612888e-04, 1.22949404e-06,
       5.34582902e-04, 1.37166584e-02, 6.67866637e-05, 8.27719686e-03,
       2.40906750e-02, 6.11114802e-04, 4.35258633e-06, 2.33129023e-05,
       5.76119285e-07, 1.08656945e-03, 2.22135763e-07, 2.15287710e-06,
       4.27917507e-07]), array([1.29261970e-02, 8.15604627e-02, 1.26339150e-02, 3.16088693e-06,
       5.16745388e-05, 2.20153169e-02, 1.06348457e-04, 8.76982225e-03,
       4.62426322e-07, 9.72701774e-07, 6.32132245e-06, 2.06708384e-06,
       4.58967040e-03, 3.55326649e-02, 7.31721184e-03, 8.50905106e-07,
       5.17051971e-07, 1.64267613e-07, 5.02619473e-07, 5.85186122e-06,
       3.57396344e-07, 1.15271630e-06, 1.39985518e-05, 1.61235636e-07,
       3.31007021e-07, 9.23516560e-08, 7.41758484e-06, 1.33767132e-06,
       6.24406220e-06, 5.20773269e-07, 7.92453518e-07, 1.01692053e-06,
       7.70463550e-08, 3.45691428e-06, 9.14674172e-06, 7.59339729e-07,
       2.00688980e-06, 1.12062039e-06, 9.36408020e-06, 2.39834903e-07,
       1.91261743e-06, 2.48319358e-06, 9.60374360e-07, 1.85735978e-05,
       3.20007366e-04, 3.42953772e-02, 3.21796060e-04, 6.34079975e-03,
       1.59173549e-04, 1.70086942e-03, 2.29084232e-01, 1.02550371e-03,
       2.22586537e-04, 3.20109719e-02, 1.10435733e-04, 2.34240123e-03,
       6.05443989e-03, 1.37795826e-03, 8.00174526e-02, 3.95623124e-02,
       7.65138219e-04, 1.09909091e-02, 1.13745816e-02, 3.78047423e-02,
       4.40439025e-03, 3.16822688e-05, 9.98845880e-05, 1.18005619e-03,
       1.48303280e-03, 3.78450251e-04, 1.50184379e-04, 5.34915183e-06,
       1.34846211e-02, 2.20283031e-01, 1.15535005e-05, 1.37341094e-02,
       6.16544858e-02, 1.82071486e-04, 1.05605710e-06, 3.04843034e-06,
       4.30797570e-06, 1.41708249e-03, 1.12700027e-06, 3.75429856e-07,
       7.32589936e-07]), array([5.21497934e-03, 5.05599277e-03, 1.01926946e-03, 2.65860099e-05,
       7.59057870e-04, 4.77748138e-03, 5.48157958e-05, 2.79678306e-03,
       1.16786432e-04, 4.08291832e-06, 6.94195538e-07, 9.25757597e-05,
       1.30791898e-03, 3.63209103e-04, 9.75113045e-04, 9.12723728e-07,
       7.25061927e-06, 2.64078887e-07, 1.37228790e-06, 4.13687900e-06,
       1.94951550e-05, 6.18196509e-06, 5.70609030e-06, 3.25298815e-06,
       1.51634613e-06, 2.74301201e-07, 1.19681969e-06, 1.46259508e-06,
       7.87596219e-05, 3.76611350e-06, 1.17244232e-06, 2.82115615e-05,
       3.00221532e-06, 2.00555172e-08, 9.43875924e-06, 2.56074145e-05,
       7.24456991e-05, 1.68794971e-05, 2.74030686e-06, 8.00350255e-06,
       8.26138241e-06, 6.42967788e-05, 2.41656483e-06, 2.97569251e-05,
       6.84863061e-05, 1.98596439e-03, 5.07456138e-03, 2.04706309e-02,
       5.54602307e-03, 1.35710157e-02, 4.86429445e-01, 1.00467703e-02,
       3.45037833e-03, 8.38932561e-03, 1.94626103e-02, 3.69870125e-03,
       3.80559600e-02, 4.84800554e-03, 1.14451489e-01, 1.06552924e-02,
       3.06253990e-03, 6.13206153e-03, 1.33855980e-01, 4.16649308e-02,
       2.71635329e-03, 3.46640828e-05, 9.04960570e-04, 1.23393324e-03,
       7.19936342e-03, 2.24186273e-04, 2.33382389e-03, 2.22741208e-05,
       2.30197752e-03, 5.28479390e-04, 4.83352213e-05, 1.46359279e-02,
       1.32619343e-02, 2.23757109e-04, 3.01338576e-06, 2.69267273e-05,
       2.17194983e-06, 3.92417431e-04, 3.44621009e-07, 8.72776689e-07,
       1.09636404e-05]), array([7.36831029e-03, 1.32403868e-01, 6.73714172e-03, 1.09609751e-05,
       7.78517618e-05, 4.03899499e-02, 3.55559617e-04, 1.27289747e-02,
       1.01699875e-06, 2.49203832e-06, 5.26827017e-07, 1.59187510e-06,
       1.40828694e-02, 4.14854609e-02, 7.63687644e-03, 1.07048560e-06,
       4.44123729e-07, 5.37329368e-07, 8.86199806e-08, 6.54728047e-06,
       8.62012235e-07, 9.04358513e-07, 7.32367953e-06, 4.51430264e-07,
       2.42834529e-06, 1.32014691e-07, 4.22799105e-07, 1.70575520e-06,
       1.40061321e-05, 4.09139696e-07, 8.03949535e-07, 2.20147502e-06,
       3.31873125e-07, 1.49366748e-07, 8.03498543e-06, 1.25601726e-06,
       1.44281409e-06, 4.32714836e-06, 2.66944335e-06, 1.23566985e-06,
       2.07890493e-06, 6.89675018e-06, 8.94899818e-07, 5.39920870e-05,
       4.02575185e-04, 7.54762067e-04, 5.24804641e-03, 1.58638808e-02,
       2.24946941e-03, 7.69326335e-03, 9.03203162e-02, 3.08814454e-02,
       5.94850833e-03, 2.79015614e-03, 2.43224912e-02, 7.57957569e-03,
       3.09114823e-02, 1.15420232e-02, 1.38330844e-01, 4.06211267e-03,
       5.17214488e-03, 1.91666906e-02, 7.46059959e-02, 1.93959345e-01,
       7.62014054e-04, 5.83125537e-05, 3.39165782e-03, 1.10501358e-03,
       5.66658639e-03, 4.62071580e-03, 7.67612888e-04, 1.22949404e-06,
       5.34582902e-04, 1.37166584e-02, 6.67866637e-05, 8.27719686e-03,
       2.40906750e-02, 6.11114802e-04, 4.35258633e-06, 2.33129023e-05,
       5.76119285e-07, 1.08656945e-03, 2.22135763e-07, 2.15287710e-06,
       4.27917507e-07]), array([1.29261970e-02, 8.15604627e-02, 1.26339150e-02, 3.16088693e-06,
       5.16745388e-05, 2.20153169e-02, 1.06348457e-04, 8.76982225e-03,
       4.62426322e-07, 9.72701774e-07, 6.32132245e-06, 2.06708384e-06,
       4.58967040e-03, 3.55326649e-02, 7.31721184e-03, 8.50905106e-07,
       5.17051971e-07, 1.64267613e-07, 5.02619473e-07, 5.85186122e-06,
       3.57396344e-07, 1.15271630e-06, 1.39985518e-05, 1.61235636e-07,
       3.31007021e-07, 9.23516560e-08, 7.41758484e-06, 1.33767132e-06,
       6.24406220e-06, 5.20773269e-07, 7.92453518e-07, 1.01692053e-06,
       7.70463550e-08, 3.45691428e-06, 9.14674172e-06, 7.59339729e-07,
       2.00688980e-06, 1.12062039e-06, 9.36408020e-06, 2.39834903e-07,
       1.91261743e-06, 2.48319358e-06, 9.60374360e-07, 1.85735978e-05,
       3.20007366e-04, 3.42953772e-02, 3.21796060e-04, 6.34079975e-03,
       1.59173549e-04, 1.70086942e-03, 2.29084232e-01, 1.02550371e-03,
       2.22586537e-04, 3.20109719e-02, 1.10435733e-04, 2.34240123e-03,
       6.05443989e-03, 1.37795826e-03, 8.00174526e-02, 3.95623124e-02,
       7.65138219e-04, 1.09909091e-02, 1.13745816e-02, 3.78047423e-02,
       4.40439025e-03, 3.16822688e-05, 9.98845880e-05, 1.18005619e-03,
       1.48303280e-03, 3.78450251e-04, 1.50184379e-04, 5.34915183e-06,
       1.34846211e-02, 2.20283031e-01, 1.15535005e-05, 1.37341094e-02,
       6.16544858e-02, 1.82071486e-04, 1.05605710e-06, 3.04843034e-06,
       4.30797570e-06, 1.41708249e-03, 1.12700027e-06, 3.75429856e-07,
       7.32589936e-07]), array([5.21497934e-03, 5.05599277e-03, 1.01926946e-03, 2.65860099e-05,
       7.59057870e-04, 4.77748138e-03, 5.48157958e-05, 2.79678306e-03,
       1.16786432e-04, 4.08291832e-06, 6.94195538e-07, 9.25757597e-05,
       1.30791898e-03, 3.63209103e-04, 9.75113045e-04, 9.12723728e-07,
       7.25061927e-06, 2.64078887e-07, 1.37228790e-06, 4.13687900e-06,
       1.94951550e-05, 6.18196509e-06, 5.70609030e-06, 3.25298815e-06,
       1.51634613e-06, 2.74301201e-07, 1.19681969e-06, 1.46259508e-06,
       7.87596219e-05, 3.76611350e-06, 1.17244232e-06, 2.82115615e-05,
       3.00221532e-06, 2.00555172e-08, 9.43875924e-06, 2.56074145e-05,
       7.24456991e-05, 1.68794971e-05, 2.74030686e-06, 8.00350255e-06,
       8.26138241e-06, 6.42967788e-05, 2.41656483e-06, 2.97569251e-05,
       6.84863061e-05, 1.98596439e-03, 5.07456138e-03, 2.04706309e-02,
       5.54602307e-03, 1.35710157e-02, 4.86429445e-01, 1.00467703e-02,
       3.45037833e-03, 8.38932561e-03, 1.94626103e-02, 3.69870125e-03,
       3.80559600e-02, 4.84800554e-03, 1.14451489e-01, 1.06552924e-02,
       3.06253990e-03, 6.13206153e-03, 1.33855980e-01, 4.16649308e-02,
       2.71635329e-03, 3.46640828e-05, 9.04960570e-04, 1.23393324e-03,
       7.19936342e-03, 2.24186273e-04, 2.33382389e-03, 2.22741208e-05,
       2.30197752e-03, 5.28479390e-04, 4.83352213e-05, 1.46359279e-02,
       1.32619343e-02, 2.23757109e-04, 3.01338576e-06, 2.69267273e-05,
       2.17194983e-06, 3.92417431e-04, 3.44621009e-07, 8.72776689e-07,
       1.09636404e-05]), array([7.36831029e-03, 1.32403868e-01, 6.73714172e-03, 1.09609751e-05,
       7.78517618e-05, 4.03899499e-02, 3.55559617e-04, 1.27289747e-02,
       1.01699875e-06, 2.49203832e-06, 5.26827017e-07, 1.59187510e-06,
       1.40828694e-02, 4.14854609e-02, 7.63687644e-03, 1.07048560e-06,
       4.44123729e-07, 5.37329368e-07, 8.86199806e-08, 6.54728047e-06,
       8.62012235e-07, 9.04358513e-07, 7.32367953e-06, 4.51430264e-07,
       2.42834529e-06, 1.32014691e-07, 4.22799105e-07, 1.70575520e-06,
       1.40061321e-05, 4.09139696e-07, 8.03949535e-07, 2.20147502e-06,
       3.31873125e-07, 1.49366748e-07, 8.03498543e-06, 1.25601726e-06,
       1.44281409e-06, 4.32714836e-06, 2.66944335e-06, 1.23566985e-06,
       2.07890493e-06, 6.89675018e-06, 8.94899818e-07, 5.39920870e-05,
       4.02575185e-04, 7.54762067e-04, 5.24804641e-03, 1.58638808e-02,
       2.24946941e-03, 7.69326335e-03, 9.03203162e-02, 3.08814454e-02,
       5.94850833e-03, 2.79015614e-03, 2.43224912e-02, 7.57957569e-03,
       3.09114823e-02, 1.15420232e-02, 1.38330844e-01, 4.06211267e-03,
       5.17214488e-03, 1.91666906e-02, 7.46059959e-02, 1.93959345e-01,
       7.62014054e-04, 5.83125537e-05, 3.39165782e-03, 1.10501358e-03,
       5.66658639e-03, 4.62071580e-03, 7.67612888e-04, 1.22949404e-06,
       5.34582902e-04, 1.37166584e-02, 6.67866637e-05, 8.27719686e-03,
       2.40906750e-02, 6.11114802e-04, 4.35258633e-06, 2.33129023e-05,
       5.76119285e-07, 1.08656945e-03, 2.22135763e-07, 2.15287710e-06,
       4.27917507e-07]), array([1.29261970e-02, 8.15604627e-02, 1.26339150e-02, 3.16088693e-06,
       5.16745388e-05, 2.20153169e-02, 1.06348457e-04, 8.76982225e-03,
       4.62426322e-07, 9.72701774e-07, 6.32132245e-06, 2.06708384e-06,
       4.58967040e-03, 3.55326649e-02, 7.31721184e-03, 8.50905106e-07,
       5.17051971e-07, 1.64267613e-07, 5.02619473e-07, 5.85186122e-06,
       3.57396344e-07, 1.15271630e-06, 1.39985518e-05, 1.61235636e-07,
       3.31007021e-07, 9.23516560e-08, 7.41758484e-06, 1.33767132e-06,
       6.24406220e-06, 5.20773269e-07, 7.92453518e-07, 1.01692053e-06,
       7.70463550e-08, 3.45691428e-06, 9.14674172e-06, 7.59339729e-07,
       2.00688980e-06, 1.12062039e-06, 9.36408020e-06, 2.39834903e-07,
       1.91261743e-06, 2.48319358e-06, 9.60374360e-07, 1.85735978e-05,
       3.20007366e-04, 3.42953772e-02, 3.21796060e-04, 6.34079975e-03,
       1.59173549e-04, 1.70086942e-03, 2.29084232e-01, 1.02550371e-03,
       2.22586537e-04, 3.20109719e-02, 1.10435733e-04, 2.34240123e-03,
       6.05443989e-03, 1.37795826e-03, 8.00174526e-02, 3.95623124e-02,
       7.65138219e-04, 1.09909091e-02, 1.13745816e-02, 3.78047423e-02,
       4.40439025e-03, 3.16822688e-05, 9.98845880e-05, 1.18005619e-03,
       1.48303280e-03, 3.78450251e-04, 1.50184379e-04, 5.34915183e-06,
       1.34846211e-02, 2.20283031e-01, 1.15535005e-05, 1.37341094e-02,
       6.16544858e-02, 1.82071486e-04, 1.05605710e-06, 3.04843034e-06,
       4.30797570e-06, 1.41708249e-03, 1.12700027e-06, 3.75429856e-07,
       7.32589936e-07]), array([5.21497934e-03, 5.05599277e-03, 1.01926946e-03, 2.65860099e-05,
       7.59057870e-04, 4.77748138e-03, 5.48157958e-05, 2.79678306e-03,
       1.16786432e-04, 4.08291832e-06, 6.94195538e-07, 9.25757597e-05,
       1.30791898e-03, 3.63209103e-04, 9.75113045e-04, 9.12723728e-07,
       7.25061927e-06, 2.64078887e-07, 1.37228790e-06, 4.13687900e-06,
       1.94951550e-05, 6.18196509e-06, 5.70609030e-06, 3.25298815e-06,
       1.51634613e-06, 2.74301201e-07, 1.19681969e-06, 1.46259508e-06,
       7.87596219e-05, 3.76611350e-06, 1.17244232e-06, 2.82115615e-05,
       3.00221532e-06, 2.00555172e-08, 9.43875924e-06, 2.56074145e-05,
       7.24456991e-05, 1.68794971e-05, 2.74030686e-06, 8.00350255e-06,
       8.26138241e-06, 6.42967788e-05, 2.41656483e-06, 2.97569251e-05,
       6.84863061e-05, 1.98596439e-03, 5.07456138e-03, 2.04706309e-02,
       5.54602307e-03, 1.35710157e-02, 4.86429445e-01, 1.00467703e-02,
       3.45037833e-03, 8.38932561e-03, 1.94626103e-02, 3.69870125e-03,
       3.80559600e-02, 4.84800554e-03, 1.14451489e-01, 1.06552924e-02,
       3.06253990e-03, 6.13206153e-03, 1.33855980e-01, 4.16649308e-02,
       2.71635329e-03, 3.46640828e-05, 9.04960570e-04, 1.23393324e-03,
       7.19936342e-03, 2.24186273e-04, 2.33382389e-03, 2.22741208e-05,
       2.30197752e-03, 5.28479390e-04, 4.83352213e-05, 1.46359279e-02,
       1.32619343e-02, 2.23757109e-04, 3.01338576e-06, 2.69267273e-05,
       2.17194983e-06, 3.92417431e-04, 3.44621009e-07, 8.72776689e-07,
       1.09636404e-05]), array([7.36831029e-03, 1.32403868e-01, 6.73714172e-03, 1.09609751e-05,
       7.78517618e-05, 4.03899499e-02, 3.55559617e-04, 1.27289747e-02,
       1.01699875e-06, 2.49203832e-06, 5.26827017e-07, 1.59187510e-06,
       1.40828694e-02, 4.14854609e-02, 7.63687644e-03, 1.07048560e-06,
       4.44123729e-07, 5.37329368e-07, 8.86199806e-08, 6.54728047e-06,
       8.62012235e-07, 9.04358513e-07, 7.32367953e-06, 4.51430264e-07,
       2.42834529e-06, 1.32014691e-07, 4.22799105e-07, 1.70575520e-06,
       1.40061321e-05, 4.09139696e-07, 8.03949535e-07, 2.20147502e-06,
       3.31873125e-07, 1.49366748e-07, 8.03498543e-06, 1.25601726e-06,
       1.44281409e-06, 4.32714836e-06, 2.66944335e-06, 1.23566985e-06,
       2.07890493e-06, 6.89675018e-06, 8.94899818e-07, 5.39920870e-05,
       4.02575185e-04, 7.54762067e-04, 5.24804641e-03, 1.58638808e-02,
       2.24946941e-03, 7.69326335e-03, 9.03203162e-02, 3.08814454e-02,
       5.94850833e-03, 2.79015614e-03, 2.43224912e-02, 7.57957569e-03,
       3.09114823e-02, 1.15420232e-02, 1.38330844e-01, 4.06211267e-03,
       5.17214488e-03, 1.91666906e-02, 7.46059959e-02, 1.93959345e-01,
       7.62014054e-04, 5.83125537e-05, 3.39165782e-03, 1.10501358e-03,
       5.66658639e-03, 4.62071580e-03, 7.67612888e-04, 1.22949404e-06,
       5.34582902e-04, 1.37166584e-02, 6.67866637e-05, 8.27719686e-03,
       2.40906750e-02, 6.11114802e-04, 4.35258633e-06, 2.33129023e-05,
       5.76119285e-07, 1.08656945e-03, 2.22135763e-07, 2.15287710e-06,
       4.27917507e-07]), array([1.29261970e-02, 8.15604627e-02, 1.26339150e-02, 3.16088693e-06,
       5.16745388e-05, 2.20153169e-02, 1.06348457e-04, 8.76982225e-03,
       4.62426322e-07, 9.72701774e-07, 6.32132245e-06, 2.06708384e-06,
       4.58967040e-03, 3.55326649e-02, 7.31721184e-03, 8.50905106e-07,
       5.17051971e-07, 1.64267613e-07, 5.02619473e-07, 5.85186122e-06,
       3.57396344e-07, 1.15271630e-06, 1.39985518e-05, 1.61235636e-07,
       3.31007021e-07, 9.23516560e-08, 7.41758484e-06, 1.33767132e-06,
       6.24406220e-06, 5.20773269e-07, 7.92453518e-07, 1.01692053e-06,
       7.70463550e-08, 3.45691428e-06, 9.14674172e-06, 7.59339729e-07,
       2.00688980e-06, 1.12062039e-06, 9.36408020e-06, 2.39834903e-07,
       1.91261743e-06, 2.48319358e-06, 9.60374360e-07, 1.85735978e-05,
       3.20007366e-04, 3.42953772e-02, 3.21796060e-04, 6.34079975e-03,
       1.59173549e-04, 1.70086942e-03, 2.29084232e-01, 1.02550371e-03,
       2.22586537e-04, 3.20109719e-02, 1.10435733e-04, 2.34240123e-03,
       6.05443989e-03, 1.37795826e-03, 8.00174526e-02, 3.95623124e-02,
       7.65138219e-04, 1.09909091e-02, 1.13745816e-02, 3.78047423e-02,
       4.40439025e-03, 3.16822688e-05, 9.98845880e-05, 1.18005619e-03,
       1.48303280e-03, 3.78450251e-04, 1.50184379e-04, 5.34915183e-06,
       1.34846211e-02, 2.20283031e-01, 1.15535005e-05, 1.37341094e-02,
       6.16544858e-02, 1.82071486e-04, 1.05605710e-06, 3.04843034e-06,
       4.30797570e-06, 1.41708249e-03, 1.12700027e-06, 3.75429856e-07,
       7.32589936e-07]), array([5.21497934e-03, 5.05599277e-03, 1.01926946e-03, 2.65860099e-05,
       7.59057870e-04, 4.77748138e-03, 5.48157958e-05, 2.79678306e-03,
       1.16786432e-04, 4.08291832e-06, 6.94195538e-07, 9.25757597e-05,
       1.30791898e-03, 3.63209103e-04, 9.75113045e-04, 9.12723728e-07,
       7.25061927e-06, 2.64078887e-07, 1.37228790e-06, 4.13687900e-06,
       1.94951550e-05, 6.18196509e-06, 5.70609030e-06, 3.25298815e-06,
       1.51634613e-06, 2.74301201e-07, 1.19681969e-06, 1.46259508e-06,
       7.87596219e-05, 3.76611350e-06, 1.17244232e-06, 2.82115615e-05,
       3.00221532e-06, 2.00555172e-08, 9.43875924e-06, 2.56074145e-05,
       7.24456991e-05, 1.68794971e-05, 2.74030686e-06, 8.00350255e-06,
       8.26138241e-06, 6.42967788e-05, 2.41656483e-06, 2.97569251e-05,
       6.84863061e-05, 1.98596439e-03, 5.07456138e-03, 2.04706309e-02,
       5.54602307e-03, 1.35710157e-02, 4.86429445e-01, 1.00467703e-02,
       3.45037833e-03, 8.38932561e-03, 1.94626103e-02, 3.69870125e-03,
       3.80559600e-02, 4.84800554e-03, 1.14451489e-01, 1.06552924e-02,
       3.06253990e-03, 6.13206153e-03, 1.33855980e-01, 4.16649308e-02,
       2.71635329e-03, 3.46640828e-05, 9.04960570e-04, 1.23393324e-03,
       7.19936342e-03, 2.24186273e-04, 2.33382389e-03, 2.22741208e-05,
       2.30197752e-03, 5.28479390e-04, 4.83352213e-05, 1.46359279e-02,
       1.32619343e-02, 2.23757109e-04, 3.01338576e-06, 2.69267273e-05,
       2.17194983e-06, 3.92417431e-04, 3.44621009e-07, 8.72776689e-07,
       1.09636404e-05]), array([7.36831029e-03, 1.32403868e-01, 6.73714172e-03, 1.09609751e-05,
       7.78517618e-05, 4.03899499e-02, 3.55559617e-04, 1.27289747e-02,
       1.01699875e-06, 2.49203832e-06, 5.26827017e-07, 1.59187510e-06,
       1.40828694e-02, 4.14854609e-02, 7.63687644e-03, 1.07048560e-06,
       4.44123729e-07, 5.37329368e-07, 8.86199806e-08, 6.54728047e-06,
       8.62012235e-07, 9.04358513e-07, 7.32367953e-06, 4.51430264e-07,
       2.42834529e-06, 1.32014691e-07, 4.22799105e-07, 1.70575520e-06,
       1.40061321e-05, 4.09139696e-07, 8.03949535e-07, 2.20147502e-06,
       3.31873125e-07, 1.49366748e-07, 8.03498543e-06, 1.25601726e-06,
       1.44281409e-06, 4.32714836e-06, 2.66944335e-06, 1.23566985e-06,
       2.07890493e-06, 6.89675018e-06, 8.94899818e-07, 5.39920870e-05,
       4.02575185e-04, 7.54762067e-04, 5.24804641e-03, 1.58638808e-02,
       2.24946941e-03, 7.69326335e-03, 9.03203162e-02, 3.08814454e-02,
       5.94850833e-03, 2.79015614e-03, 2.43224912e-02, 7.57957569e-03,
       3.09114823e-02, 1.15420232e-02, 1.38330844e-01, 4.06211267e-03,
       5.17214488e-03, 1.91666906e-02, 7.46059959e-02, 1.93959345e-01,
       7.62014054e-04, 5.83125537e-05, 3.39165782e-03, 1.10501358e-03,
       5.66658639e-03, 4.62071580e-03, 7.67612888e-04, 1.22949404e-06,
       5.34582902e-04, 1.37166584e-02, 6.67866637e-05, 8.27719686e-03,
       2.40906750e-02, 6.11114802e-04, 4.35258633e-06, 2.33129023e-05,
       5.76119285e-07, 1.08656945e-03, 2.22135763e-07, 2.15287710e-06,
       4.27917507e-07]), array([1.29261970e-02, 8.15604627e-02, 1.26339150e-02, 3.16088693e-06,
       5.16745388e-05, 2.20153169e-02, 1.06348457e-04, 8.76982225e-03,
       4.62426322e-07, 9.72701774e-07, 6.32132245e-06, 2.06708384e-06,
       4.58967040e-03, 3.55326649e-02, 7.31721184e-03, 8.50905106e-07,
       5.17051971e-07, 1.64267613e-07, 5.02619473e-07, 5.85186122e-06,
       3.57396344e-07, 1.15271630e-06, 1.39985518e-05, 1.61235636e-07,
       3.31007021e-07, 9.23516560e-08, 7.41758484e-06, 1.33767132e-06,
       6.24406220e-06, 5.20773269e-07, 7.92453518e-07, 1.01692053e-06,
       7.70463550e-08, 3.45691428e-06, 9.14674172e-06, 7.59339729e-07,
       2.00688980e-06, 1.12062039e-06, 9.36408020e-06, 2.39834903e-07,
       1.91261743e-06, 2.48319358e-06, 9.60374360e-07, 1.85735978e-05,
       3.20007366e-04, 3.42953772e-02, 3.21796060e-04, 6.34079975e-03,
       1.59173549e-04, 1.70086942e-03, 2.29084232e-01, 1.02550371e-03,
       2.22586537e-04, 3.20109719e-02, 1.10435733e-04, 2.34240123e-03,
       6.05443989e-03, 1.37795826e-03, 8.00174526e-02, 3.95623124e-02,
       7.65138219e-04, 1.09909091e-02, 1.13745816e-02, 3.78047423e-02,
       4.40439025e-03, 3.16822688e-05, 9.98845880e-05, 1.18005619e-03,
       1.48303280e-03, 3.78450251e-04, 1.50184379e-04, 5.34915183e-06,
       1.34846211e-02, 2.20283031e-01, 1.15535005e-05, 1.37341094e-02,
       6.16544858e-02, 1.82071486e-04, 1.05605710e-06, 3.04843034e-06,
       4.30797570e-06, 1.41708249e-03, 1.12700027e-06, 3.75429856e-07,
       7.32589936e-07]), array([5.21497934e-03, 5.05599277e-03, 1.01926946e-03, 2.65860099e-05,
       7.59057870e-04, 4.77748138e-03, 5.48157958e-05, 2.79678306e-03,
       1.16786432e-04, 4.08291832e-06, 6.94195538e-07, 9.25757597e-05,
       1.30791898e-03, 3.63209103e-04, 9.75113045e-04, 9.12723728e-07,
       7.25061927e-06, 2.64078887e-07, 1.37228790e-06, 4.13687900e-06,
       1.94951550e-05, 6.18196509e-06, 5.70609030e-06, 3.25298815e-06,
       1.51634613e-06, 2.74301201e-07, 1.19681969e-06, 1.46259508e-06,
       7.87596219e-05, 3.76611350e-06, 1.17244232e-06, 2.82115615e-05,
       3.00221532e-06, 2.00555172e-08, 9.43875924e-06, 2.56074145e-05,
       7.24456991e-05, 1.68794971e-05, 2.74030686e-06, 8.00350255e-06,
       8.26138241e-06, 6.42967788e-05, 2.41656483e-06, 2.97569251e-05,
       6.84863061e-05, 1.98596439e-03, 5.07456138e-03, 2.04706309e-02,
       5.54602307e-03, 1.35710157e-02, 4.86429445e-01, 1.00467703e-02,
       3.45037833e-03, 8.38932561e-03, 1.94626103e-02, 3.69870125e-03,
       3.80559600e-02, 4.84800554e-03, 1.14451489e-01, 1.06552924e-02,
       3.06253990e-03, 6.13206153e-03, 1.33855980e-01, 4.16649308e-02,
       2.71635329e-03, 3.46640828e-05, 9.04960570e-04, 1.23393324e-03,
       7.19936342e-03, 2.24186273e-04, 2.33382389e-03, 2.22741208e-05,
       2.30197752e-03, 5.28479390e-04, 4.83352213e-05, 1.46359279e-02,
       1.32619343e-02, 2.23757109e-04, 3.01338576e-06, 2.69267273e-05,
       2.17194983e-06, 3.92417431e-04, 3.44621009e-07, 8.72776689e-07,
       1.09636404e-05]), array([7.36831029e-03, 1.32403868e-01, 6.73714172e-03, 1.09609751e-05,
       7.78517618e-05, 4.03899499e-02, 3.55559617e-04, 1.27289747e-02,
       1.01699875e-06, 2.49203832e-06, 5.26827017e-07, 1.59187510e-06,
       1.40828694e-02, 4.14854609e-02, 7.63687644e-03, 1.07048560e-06,
       4.44123729e-07, 5.37329368e-07, 8.86199806e-08, 6.54728047e-06,
       8.62012235e-07, 9.04358513e-07, 7.32367953e-06, 4.51430264e-07,
       2.42834529e-06, 1.32014691e-07, 4.22799105e-07, 1.70575520e-06,
       1.40061321e-05, 4.09139696e-07, 8.03949535e-07, 2.20147502e-06,
       3.31873125e-07, 1.49366748e-07, 8.03498543e-06, 1.25601726e-06,
       1.44281409e-06, 4.32714836e-06, 2.66944335e-06, 1.23566985e-06,
       2.07890493e-06, 6.89675018e-06, 8.94899818e-07, 5.39920870e-05,
       4.02575185e-04, 7.54762067e-04, 5.24804641e-03, 1.58638808e-02,
       2.24946941e-03, 7.69326335e-03, 9.03203162e-02, 3.08814454e-02,
       5.94850833e-03, 2.79015614e-03, 2.43224912e-02, 7.57957569e-03,
       3.09114823e-02, 1.15420232e-02, 1.38330844e-01, 4.06211267e-03,
       5.17214488e-03, 1.91666906e-02, 7.46059959e-02, 1.93959345e-01,
       7.62014054e-04, 5.83125537e-05, 3.39165782e-03, 1.10501358e-03,
       5.66658639e-03, 4.62071580e-03, 7.67612888e-04, 1.22949404e-06,
       5.34582902e-04, 1.37166584e-02, 6.67866637e-05, 8.27719686e-03,
       2.40906750e-02, 6.11114802e-04, 4.35258633e-06, 2.33129023e-05,
       5.76119285e-07, 1.08656945e-03, 2.22135763e-07, 2.15287710e-06,
       4.27917507e-07]), array([1.29261970e-02, 8.15604627e-02, 1.26339150e-02, 3.16088693e-06,
       5.16745388e-05, 2.20153169e-02, 1.06348457e-04, 8.76982225e-03,
       4.62426322e-07, 9.72701774e-07, 6.32132245e-06, 2.06708384e-06,
       4.58967040e-03, 3.55326649e-02, 7.31721184e-03, 8.50905106e-07,
       5.17051971e-07, 1.64267613e-07, 5.02619473e-07, 5.85186122e-06,
       3.57396344e-07, 1.15271630e-06, 1.39985518e-05, 1.61235636e-07,
       3.31007021e-07, 9.23516560e-08, 7.41758484e-06, 1.33767132e-06,
       6.24406220e-06, 5.20773269e-07, 7.92453518e-07, 1.01692053e-06,
       7.70463550e-08, 3.45691428e-06, 9.14674172e-06, 7.59339729e-07,
       2.00688980e-06, 1.12062039e-06, 9.36408020e-06, 2.39834903e-07,
       1.91261743e-06, 2.48319358e-06, 9.60374360e-07, 1.85735978e-05,
       3.20007366e-04, 3.42953772e-02, 3.21796060e-04, 6.34079975e-03,
       1.59173549e-04, 1.70086942e-03, 2.29084232e-01, 1.02550371e-03,
       2.22586537e-04, 3.20109719e-02, 1.10435733e-04, 2.34240123e-03,
       6.05443989e-03, 1.37795826e-03, 8.00174526e-02, 3.95623124e-02,
       7.65138219e-04, 1.09909091e-02, 1.13745816e-02, 3.78047423e-02,
       4.40439025e-03, 3.16822688e-05, 9.98845880e-05, 1.18005619e-03,
       1.48303280e-03, 3.78450251e-04, 1.50184379e-04, 5.34915183e-06,
       1.34846211e-02, 2.20283031e-01, 1.15535005e-05, 1.37341094e-02,
       6.16544858e-02, 1.82071486e-04, 1.05605710e-06, 3.04843034e-06,
       4.30797570e-06, 1.41708249e-03, 1.12700027e-06, 3.75429856e-07,
       7.32589936e-07]), array([5.21497934e-03, 5.05599277e-03, 1.01926946e-03, 2.65860099e-05,
       7.59057870e-04, 4.77748138e-03, 5.48157958e-05, 2.79678306e-03,
       1.16786432e-04, 4.08291832e-06, 6.94195538e-07, 9.25757597e-05,
       1.30791898e-03, 3.63209103e-04, 9.75113045e-04, 9.12723728e-07,
       7.25061927e-06, 2.64078887e-07, 1.37228790e-06, 4.13687900e-06,
       1.94951550e-05, 6.18196509e-06, 5.70609030e-06, 3.25298815e-06,
       1.51634613e-06, 2.74301201e-07, 1.19681969e-06, 1.46259508e-06,
       7.87596219e-05, 3.76611350e-06, 1.17244232e-06, 2.82115615e-05,
       3.00221532e-06, 2.00555172e-08, 9.43875924e-06, 2.56074145e-05,
       7.24456991e-05, 1.68794971e-05, 2.74030686e-06, 8.00350255e-06,
       8.26138241e-06, 6.42967788e-05, 2.41656483e-06, 2.97569251e-05,
       6.84863061e-05, 1.98596439e-03, 5.07456138e-03, 2.04706309e-02,
       5.54602307e-03, 1.35710157e-02, 4.86429445e-01, 1.00467703e-02,
       3.45037833e-03, 8.38932561e-03, 1.94626103e-02, 3.69870125e-03,
       3.80559600e-02, 4.84800554e-03, 1.14451489e-01, 1.06552924e-02,
       3.06253990e-03, 6.13206153e-03, 1.33855980e-01, 4.16649308e-02,
       2.71635329e-03, 3.46640828e-05, 9.04960570e-04, 1.23393324e-03,
       7.19936342e-03, 2.24186273e-04, 2.33382389e-03, 2.22741208e-05,
       2.30197752e-03, 5.28479390e-04, 4.83352213e-05, 1.46359279e-02,
       1.32619343e-02, 2.23757109e-04, 3.01338576e-06, 2.69267273e-05,
       2.17194983e-06, 3.92417431e-04, 3.44621009e-07, 8.72776689e-07,
       1.09636404e-05]), array([7.36831029e-03, 1.32403868e-01, 6.73714172e-03, 1.09609751e-05,
       7.78517618e-05, 4.03899499e-02, 3.55559617e-04, 1.27289747e-02,
       1.01699875e-06, 2.49203832e-06, 5.26827017e-07, 1.59187510e-06,
       1.40828694e-02, 4.14854609e-02, 7.63687644e-03, 1.07048560e-06,
       4.44123729e-07, 5.37329368e-07, 8.86199806e-08, 6.54728047e-06,
       8.62012235e-07, 9.04358513e-07, 7.32367953e-06, 4.51430264e-07,
       2.42834529e-06, 1.32014691e-07, 4.22799105e-07, 1.70575520e-06,
       1.40061321e-05, 4.09139696e-07, 8.03949535e-07, 2.20147502e-06,
       3.31873125e-07, 1.49366748e-07, 8.03498543e-06, 1.25601726e-06,
       1.44281409e-06, 4.32714836e-06, 2.66944335e-06, 1.23566985e-06,
       2.07890493e-06, 6.89675018e-06, 8.94899818e-07, 5.39920870e-05,
       4.02575185e-04, 7.54762067e-04, 5.24804641e-03, 1.58638808e-02,
       2.24946941e-03, 7.69326335e-03, 9.03203162e-02, 3.08814454e-02,
       5.94850833e-03, 2.79015614e-03, 2.43224912e-02, 7.57957569e-03,
       3.09114823e-02, 1.15420232e-02, 1.38330844e-01, 4.06211267e-03,
       5.17214488e-03, 1.91666906e-02, 7.46059959e-02, 1.93959345e-01,
       7.62014054e-04, 5.83125537e-05, 3.39165782e-03, 1.10501358e-03,
       5.66658639e-03, 4.62071580e-03, 7.67612888e-04, 1.22949404e-06,
       5.34582902e-04, 1.37166584e-02, 6.67866637e-05, 8.27719686e-03,
       2.40906750e-02, 6.11114802e-04, 4.35258633e-06, 2.33129023e-05,
       5.76119285e-07, 1.08656945e-03, 2.22135763e-07, 2.15287710e-06,
       4.27917507e-07]), array([1.29261970e-02, 8.15604627e-02, 1.26339150e-02, 3.16088693e-06,
       5.16745388e-05, 2.20153169e-02, 1.06348457e-04, 8.76982225e-03,
       4.62426322e-07, 9.72701774e-07, 6.32132245e-06, 2.06708384e-06,
       4.58967040e-03, 3.55326649e-02, 7.31721184e-03, 8.50905106e-07,
       5.17051971e-07, 1.64267613e-07, 5.02619473e-07, 5.85186122e-06,
       3.57396344e-07, 1.15271630e-06, 1.39985518e-05, 1.61235636e-07,
       3.31007021e-07, 9.23516560e-08, 7.41758484e-06, 1.33767132e-06,
       6.24406220e-06, 5.20773269e-07, 7.92453518e-07, 1.01692053e-06,
       7.70463550e-08, 3.45691428e-06, 9.14674172e-06, 7.59339729e-07,
       2.00688980e-06, 1.12062039e-06, 9.36408020e-06, 2.39834903e-07,
       1.91261743e-06, 2.48319358e-06, 9.60374360e-07, 1.85735978e-05,
       3.20007366e-04, 3.42953772e-02, 3.21796060e-04, 6.34079975e-03,
       1.59173549e-04, 1.70086942e-03, 2.29084232e-01, 1.02550371e-03,
       2.22586537e-04, 3.20109719e-02, 1.10435733e-04, 2.34240123e-03,
       6.05443989e-03, 1.37795826e-03, 8.00174526e-02, 3.95623124e-02,
       7.65138219e-04, 1.09909091e-02, 1.13745816e-02, 3.78047423e-02,
       4.40439025e-03, 3.16822688e-05, 9.98845880e-05, 1.18005619e-03,
       1.48303280e-03, 3.78450251e-04, 1.50184379e-04, 5.34915183e-06,
       1.34846211e-02, 2.20283031e-01, 1.15535005e-05, 1.37341094e-02,
       6.16544858e-02, 1.82071486e-04, 1.05605710e-06, 3.04843034e-06,
       4.30797570e-06, 1.41708249e-03, 1.12700027e-06, 3.75429856e-07,
       7.32589936e-07]), array([5.21497934e-03, 5.05599277e-03, 1.01926946e-03, 2.65860099e-05,
       7.59057870e-04, 4.77748138e-03, 5.48157958e-05, 2.79678306e-03,
       1.16786432e-04, 4.08291832e-06, 6.94195538e-07, 9.25757597e-05,
       1.30791898e-03, 3.63209103e-04, 9.75113045e-04, 9.12723728e-07,
       7.25061927e-06, 2.64078887e-07, 1.37228790e-06, 4.13687900e-06,
       1.94951550e-05, 6.18196509e-06, 5.70609030e-06, 3.25298815e-06,
       1.51634613e-06, 2.74301201e-07, 1.19681969e-06, 1.46259508e-06,
       7.87596219e-05, 3.76611350e-06, 1.17244232e-06, 2.82115615e-05,
       3.00221532e-06, 2.00555172e-08, 9.43875924e-06, 2.56074145e-05,
       7.24456991e-05, 1.68794971e-05, 2.74030686e-06, 8.00350255e-06,
       8.26138241e-06, 6.42967788e-05, 2.41656483e-06, 2.97569251e-05,
       6.84863061e-05, 1.98596439e-03, 5.07456138e-03, 2.04706309e-02,
       5.54602307e-03, 1.35710157e-02, 4.86429445e-01, 1.00467703e-02,
       3.45037833e-03, 8.38932561e-03, 1.94626103e-02, 3.69870125e-03,
       3.80559600e-02, 4.84800554e-03, 1.14451489e-01, 1.06552924e-02,
       3.06253990e-03, 6.13206153e-03, 1.33855980e-01, 4.16649308e-02,
       2.71635329e-03, 3.46640828e-05, 9.04960570e-04, 1.23393324e-03,
       7.19936342e-03, 2.24186273e-04, 2.33382389e-03, 2.22741208e-05,
       2.30197752e-03, 5.28479390e-04, 4.83352213e-05, 1.46359279e-02,
       1.32619343e-02, 2.23757109e-04, 3.01338576e-06, 2.69267273e-05,
       2.17194983e-06, 3.92417431e-04, 3.44621009e-07, 8.72776689e-07,
       1.09636404e-05]), array([7.36831029e-03, 1.32403868e-01, 6.73714172e-03, 1.09609751e-05,
       7.78517618e-05, 4.03899499e-02, 3.55559617e-04, 1.27289747e-02,
       1.01699875e-06, 2.49203832e-06, 5.26827017e-07, 1.59187510e-06,
       1.40828694e-02, 4.14854609e-02, 7.63687644e-03, 1.07048560e-06,
       4.44123729e-07, 5.37329368e-07, 8.86199806e-08, 6.54728047e-06,
       8.62012235e-07, 9.04358513e-07, 7.32367953e-06, 4.51430264e-07,
       2.42834529e-06, 1.32014691e-07, 4.22799105e-07, 1.70575520e-06,
       1.40061321e-05, 4.09139696e-07, 8.03949535e-07, 2.20147502e-06,
       3.31873125e-07, 1.49366748e-07, 8.03498543e-06, 1.25601726e-06,
       1.44281409e-06, 4.32714836e-06, 2.66944335e-06, 1.23566985e-06,
       2.07890493e-06, 6.89675018e-06, 8.94899818e-07, 5.39920870e-05,
       4.02575185e-04, 7.54762067e-04, 5.24804641e-03, 1.58638808e-02,
       2.24946941e-03, 7.69326335e-03, 9.03203162e-02, 3.08814454e-02,
       5.94850833e-03, 2.79015614e-03, 2.43224912e-02, 7.57957569e-03,
       3.09114823e-02, 1.15420232e-02, 1.38330844e-01, 4.06211267e-03,
       5.17214488e-03, 1.91666906e-02, 7.46059959e-02, 1.93959345e-01,
       7.62014054e-04, 5.83125537e-05, 3.39165782e-03, 1.10501358e-03,
       5.66658639e-03, 4.62071580e-03, 7.67612888e-04, 1.22949404e-06,
       5.34582902e-04, 1.37166584e-02, 6.67866637e-05, 8.27719686e-03,
       2.40906750e-02, 6.11114802e-04, 4.35258633e-06, 2.33129023e-05,
       5.76119285e-07, 1.08656945e-03, 2.22135763e-07, 2.15287710e-06,
       4.27917507e-07]), array([1.29261970e-02, 8.15604627e-02, 1.26339150e-02, 3.16088693e-06,
       5.16745388e-05, 2.20153169e-02, 1.06348457e-04, 8.76982225e-03,
       4.62426322e-07, 9.72701774e-07, 6.32132245e-06, 2.06708384e-06,
       4.58967040e-03, 3.55326649e-02, 7.31721184e-03, 8.50905106e-07,
       5.17051971e-07, 1.64267613e-07, 5.02619473e-07, 5.85186122e-06,
       3.57396344e-07, 1.15271630e-06, 1.39985518e-05, 1.61235636e-07,
       3.31007021e-07, 9.23516560e-08, 7.41758484e-06, 1.33767132e-06,
       6.24406220e-06, 5.20773269e-07, 7.92453518e-07, 1.01692053e-06,
       7.70463550e-08, 3.45691428e-06, 9.14674172e-06, 7.59339729e-07,
       2.00688980e-06, 1.12062039e-06, 9.36408020e-06, 2.39834903e-07,
       1.91261743e-06, 2.48319358e-06, 9.60374360e-07, 1.85735978e-05,
       3.20007366e-04, 3.42953772e-02, 3.21796060e-04, 6.34079975e-03,
       1.59173549e-04, 1.70086942e-03, 2.29084232e-01, 1.02550371e-03,
       2.22586537e-04, 3.20109719e-02, 1.10435733e-04, 2.34240123e-03,
       6.05443989e-03, 1.37795826e-03, 8.00174526e-02, 3.95623124e-02,
       7.65138219e-04, 1.09909091e-02, 1.13745816e-02, 3.78047423e-02,
       4.40439025e-03, 3.16822688e-05, 9.98845880e-05, 1.18005619e-03,
       1.48303280e-03, 3.78450251e-04, 1.50184379e-04, 5.34915183e-06,
       1.34846211e-02, 2.20283031e-01, 1.15535005e-05, 1.37341094e-02,
       6.16544858e-02, 1.82071486e-04, 1.05605710e-06, 3.04843034e-06,
       4.30797570e-06, 1.41708249e-03, 1.12700027e-06, 3.75429856e-07,
       7.32589936e-07]), array([5.21497934e-03, 5.05599277e-03, 1.01926946e-03, 2.65860099e-05,
       7.59057870e-04, 4.77748138e-03, 5.48157958e-05, 2.79678306e-03,
       1.16786432e-04, 4.08291832e-06, 6.94195538e-07, 9.25757597e-05,
       1.30791898e-03, 3.63209103e-04, 9.75113045e-04, 9.12723728e-07,
       7.25061927e-06, 2.64078887e-07, 1.37228790e-06, 4.13687900e-06,
       1.94951550e-05, 6.18196509e-06, 5.70609030e-06, 3.25298815e-06,
       1.51634613e-06, 2.74301201e-07, 1.19681969e-06, 1.46259508e-06,
       7.87596219e-05, 3.76611350e-06, 1.17244232e-06, 2.82115615e-05,
       3.00221532e-06, 2.00555172e-08, 9.43875924e-06, 2.56074145e-05,
       7.24456991e-05, 1.68794971e-05, 2.74030686e-06, 8.00350255e-06,
       8.26138241e-06, 6.42967788e-05, 2.41656483e-06, 2.97569251e-05,
       6.84863061e-05, 1.98596439e-03, 5.07456138e-03, 2.04706309e-02,
       5.54602307e-03, 1.35710157e-02, 4.86429445e-01, 1.00467703e-02,
       3.45037833e-03, 8.38932561e-03, 1.94626103e-02, 3.69870125e-03,
       3.80559600e-02, 4.84800554e-03, 1.14451489e-01, 1.06552924e-02,
       3.06253990e-03, 6.13206153e-03, 1.33855980e-01, 4.16649308e-02,
       2.71635329e-03, 3.46640828e-05, 9.04960570e-04, 1.23393324e-03,
       7.19936342e-03, 2.24186273e-04, 2.33382389e-03, 2.22741208e-05,
       2.30197752e-03, 5.28479390e-04, 4.83352213e-05, 1.46359279e-02,
       1.32619343e-02, 2.23757109e-04, 3.01338576e-06, 2.69267273e-05,
       2.17194983e-06, 3.92417431e-04, 3.44621009e-07, 8.72776689e-07,
       1.09636404e-05]), array([7.36831029e-03, 1.32403868e-01, 6.73714172e-03, 1.09609751e-05,
       7.78517618e-05, 4.03899499e-02, 3.55559617e-04, 1.27289747e-02,
       1.01699875e-06, 2.49203832e-06, 5.26827017e-07, 1.59187510e-06,
       1.40828694e-02, 4.14854609e-02, 7.63687644e-03, 1.07048560e-06,
       4.44123729e-07, 5.37329368e-07, 8.86199806e-08, 6.54728047e-06,
       8.62012235e-07, 9.04358513e-07, 7.32367953e-06, 4.51430264e-07,
       2.42834529e-06, 1.32014691e-07, 4.22799105e-07, 1.70575520e-06,
       1.40061321e-05, 4.09139696e-07, 8.03949535e-07, 2.20147502e-06,
       3.31873125e-07, 1.49366748e-07, 8.03498543e-06, 1.25601726e-06,
       1.44281409e-06, 4.32714836e-06, 2.66944335e-06, 1.23566985e-06,
       2.07890493e-06, 6.89675018e-06, 8.94899818e-07, 5.39920870e-05,
       4.02575185e-04, 7.54762067e-04, 5.24804641e-03, 1.58638808e-02,
       2.24946941e-03, 7.69326335e-03, 9.03203162e-02, 3.08814454e-02,
       5.94850833e-03, 2.79015614e-03, 2.43224912e-02, 7.57957569e-03,
       3.09114823e-02, 1.15420232e-02, 1.38330844e-01, 4.06211267e-03,
       5.17214488e-03, 1.91666906e-02, 7.46059959e-02, 1.93959345e-01,
       7.62014054e-04, 5.83125537e-05, 3.39165782e-03, 1.10501358e-03,
       5.66658639e-03, 4.62071580e-03, 7.67612888e-04, 1.22949404e-06,
       5.34582902e-04, 1.37166584e-02, 6.67866637e-05, 8.27719686e-03,
       2.40906750e-02, 6.11114802e-04, 4.35258633e-06, 2.33129023e-05,
       5.76119285e-07, 1.08656945e-03, 2.22135763e-07, 2.15287710e-06,
       4.27917507e-07]), array([1.29261970e-02, 8.15604627e-02, 1.26339150e-02, 3.16088693e-06,
       5.16745388e-05, 2.20153169e-02, 1.06348457e-04, 8.76982225e-03,
       4.62426322e-07, 9.72701774e-07, 6.32132245e-06, 2.06708384e-06,
       4.58967040e-03, 3.55326649e-02, 7.31721184e-03, 8.50905106e-07,
       5.17051971e-07, 1.64267613e-07, 5.02619473e-07, 5.85186122e-06,
       3.57396344e-07, 1.15271630e-06, 1.39985518e-05, 1.61235636e-07,
       3.31007021e-07, 9.23516560e-08, 7.41758484e-06, 1.33767132e-06,
       6.24406220e-06, 5.20773269e-07, 7.92453518e-07, 1.01692053e-06,
       7.70463550e-08, 3.45691428e-06, 9.14674172e-06, 7.59339729e-07,
       2.00688980e-06, 1.12062039e-06, 9.36408020e-06, 2.39834903e-07,
       1.91261743e-06, 2.48319358e-06, 9.60374360e-07, 1.85735978e-05,
       3.20007366e-04, 3.42953772e-02, 3.21796060e-04, 6.34079975e-03,
       1.59173549e-04, 1.70086942e-03, 2.29084232e-01, 1.02550371e-03,
       2.22586537e-04, 3.20109719e-02, 1.10435733e-04, 2.34240123e-03,
       6.05443989e-03, 1.37795826e-03, 8.00174526e-02, 3.95623124e-02,
       7.65138219e-04, 1.09909091e-02, 1.13745816e-02, 3.78047423e-02,
       4.40439025e-03, 3.16822688e-05, 9.98845880e-05, 1.18005619e-03,
       1.48303280e-03, 3.78450251e-04, 1.50184379e-04, 5.34915183e-06,
       1.34846211e-02, 2.20283031e-01, 1.15535005e-05, 1.37341094e-02,
       6.16544858e-02, 1.82071486e-04, 1.05605710e-06, 3.04843034e-06,
       4.30797570e-06, 1.41708249e-03, 1.12700027e-06, 3.75429856e-07,
       7.32589936e-07]), array([5.21497934e-03, 5.05599277e-03, 1.01926946e-03, 2.65860099e-05,
       7.59057870e-04, 4.77748138e-03, 5.48157958e-05, 2.79678306e-03,
       1.16786432e-04, 4.08291832e-06, 6.94195538e-07, 9.25757597e-05,
       1.30791898e-03, 3.63209103e-04, 9.75113045e-04, 9.12723728e-07,
       7.25061927e-06, 2.64078887e-07, 1.37228790e-06, 4.13687900e-06,
       1.94951550e-05, 6.18196509e-06, 5.70609030e-06, 3.25298815e-06,
       1.51634613e-06, 2.74301201e-07, 1.19681969e-06, 1.46259508e-06,
       7.87596219e-05, 3.76611350e-06, 1.17244232e-06, 2.82115615e-05,
       3.00221532e-06, 2.00555172e-08, 9.43875924e-06, 2.56074145e-05,
       7.24456991e-05, 1.68794971e-05, 2.74030686e-06, 8.00350255e-06,
       8.26138241e-06, 6.42967788e-05, 2.41656483e-06, 2.97569251e-05,
       6.84863061e-05, 1.98596439e-03, 5.07456138e-03, 2.04706309e-02,
       5.54602307e-03, 1.35710157e-02, 4.86429445e-01, 1.00467703e-02,
       3.45037833e-03, 8.38932561e-03, 1.94626103e-02, 3.69870125e-03,
       3.80559600e-02, 4.84800554e-03, 1.14451489e-01, 1.06552924e-02,
       3.06253990e-03, 6.13206153e-03, 1.33855980e-01, 4.16649308e-02,
       2.71635329e-03, 3.46640828e-05, 9.04960570e-04, 1.23393324e-03,
       7.19936342e-03, 2.24186273e-04, 2.33382389e-03, 2.22741208e-05,
       2.30197752e-03, 5.28479390e-04, 4.83352213e-05, 1.46359279e-02,
       1.32619343e-02, 2.23757109e-04, 3.01338576e-06, 2.69267273e-05,
       2.17194983e-06, 3.92417431e-04, 3.44621009e-07, 8.72776689e-07,
       1.09636404e-05]), array([7.36831029e-03, 1.32403868e-01, 6.73714172e-03, 1.09609751e-05,
       7.78517618e-05, 4.03899499e-02, 3.55559617e-04, 1.27289747e-02,
       1.01699875e-06, 2.49203832e-06, 5.26827017e-07, 1.59187510e-06,
       1.40828694e-02, 4.14854609e-02, 7.63687644e-03, 1.07048560e-06,
       4.44123729e-07, 5.37329368e-07, 8.86199806e-08, 6.54728047e-06,
       8.62012235e-07, 9.04358513e-07, 7.32367953e-06, 4.51430264e-07,
       2.42834529e-06, 1.32014691e-07, 4.22799105e-07, 1.70575520e-06,
       1.40061321e-05, 4.09139696e-07, 8.03949535e-07, 2.20147502e-06,
       3.31873125e-07, 1.49366748e-07, 8.03498543e-06, 1.25601726e-06,
       1.44281409e-06, 4.32714836e-06, 2.66944335e-06, 1.23566985e-06,
       2.07890493e-06, 6.89675018e-06, 8.94899818e-07, 5.39920870e-05,
       4.02575185e-04, 7.54762067e-04, 5.24804641e-03, 1.58638808e-02,
       2.24946941e-03, 7.69326335e-03, 9.03203162e-02, 3.08814454e-02,
       5.94850833e-03, 2.79015614e-03, 2.43224912e-02, 7.57957569e-03,
       3.09114823e-02, 1.15420232e-02, 1.38330844e-01, 4.06211267e-03,
       5.17214488e-03, 1.91666906e-02, 7.46059959e-02, 1.93959345e-01,
       7.62014054e-04, 5.83125537e-05, 3.39165782e-03, 1.10501358e-03,
       5.66658639e-03, 4.62071580e-03, 7.67612888e-04, 1.22949404e-06,
       5.34582902e-04, 1.37166584e-02, 6.67866637e-05, 8.27719686e-03,
       2.40906750e-02, 6.11114802e-04, 4.35258633e-06, 2.33129023e-05,
       5.76119285e-07, 1.08656945e-03, 2.22135763e-07, 2.15287710e-06,
       4.27917507e-07]), array([1.29261970e-02, 8.15604627e-02, 1.26339150e-02, 3.16088693e-06,
       5.16745388e-05, 2.20153169e-02, 1.06348457e-04, 8.76982225e-03,
       4.62426322e-07, 9.72701774e-07, 6.32132245e-06, 2.06708384e-06,
       4.58967040e-03, 3.55326649e-02, 7.31721184e-03, 8.50905106e-07,
       5.17051971e-07, 1.64267613e-07, 5.02619473e-07, 5.85186122e-06,
       3.57396344e-07, 1.15271630e-06, 1.39985518e-05, 1.61235636e-07,
       3.31007021e-07, 9.23516560e-08, 7.41758484e-06, 1.33767132e-06,
       6.24406220e-06, 5.20773269e-07, 7.92453518e-07, 1.01692053e-06,
       7.70463550e-08, 3.45691428e-06, 9.14674172e-06, 7.59339729e-07,
       2.00688980e-06, 1.12062039e-06, 9.36408020e-06, 2.39834903e-07,
       1.91261743e-06, 2.48319358e-06, 9.60374360e-07, 1.85735978e-05,
       3.20007366e-04, 3.42953772e-02, 3.21796060e-04, 6.34079975e-03,
       1.59173549e-04, 1.70086942e-03, 2.29084232e-01, 1.02550371e-03,
       2.22586537e-04, 3.20109719e-02, 1.10435733e-04, 2.34240123e-03,
       6.05443989e-03, 1.37795826e-03, 8.00174526e-02, 3.95623124e-02,
       7.65138219e-04, 1.09909091e-02, 1.13745816e-02, 3.78047423e-02,
       4.40439025e-03, 3.16822688e-05, 9.98845880e-05, 1.18005619e-03,
       1.48303280e-03, 3.78450251e-04, 1.50184379e-04, 5.34915183e-06,
       1.34846211e-02, 2.20283031e-01, 1.15535005e-05, 1.37341094e-02,
       6.16544858e-02, 1.82071486e-04, 1.05605710e-06, 3.04843034e-06,
       4.30797570e-06, 1.41708249e-03, 1.12700027e-06, 3.75429856e-07,
       7.32589936e-07]), array([5.21497934e-03, 5.05599277e-03, 1.01926946e-03, 2.65860099e-05,
       7.59057870e-04, 4.77748138e-03, 5.48157958e-05, 2.79678306e-03,
       1.16786432e-04, 4.08291832e-06, 6.94195538e-07, 9.25757597e-05,
       1.30791898e-03, 3.63209103e-04, 9.75113045e-04, 9.12723728e-07,
       7.25061927e-06, 2.64078887e-07, 1.37228790e-06, 4.13687900e-06,
       1.94951550e-05, 6.18196509e-06, 5.70609030e-06, 3.25298815e-06,
       1.51634613e-06, 2.74301201e-07, 1.19681969e-06, 1.46259508e-06,
       7.87596219e-05, 3.76611350e-06, 1.17244232e-06, 2.82115615e-05,
       3.00221532e-06, 2.00555172e-08, 9.43875924e-06, 2.56074145e-05,
       7.24456991e-05, 1.68794971e-05, 2.74030686e-06, 8.00350255e-06,
       8.26138241e-06, 6.42967788e-05, 2.41656483e-06, 2.97569251e-05,
       6.84863061e-05, 1.98596439e-03, 5.07456138e-03, 2.04706309e-02,
       5.54602307e-03, 1.35710157e-02, 4.86429445e-01, 1.00467703e-02,
       3.45037833e-03, 8.38932561e-03, 1.94626103e-02, 3.69870125e-03,
       3.80559600e-02, 4.84800554e-03, 1.14451489e-01, 1.06552924e-02,
       3.06253990e-03, 6.13206153e-03, 1.33855980e-01, 4.16649308e-02,
       2.71635329e-03, 3.46640828e-05, 9.04960570e-04, 1.23393324e-03,
       7.19936342e-03, 2.24186273e-04, 2.33382389e-03, 2.22741208e-05,
       2.30197752e-03, 5.28479390e-04, 4.83352213e-05, 1.46359279e-02,
       1.32619343e-02, 2.23757109e-04, 3.01338576e-06, 2.69267273e-05,
       2.17194983e-06, 3.92417431e-04, 3.44621009e-07, 8.72776689e-07,
       1.09636404e-05]), array([7.36831029e-03, 1.32403868e-01, 6.73714172e-03, 1.09609751e-05,
       7.78517618e-05, 4.03899499e-02, 3.55559617e-04, 1.27289747e-02,
       1.01699875e-06, 2.49203832e-06, 5.26827017e-07, 1.59187510e-06,
       1.40828694e-02, 4.14854609e-02, 7.63687644e-03, 1.07048560e-06,
       4.44123729e-07, 5.37329368e-07, 8.86199806e-08, 6.54728047e-06,
       8.62012235e-07, 9.04358513e-07, 7.32367953e-06, 4.51430264e-07,
       2.42834529e-06, 1.32014691e-07, 4.22799105e-07, 1.70575520e-06,
       1.40061321e-05, 4.09139696e-07, 8.03949535e-07, 2.20147502e-06,
       3.31873125e-07, 1.49366748e-07, 8.03498543e-06, 1.25601726e-06,
       1.44281409e-06, 4.32714836e-06, 2.66944335e-06, 1.23566985e-06,
       2.07890493e-06, 6.89675018e-06, 8.94899818e-07, 5.39920870e-05,
       4.02575185e-04, 7.54762067e-04, 5.24804641e-03, 1.58638808e-02,
       2.24946941e-03, 7.69326335e-03, 9.03203162e-02, 3.08814454e-02,
       5.94850833e-03, 2.79015614e-03, 2.43224912e-02, 7.57957569e-03,
       3.09114823e-02, 1.15420232e-02, 1.38330844e-01, 4.06211267e-03,
       5.17214488e-03, 1.91666906e-02, 7.46059959e-02, 1.93959345e-01,
       7.62014054e-04, 5.83125537e-05, 3.39165782e-03, 1.10501358e-03,
       5.66658639e-03, 4.62071580e-03, 7.67612888e-04, 1.22949404e-06,
       5.34582902e-04, 1.37166584e-02, 6.67866637e-05, 8.27719686e-03,
       2.40906750e-02, 6.11114802e-04, 4.35258633e-06, 2.33129023e-05,
       5.76119285e-07, 1.08656945e-03, 2.22135763e-07, 2.15287710e-06,
       4.27917507e-07]), array([1.29261970e-02, 8.15604627e-02, 1.26339150e-02, 3.16088693e-06,
       5.16745388e-05, 2.20153169e-02, 1.06348457e-04, 8.76982225e-03,
       4.62426322e-07, 9.72701774e-07, 6.32132245e-06, 2.06708384e-06,
       4.58967040e-03, 3.55326649e-02, 7.31721184e-03, 8.50905106e-07,
       5.17051971e-07, 1.64267613e-07, 5.02619473e-07, 5.85186122e-06,
       3.57396344e-07, 1.15271630e-06, 1.39985518e-05, 1.61235636e-07,
       3.31007021e-07, 9.23516560e-08, 7.41758484e-06, 1.33767132e-06,
       6.24406220e-06, 5.20773269e-07, 7.92453518e-07, 1.01692053e-06,
       7.70463550e-08, 3.45691428e-06, 9.14674172e-06, 7.59339729e-07,
       2.00688980e-06, 1.12062039e-06, 9.36408020e-06, 2.39834903e-07,
       1.91261743e-06, 2.48319358e-06, 9.60374360e-07, 1.85735978e-05,
       3.20007366e-04, 3.42953772e-02, 3.21796060e-04, 6.34079975e-03,
       1.59173549e-04, 1.70086942e-03, 2.29084232e-01, 1.02550371e-03,
       2.22586537e-04, 3.20109719e-02, 1.10435733e-04, 2.34240123e-03,
       6.05443989e-03, 1.37795826e-03, 8.00174526e-02, 3.95623124e-02,
       7.65138219e-04, 1.09909091e-02, 1.13745816e-02, 3.78047423e-02,
       4.40439025e-03, 3.16822688e-05, 9.98845880e-05, 1.18005619e-03,
       1.48303280e-03, 3.78450251e-04, 1.50184379e-04, 5.34915183e-06,
       1.34846211e-02, 2.20283031e-01, 1.15535005e-05, 1.37341094e-02,
       6.16544858e-02, 1.82071486e-04, 1.05605710e-06, 3.04843034e-06,
       4.30797570e-06, 1.41708249e-03, 1.12700027e-06, 3.75429856e-07,
       7.32589936e-07]), array([5.21497934e-03, 5.05599277e-03, 1.01926946e-03, 2.65860099e-05,
       7.59057870e-04, 4.77748138e-03, 5.48157958e-05, 2.79678306e-03,
       1.16786432e-04, 4.08291832e-06, 6.94195538e-07, 9.25757597e-05,
       1.30791898e-03, 3.63209103e-04, 9.75113045e-04, 9.12723728e-07,
       7.25061927e-06, 2.64078887e-07, 1.37228790e-06, 4.13687900e-06,
       1.94951550e-05, 6.18196509e-06, 5.70609030e-06, 3.25298815e-06,
       1.51634613e-06, 2.74301201e-07, 1.19681969e-06, 1.46259508e-06,
       7.87596219e-05, 3.76611350e-06, 1.17244232e-06, 2.82115615e-05,
       3.00221532e-06, 2.00555172e-08, 9.43875924e-06, 2.56074145e-05,
       7.24456991e-05, 1.68794971e-05, 2.74030686e-06, 8.00350255e-06,
       8.26138241e-06, 6.42967788e-05, 2.41656483e-06, 2.97569251e-05,
       6.84863061e-05, 1.98596439e-03, 5.07456138e-03, 2.04706309e-02,
       5.54602307e-03, 1.35710157e-02, 4.86429445e-01, 1.00467703e-02,
       3.45037833e-03, 8.38932561e-03, 1.94626103e-02, 3.69870125e-03,
       3.80559600e-02, 4.84800554e-03, 1.14451489e-01, 1.06552924e-02,
       3.06253990e-03, 6.13206153e-03, 1.33855980e-01, 4.16649308e-02,
       2.71635329e-03, 3.46640828e-05, 9.04960570e-04, 1.23393324e-03,
       7.19936342e-03, 2.24186273e-04, 2.33382389e-03, 2.22741208e-05,
       2.30197752e-03, 5.28479390e-04, 4.83352213e-05, 1.46359279e-02,
       1.32619343e-02, 2.23757109e-04, 3.01338576e-06, 2.69267273e-05,
       2.17194983e-06, 3.92417431e-04, 3.44621009e-07, 8.72776689e-07,
       1.09636404e-05]), array([7.36831029e-03, 1.32403868e-01, 6.73714172e-03, 1.09609751e-05,
       7.78517618e-05, 4.03899499e-02, 3.55559617e-04, 1.27289747e-02,
       1.01699875e-06, 2.49203832e-06, 5.26827017e-07, 1.59187510e-06,
       1.40828694e-02, 4.14854609e-02, 7.63687644e-03, 1.07048560e-06,
       4.44123729e-07, 5.37329368e-07, 8.86199806e-08, 6.54728047e-06,
       8.62012235e-07, 9.04358513e-07, 7.32367953e-06, 4.51430264e-07,
       2.42834529e-06, 1.32014691e-07, 4.22799105e-07, 1.70575520e-06,
       1.40061321e-05, 4.09139696e-07, 8.03949535e-07, 2.20147502e-06,
       3.31873125e-07, 1.49366748e-07, 8.03498543e-06, 1.25601726e-06,
       1.44281409e-06, 4.32714836e-06, 2.66944335e-06, 1.23566985e-06,
       2.07890493e-06, 6.89675018e-06, 8.94899818e-07, 5.39920870e-05,
       4.02575185e-04, 7.54762067e-04, 5.24804641e-03, 1.58638808e-02,
       2.24946941e-03, 7.69326335e-03, 9.03203162e-02, 3.08814454e-02,
       5.94850833e-03, 2.79015614e-03, 2.43224912e-02, 7.57957569e-03,
       3.09114823e-02, 1.15420232e-02, 1.38330844e-01, 4.06211267e-03,
       5.17214488e-03, 1.91666906e-02, 7.46059959e-02, 1.93959345e-01,
       7.62014054e-04, 5.83125537e-05, 3.39165782e-03, 1.10501358e-03,
       5.66658639e-03, 4.62071580e-03, 7.67612888e-04, 1.22949404e-06,
       5.34582902e-04, 1.37166584e-02, 6.67866637e-05, 8.27719686e-03,
       2.40906750e-02, 6.11114802e-04, 4.35258633e-06, 2.33129023e-05,
       5.76119285e-07, 1.08656945e-03, 2.22135763e-07, 2.15287710e-06,
       4.27917507e-07]), array([1.29261970e-02, 8.15604627e-02, 1.26339150e-02, 3.16088693e-06,
       5.16745388e-05, 2.20153169e-02, 1.06348457e-04, 8.76982225e-03,
       4.62426322e-07, 9.72701774e-07, 6.32132245e-06, 2.06708384e-06,
       4.58967040e-03, 3.55326649e-02, 7.31721184e-03, 8.50905106e-07,
       5.17051971e-07, 1.64267613e-07, 5.02619473e-07, 5.85186122e-06,
       3.57396344e-07, 1.15271630e-06, 1.39985518e-05, 1.61235636e-07,
       3.31007021e-07, 9.23516560e-08, 7.41758484e-06, 1.33767132e-06,
       6.24406220e-06, 5.20773269e-07, 7.92453518e-07, 1.01692053e-06,
       7.70463550e-08, 3.45691428e-06, 9.14674172e-06, 7.59339729e-07,
       2.00688980e-06, 1.12062039e-06, 9.36408020e-06, 2.39834903e-07,
       1.91261743e-06, 2.48319358e-06, 9.60374360e-07, 1.85735978e-05,
       3.20007366e-04, 3.42953772e-02, 3.21796060e-04, 6.34079975e-03,
       1.59173549e-04, 1.70086942e-03, 2.29084232e-01, 1.02550371e-03,
       2.22586537e-04, 3.20109719e-02, 1.10435733e-04, 2.34240123e-03,
       6.05443989e-03, 1.37795826e-03, 8.00174526e-02, 3.95623124e-02,
       7.65138219e-04, 1.09909091e-02, 1.13745816e-02, 3.78047423e-02,
       4.40439025e-03, 3.16822688e-05, 9.98845880e-05, 1.18005619e-03,
       1.48303280e-03, 3.78450251e-04, 1.50184379e-04, 5.34915183e-06,
       1.34846211e-02, 2.20283031e-01, 1.15535005e-05, 1.37341094e-02,
       6.16544858e-02, 1.82071486e-04, 1.05605710e-06, 3.04843034e-06,
       4.30797570e-06, 1.41708249e-03, 1.12700027e-06, 3.75429856e-07,
       7.32589936e-07]), array([5.21497934e-03, 5.05599277e-03, 1.01926946e-03, 2.65860099e-05,
       7.59057870e-04, 4.77748138e-03, 5.48157958e-05, 2.79678306e-03,
       1.16786432e-04, 4.08291832e-06, 6.94195538e-07, 9.25757597e-05,
       1.30791898e-03, 3.63209103e-04, 9.75113045e-04, 9.12723728e-07,
       7.25061927e-06, 2.64078887e-07, 1.37228790e-06, 4.13687900e-06,
       1.94951550e-05, 6.18196509e-06, 5.70609030e-06, 3.25298815e-06,
       1.51634613e-06, 2.74301201e-07, 1.19681969e-06, 1.46259508e-06,
       7.87596219e-05, 3.76611350e-06, 1.17244232e-06, 2.82115615e-05,
       3.00221532e-06, 2.00555172e-08, 9.43875924e-06, 2.56074145e-05,
       7.24456991e-05, 1.68794971e-05, 2.74030686e-06, 8.00350255e-06,
       8.26138241e-06, 6.42967788e-05, 2.41656483e-06, 2.97569251e-05,
       6.84863061e-05, 1.98596439e-03, 5.07456138e-03, 2.04706309e-02,
       5.54602307e-03, 1.35710157e-02, 4.86429445e-01, 1.00467703e-02,
       3.45037833e-03, 8.38932561e-03, 1.94626103e-02, 3.69870125e-03,
       3.80559600e-02, 4.84800554e-03, 1.14451489e-01, 1.06552924e-02,
       3.06253990e-03, 6.13206153e-03, 1.33855980e-01, 4.16649308e-02,
       2.71635329e-03, 3.46640828e-05, 9.04960570e-04, 1.23393324e-03,
       7.19936342e-03, 2.24186273e-04, 2.33382389e-03, 2.22741208e-05,
       2.30197752e-03, 5.28479390e-04, 4.83352213e-05, 1.46359279e-02,
       1.32619343e-02, 2.23757109e-04, 3.01338576e-06, 2.69267273e-05,
       2.17194983e-06, 3.92417431e-04, 3.44621009e-07, 8.72776689e-07,
       1.09636404e-05]), array([7.36831029e-03, 1.32403868e-01, 6.73714172e-03, 1.09609751e-05,
       7.78517618e-05, 4.03899499e-02, 3.55559617e-04, 1.27289747e-02,
       1.01699875e-06, 2.49203832e-06, 5.26827017e-07, 1.59187510e-06,
       1.40828694e-02, 4.14854609e-02, 7.63687644e-03, 1.07048560e-06,
       4.44123729e-07, 5.37329368e-07, 8.86199806e-08, 6.54728047e-06,
       8.62012235e-07, 9.04358513e-07, 7.32367953e-06, 4.51430264e-07,
       2.42834529e-06, 1.32014691e-07, 4.22799105e-07, 1.70575520e-06,
       1.40061321e-05, 4.09139696e-07, 8.03949535e-07, 2.20147502e-06,
       3.31873125e-07, 1.49366748e-07, 8.03498543e-06, 1.25601726e-06,
       1.44281409e-06, 4.32714836e-06, 2.66944335e-06, 1.23566985e-06,
       2.07890493e-06, 6.89675018e-06, 8.94899818e-07, 5.39920870e-05,
       4.02575185e-04, 7.54762067e-04, 5.24804641e-03, 1.58638808e-02,
       2.24946941e-03, 7.69326335e-03, 9.03203162e-02, 3.08814454e-02,
       5.94850833e-03, 2.79015614e-03, 2.43224912e-02, 7.57957569e-03,
       3.09114823e-02, 1.15420232e-02, 1.38330844e-01, 4.06211267e-03,
       5.17214488e-03, 1.91666906e-02, 7.46059959e-02, 1.93959345e-01,
       7.62014054e-04, 5.83125537e-05, 3.39165782e-03, 1.10501358e-03,
       5.66658639e-03, 4.62071580e-03, 7.67612888e-04, 1.22949404e-06,
       5.34582902e-04, 1.37166584e-02, 6.67866637e-05, 8.27719686e-03,
       2.40906750e-02, 6.11114802e-04, 4.35258633e-06, 2.33129023e-05,
       5.76119285e-07, 1.08656945e-03, 2.22135763e-07, 2.15287710e-06,
       4.27917507e-07]), array([1.29261970e-02, 8.15604627e-02, 1.26339150e-02, 3.16088693e-06,
       5.16745388e-05, 2.20153169e-02, 1.06348457e-04, 8.76982225e-03,
       4.62426322e-07, 9.72701774e-07, 6.32132245e-06, 2.06708384e-06,
       4.58967040e-03, 3.55326649e-02, 7.31721184e-03, 8.50905106e-07,
       5.17051971e-07, 1.64267613e-07, 5.02619473e-07, 5.85186122e-06,
       3.57396344e-07, 1.15271630e-06, 1.39985518e-05, 1.61235636e-07,
       3.31007021e-07, 9.23516560e-08, 7.41758484e-06, 1.33767132e-06,
       6.24406220e-06, 5.20773269e-07, 7.92453518e-07, 1.01692053e-06,
       7.70463550e-08, 3.45691428e-06, 9.14674172e-06, 7.59339729e-07,
       2.00688980e-06, 1.12062039e-06, 9.36408020e-06, 2.39834903e-07,
       1.91261743e-06, 2.48319358e-06, 9.60374360e-07, 1.85735978e-05,
       3.20007366e-04, 3.42953772e-02, 3.21796060e-04, 6.34079975e-03,
       1.59173549e-04, 1.70086942e-03, 2.29084232e-01, 1.02550371e-03,
       2.22586537e-04, 3.20109719e-02, 1.10435733e-04, 2.34240123e-03,
       6.05443989e-03, 1.37795826e-03, 8.00174526e-02, 3.95623124e-02,
       7.65138219e-04, 1.09909091e-02, 1.13745816e-02, 3.78047423e-02,
       4.40439025e-03, 3.16822688e-05, 9.98845880e-05, 1.18005619e-03,
       1.48303280e-03, 3.78450251e-04, 1.50184379e-04, 5.34915183e-06,
       1.34846211e-02, 2.20283031e-01, 1.15535005e-05, 1.37341094e-02,
       6.16544858e-02, 1.82071486e-04, 1.05605710e-06, 3.04843034e-06,
       4.30797570e-06, 1.41708249e-03, 1.12700027e-06, 3.75429856e-07,
       7.32589936e-07]), array([5.21497934e-03, 5.05599277e-03, 1.01926946e-03, 2.65860099e-05,
       7.59057870e-04, 4.77748138e-03, 5.48157958e-05, 2.79678306e-03,
       1.16786432e-04, 4.08291832e-06, 6.94195538e-07, 9.25757597e-05,
       1.30791898e-03, 3.63209103e-04, 9.75113045e-04, 9.12723728e-07,
       7.25061927e-06, 2.64078887e-07, 1.37228790e-06, 4.13687900e-06,
       1.94951550e-05, 6.18196509e-06, 5.70609030e-06, 3.25298815e-06,
       1.51634613e-06, 2.74301201e-07, 1.19681969e-06, 1.46259508e-06,
       7.87596219e-05, 3.76611350e-06, 1.17244232e-06, 2.82115615e-05,
       3.00221532e-06, 2.00555172e-08, 9.43875924e-06, 2.56074145e-05,
       7.24456991e-05, 1.68794971e-05, 2.74030686e-06, 8.00350255e-06,
       8.26138241e-06, 6.42967788e-05, 2.41656483e-06, 2.97569251e-05,
       6.84863061e-05, 1.98596439e-03, 5.07456138e-03, 2.04706309e-02,
       5.54602307e-03, 1.35710157e-02, 4.86429445e-01, 1.00467703e-02,
       3.45037833e-03, 8.38932561e-03, 1.94626103e-02, 3.69870125e-03,
       3.80559600e-02, 4.84800554e-03, 1.14451489e-01, 1.06552924e-02,
       3.06253990e-03, 6.13206153e-03, 1.33855980e-01, 4.16649308e-02,
       2.71635329e-03, 3.46640828e-05, 9.04960570e-04, 1.23393324e-03,
       7.19936342e-03, 2.24186273e-04, 2.33382389e-03, 2.22741208e-05,
       2.30197752e-03, 5.28479390e-04, 4.83352213e-05, 1.46359279e-02,
       1.32619343e-02, 2.23757109e-04, 3.01338576e-06, 2.69267273e-05,
       2.17194983e-06, 3.92417431e-04, 3.44621009e-07, 8.72776689e-07,
       1.09636404e-05]), array([7.36831029e-03, 1.32403868e-01, 6.73714172e-03, 1.09609751e-05,
       7.78517618e-05, 4.03899499e-02, 3.55559617e-04, 1.27289747e-02,
       1.01699875e-06, 2.49203832e-06, 5.26827017e-07, 1.59187510e-06,
       1.40828694e-02, 4.14854609e-02, 7.63687644e-03, 1.07048560e-06,
       4.44123729e-07, 5.37329368e-07, 8.86199806e-08, 6.54728047e-06,
       8.62012235e-07, 9.04358513e-07, 7.32367953e-06, 4.51430264e-07,
       2.42834529e-06, 1.32014691e-07, 4.22799105e-07, 1.70575520e-06,
       1.40061321e-05, 4.09139696e-07, 8.03949535e-07, 2.20147502e-06,
       3.31873125e-07, 1.49366748e-07, 8.03498543e-06, 1.25601726e-06,
       1.44281409e-06, 4.32714836e-06, 2.66944335e-06, 1.23566985e-06,
       2.07890493e-06, 6.89675018e-06, 8.94899818e-07, 5.39920870e-05,
       4.02575185e-04, 7.54762067e-04, 5.24804641e-03, 1.58638808e-02,
       2.24946941e-03, 7.69326335e-03, 9.03203162e-02, 3.08814454e-02,
       5.94850833e-03, 2.79015614e-03, 2.43224912e-02, 7.57957569e-03,
       3.09114823e-02, 1.15420232e-02, 1.38330844e-01, 4.06211267e-03,
       5.17214488e-03, 1.91666906e-02, 7.46059959e-02, 1.93959345e-01,
       7.62014054e-04, 5.83125537e-05, 3.39165782e-03, 1.10501358e-03,
       5.66658639e-03, 4.62071580e-03, 7.67612888e-04, 1.22949404e-06,
       5.34582902e-04, 1.37166584e-02, 6.67866637e-05, 8.27719686e-03,
       2.40906750e-02, 6.11114802e-04, 4.35258633e-06, 2.33129023e-05,
       5.76119285e-07, 1.08656945e-03, 2.22135763e-07, 2.15287710e-06,
       4.27917507e-07]), array([1.29261970e-02, 8.15604627e-02, 1.26339150e-02, 3.16088693e-06,
       5.16745388e-05, 2.20153169e-02, 1.06348457e-04, 8.76982225e-03,
       4.62426322e-07, 9.72701774e-07, 6.32132245e-06, 2.06708384e-06,
       4.58967040e-03, 3.55326649e-02, 7.31721184e-03, 8.50905106e-07,
       5.17051971e-07, 1.64267613e-07, 5.02619473e-07, 5.85186122e-06,
       3.57396344e-07, 1.15271630e-06, 1.39985518e-05, 1.61235636e-07,
       3.31007021e-07, 9.23516560e-08, 7.41758484e-06, 1.33767132e-06,
       6.24406220e-06, 5.20773269e-07, 7.92453518e-07, 1.01692053e-06,
       7.70463550e-08, 3.45691428e-06, 9.14674172e-06, 7.59339729e-07,
       2.00688980e-06, 1.12062039e-06, 9.36408020e-06, 2.39834903e-07,
       1.91261743e-06, 2.48319358e-06, 9.60374360e-07, 1.85735978e-05,
       3.20007366e-04, 3.42953772e-02, 3.21796060e-04, 6.34079975e-03,
       1.59173549e-04, 1.70086942e-03, 2.29084232e-01, 1.02550371e-03,
       2.22586537e-04, 3.20109719e-02, 1.10435733e-04, 2.34240123e-03,
       6.05443989e-03, 1.37795826e-03, 8.00174526e-02, 3.95623124e-02,
       7.65138219e-04, 1.09909091e-02, 1.13745816e-02, 3.78047423e-02,
       4.40439025e-03, 3.16822688e-05, 9.98845880e-05, 1.18005619e-03,
       1.48303280e-03, 3.78450251e-04, 1.50184379e-04, 5.34915183e-06,
       1.34846211e-02, 2.20283031e-01, 1.15535005e-05, 1.37341094e-02,
       6.16544858e-02, 1.82071486e-04, 1.05605710e-06, 3.04843034e-06,
       4.30797570e-06, 1.41708249e-03, 1.12700027e-06, 3.75429856e-07,
       7.32589936e-07]), array([5.21497934e-03, 5.05599277e-03, 1.01926946e-03, 2.65860099e-05,
       7.59057870e-04, 4.77748138e-03, 5.48157958e-05, 2.79678306e-03,
       1.16786432e-04, 4.08291832e-06, 6.94195538e-07, 9.25757597e-05,
       1.30791898e-03, 3.63209103e-04, 9.75113045e-04, 9.12723728e-07,
       7.25061927e-06, 2.64078887e-07, 1.37228790e-06, 4.13687900e-06,
       1.94951550e-05, 6.18196509e-06, 5.70609030e-06, 3.25298815e-06,
       1.51634613e-06, 2.74301201e-07, 1.19681969e-06, 1.46259508e-06,
       7.87596219e-05, 3.76611350e-06, 1.17244232e-06, 2.82115615e-05,
       3.00221532e-06, 2.00555172e-08, 9.43875924e-06, 2.56074145e-05,
       7.24456991e-05, 1.68794971e-05, 2.74030686e-06, 8.00350255e-06,
       8.26138241e-06, 6.42967788e-05, 2.41656483e-06, 2.97569251e-05,
       6.84863061e-05, 1.98596439e-03, 5.07456138e-03, 2.04706309e-02,
       5.54602307e-03, 1.35710157e-02, 4.86429445e-01, 1.00467703e-02,
       3.45037833e-03, 8.38932561e-03, 1.94626103e-02, 3.69870125e-03,
       3.80559600e-02, 4.84800554e-03, 1.14451489e-01, 1.06552924e-02,
       3.06253990e-03, 6.13206153e-03, 1.33855980e-01, 4.16649308e-02,
       2.71635329e-03, 3.46640828e-05, 9.04960570e-04, 1.23393324e-03,
       7.19936342e-03, 2.24186273e-04, 2.33382389e-03, 2.22741208e-05,
       2.30197752e-03, 5.28479390e-04, 4.83352213e-05, 1.46359279e-02,
       1.32619343e-02, 2.23757109e-04, 3.01338576e-06, 2.69267273e-05,
       2.17194983e-06, 3.92417431e-04, 3.44621009e-07, 8.72776689e-07,
       1.09636404e-05]), array([7.36831029e-03, 1.32403868e-01, 6.73714172e-03, 1.09609751e-05,
       7.78517618e-05, 4.03899499e-02, 3.55559617e-04, 1.27289747e-02,
       1.01699875e-06, 2.49203832e-06, 5.26827017e-07, 1.59187510e-06,
       1.40828694e-02, 4.14854609e-02, 7.63687644e-03, 1.07048560e-06,
       4.44123729e-07, 5.37329368e-07, 8.86199806e-08, 6.54728047e-06,
       8.62012235e-07, 9.04358513e-07, 7.32367953e-06, 4.51430264e-07,
       2.42834529e-06, 1.32014691e-07, 4.22799105e-07, 1.70575520e-06,
       1.40061321e-05, 4.09139696e-07, 8.03949535e-07, 2.20147502e-06,
       3.31873125e-07, 1.49366748e-07, 8.03498543e-06, 1.25601726e-06,
       1.44281409e-06, 4.32714836e-06, 2.66944335e-06, 1.23566985e-06,
       2.07890493e-06, 6.89675018e-06, 8.94899818e-07, 5.39920870e-05,
       4.02575185e-04, 7.54762067e-04, 5.24804641e-03, 1.58638808e-02,
       2.24946941e-03, 7.69326335e-03, 9.03203162e-02, 3.08814454e-02,
       5.94850833e-03, 2.79015614e-03, 2.43224912e-02, 7.57957569e-03,
       3.09114823e-02, 1.15420232e-02, 1.38330844e-01, 4.06211267e-03,
       5.17214488e-03, 1.91666906e-02, 7.46059959e-02, 1.93959345e-01,
       7.62014054e-04, 5.83125537e-05, 3.39165782e-03, 1.10501358e-03,
       5.66658639e-03, 4.62071580e-03, 7.67612888e-04, 1.22949404e-06,
       5.34582902e-04, 1.37166584e-02, 6.67866637e-05, 8.27719686e-03,
       2.40906750e-02, 6.11114802e-04, 4.35258633e-06, 2.33129023e-05,
       5.76119285e-07, 1.08656945e-03, 2.22135763e-07, 2.15287710e-06,
       4.27917507e-07]), array([1.29261970e-02, 8.15604627e-02, 1.26339150e-02, 3.16088693e-06,
       5.16745388e-05, 2.20153169e-02, 1.06348457e-04, 8.76982225e-03,
       4.62426322e-07, 9.72701774e-07, 6.32132245e-06, 2.06708384e-06,
       4.58967040e-03, 3.55326649e-02, 7.31721184e-03, 8.50905106e-07,
       5.17051971e-07, 1.64267613e-07, 5.02619473e-07, 5.85186122e-06,
       3.57396344e-07, 1.15271630e-06, 1.39985518e-05, 1.61235636e-07,
       3.31007021e-07, 9.23516560e-08, 7.41758484e-06, 1.33767132e-06,
       6.24406220e-06, 5.20773269e-07, 7.92453518e-07, 1.01692053e-06,
       7.70463550e-08, 3.45691428e-06, 9.14674172e-06, 7.59339729e-07,
       2.00688980e-06, 1.12062039e-06, 9.36408020e-06, 2.39834903e-07,
       1.91261743e-06, 2.48319358e-06, 9.60374360e-07, 1.85735978e-05,
       3.20007366e-04, 3.42953772e-02, 3.21796060e-04, 6.34079975e-03,
       1.59173549e-04, 1.70086942e-03, 2.29084232e-01, 1.02550371e-03,
       2.22586537e-04, 3.20109719e-02, 1.10435733e-04, 2.34240123e-03,
       6.05443989e-03, 1.37795826e-03, 8.00174526e-02, 3.95623124e-02,
       7.65138219e-04, 1.09909091e-02, 1.13745816e-02, 3.78047423e-02,
       4.40439025e-03, 3.16822688e-05, 9.98845880e-05, 1.18005619e-03,
       1.48303280e-03, 3.78450251e-04, 1.50184379e-04, 5.34915183e-06,
       1.34846211e-02, 2.20283031e-01, 1.15535005e-05, 1.37341094e-02,
       6.16544858e-02, 1.82071486e-04, 1.05605710e-06, 3.04843034e-06,
       4.30797570e-06, 1.41708249e-03, 1.12700027e-06, 3.75429856e-07,
       7.32589936e-07]), array([5.21497934e-03, 5.05599277e-03, 1.01926946e-03, 2.65860099e-05,
       7.59057870e-04, 4.77748138e-03, 5.48157958e-05, 2.79678306e-03,
       1.16786432e-04, 4.08291832e-06, 6.94195538e-07, 9.25757597e-05,
       1.30791898e-03, 3.63209103e-04, 9.75113045e-04, 9.12723728e-07,
       7.25061927e-06, 2.64078887e-07, 1.37228790e-06, 4.13687900e-06,
       1.94951550e-05, 6.18196509e-06, 5.70609030e-06, 3.25298815e-06,
       1.51634613e-06, 2.74301201e-07, 1.19681969e-06, 1.46259508e-06,
       7.87596219e-05, 3.76611350e-06, 1.17244232e-06, 2.82115615e-05,
       3.00221532e-06, 2.00555172e-08, 9.43875924e-06, 2.56074145e-05,
       7.24456991e-05, 1.68794971e-05, 2.74030686e-06, 8.00350255e-06,
       8.26138241e-06, 6.42967788e-05, 2.41656483e-06, 2.97569251e-05,
       6.84863061e-05, 1.98596439e-03, 5.07456138e-03, 2.04706309e-02,
       5.54602307e-03, 1.35710157e-02, 4.86429445e-01, 1.00467703e-02,
       3.45037833e-03, 8.38932561e-03, 1.94626103e-02, 3.69870125e-03,
       3.80559600e-02, 4.84800554e-03, 1.14451489e-01, 1.06552924e-02,
       3.06253990e-03, 6.13206153e-03, 1.33855980e-01, 4.16649308e-02,
       2.71635329e-03, 3.46640828e-05, 9.04960570e-04, 1.23393324e-03,
       7.19936342e-03, 2.24186273e-04, 2.33382389e-03, 2.22741208e-05,
       2.30197752e-03, 5.28479390e-04, 4.83352213e-05, 1.46359279e-02,
       1.32619343e-02, 2.23757109e-04, 3.01338576e-06, 2.69267273e-05,
       2.17194983e-06, 3.92417431e-04, 3.44621009e-07, 8.72776689e-07,
       1.09636404e-05]), array([7.36831029e-03, 1.32403868e-01, 6.73714172e-03, 1.09609751e-05,
       7.78517618e-05, 4.03899499e-02, 3.55559617e-04, 1.27289747e-02,
       1.01699875e-06, 2.49203832e-06, 5.26827017e-07, 1.59187510e-06,
       1.40828694e-02, 4.14854609e-02, 7.63687644e-03, 1.07048560e-06,
       4.44123729e-07, 5.37329368e-07, 8.86199806e-08, 6.54728047e-06,
       8.62012235e-07, 9.04358513e-07, 7.32367953e-06, 4.51430264e-07,
       2.42834529e-06, 1.32014691e-07, 4.22799105e-07, 1.70575520e-06,
       1.40061321e-05, 4.09139696e-07, 8.03949535e-07, 2.20147502e-06,
       3.31873125e-07, 1.49366748e-07, 8.03498543e-06, 1.25601726e-06,
       1.44281409e-06, 4.32714836e-06, 2.66944335e-06, 1.23566985e-06,
       2.07890493e-06, 6.89675018e-06, 8.94899818e-07, 5.39920870e-05,
       4.02575185e-04, 7.54762067e-04, 5.24804641e-03, 1.58638808e-02,
       2.24946941e-03, 7.69326335e-03, 9.03203162e-02, 3.08814454e-02,
       5.94850833e-03, 2.79015614e-03, 2.43224912e-02, 7.57957569e-03,
       3.09114823e-02, 1.15420232e-02, 1.38330844e-01, 4.06211267e-03,
       5.17214488e-03, 1.91666906e-02, 7.46059959e-02, 1.93959345e-01,
       7.62014054e-04, 5.83125537e-05, 3.39165782e-03, 1.10501358e-03,
       5.66658639e-03, 4.62071580e-03, 7.67612888e-04, 1.22949404e-06,
       5.34582902e-04, 1.37166584e-02, 6.67866637e-05, 8.27719686e-03,
       2.40906750e-02, 6.11114802e-04, 4.35258633e-06, 2.33129023e-05,
       5.76119285e-07, 1.08656945e-03, 2.22135763e-07, 2.15287710e-06,
       4.27917507e-07]), array([1.29261970e-02, 8.15604627e-02, 1.26339150e-02, 3.16088693e-06,
       5.16745388e-05, 2.20153169e-02, 1.06348457e-04, 8.76982225e-03,
       4.62426322e-07, 9.72701774e-07, 6.32132245e-06, 2.06708384e-06,
       4.58967040e-03, 3.55326649e-02, 7.31721184e-03, 8.50905106e-07,
       5.17051971e-07, 1.64267613e-07, 5.02619473e-07, 5.85186122e-06,
       3.57396344e-07, 1.15271630e-06, 1.39985518e-05, 1.61235636e-07,
       3.31007021e-07, 9.23516560e-08, 7.41758484e-06, 1.33767132e-06,
       6.24406220e-06, 5.20773269e-07, 7.92453518e-07, 1.01692053e-06,
       7.70463550e-08, 3.45691428e-06, 9.14674172e-06, 7.59339729e-07,
       2.00688980e-06, 1.12062039e-06, 9.36408020e-06, 2.39834903e-07,
       1.91261743e-06, 2.48319358e-06, 9.60374360e-07, 1.85735978e-05,
       3.20007366e-04, 3.42953772e-02, 3.21796060e-04, 6.34079975e-03,
       1.59173549e-04, 1.70086942e-03, 2.29084232e-01, 1.02550371e-03,
       2.22586537e-04, 3.20109719e-02, 1.10435733e-04, 2.34240123e-03,
       6.05443989e-03, 1.37795826e-03, 8.00174526e-02, 3.95623124e-02,
       7.65138219e-04, 1.09909091e-02, 1.13745816e-02, 3.78047423e-02,
       4.40439025e-03, 3.16822688e-05, 9.98845880e-05, 1.18005619e-03,
       1.48303280e-03, 3.78450251e-04, 1.50184379e-04, 5.34915183e-06,
       1.34846211e-02, 2.20283031e-01, 1.15535005e-05, 1.37341094e-02,
       6.16544858e-02, 1.82071486e-04, 1.05605710e-06, 3.04843034e-06,
       4.30797570e-06, 1.41708249e-03, 1.12700027e-06, 3.75429856e-07,
       7.32589936e-07]), array([5.21497934e-03, 5.05599277e-03, 1.01926946e-03, 2.65860099e-05,
       7.59057870e-04, 4.77748138e-03, 5.48157958e-05, 2.79678306e-03,
       1.16786432e-04, 4.08291832e-06, 6.94195538e-07, 9.25757597e-05,
       1.30791898e-03, 3.63209103e-04, 9.75113045e-04, 9.12723728e-07,
       7.25061927e-06, 2.64078887e-07, 1.37228790e-06, 4.13687900e-06,
       1.94951550e-05, 6.18196509e-06, 5.70609030e-06, 3.25298815e-06,
       1.51634613e-06, 2.74301201e-07, 1.19681969e-06, 1.46259508e-06,
       7.87596219e-05, 3.76611350e-06, 1.17244232e-06, 2.82115615e-05,
       3.00221532e-06, 2.00555172e-08, 9.43875924e-06, 2.56074145e-05,
       7.24456991e-05, 1.68794971e-05, 2.74030686e-06, 8.00350255e-06,
       8.26138241e-06, 6.42967788e-05, 2.41656483e-06, 2.97569251e-05,
       6.84863061e-05, 1.98596439e-03, 5.07456138e-03, 2.04706309e-02,
       5.54602307e-03, 1.35710157e-02, 4.86429445e-01, 1.00467703e-02,
       3.45037833e-03, 8.38932561e-03, 1.94626103e-02, 3.69870125e-03,
       3.80559600e-02, 4.84800554e-03, 1.14451489e-01, 1.06552924e-02,
       3.06253990e-03, 6.13206153e-03, 1.33855980e-01, 4.16649308e-02,
       2.71635329e-03, 3.46640828e-05, 9.04960570e-04, 1.23393324e-03,
       7.19936342e-03, 2.24186273e-04, 2.33382389e-03, 2.22741208e-05,
       2.30197752e-03, 5.28479390e-04, 4.83352213e-05, 1.46359279e-02,
       1.32619343e-02, 2.23757109e-04, 3.01338576e-06, 2.69267273e-05,
       2.17194983e-06, 3.92417431e-04, 3.44621009e-07, 8.72776689e-07,
       1.09636404e-05]), array([7.36831029e-03, 1.32403868e-01, 6.73714172e-03, 1.09609751e-05,
       7.78517618e-05, 4.03899499e-02, 3.55559617e-04, 1.27289747e-02,
       1.01699875e-06, 2.49203832e-06, 5.26827017e-07, 1.59187510e-06,
       1.40828694e-02, 4.14854609e-02, 7.63687644e-03, 1.07048560e-06,
       4.44123729e-07, 5.37329368e-07, 8.86199806e-08, 6.54728047e-06,
       8.62012235e-07, 9.04358513e-07, 7.32367953e-06, 4.51430264e-07,
       2.42834529e-06, 1.32014691e-07, 4.22799105e-07, 1.70575520e-06,
       1.40061321e-05, 4.09139696e-07, 8.03949535e-07, 2.20147502e-06,
       3.31873125e-07, 1.49366748e-07, 8.03498543e-06, 1.25601726e-06,
       1.44281409e-06, 4.32714836e-06, 2.66944335e-06, 1.23566985e-06,
       2.07890493e-06, 6.89675018e-06, 8.94899818e-07, 5.39920870e-05,
       4.02575185e-04, 7.54762067e-04, 5.24804641e-03, 1.58638808e-02,
       2.24946941e-03, 7.69326335e-03, 9.03203162e-02, 3.08814454e-02,
       5.94850833e-03, 2.79015614e-03, 2.43224912e-02, 7.57957569e-03,
       3.09114823e-02, 1.15420232e-02, 1.38330844e-01, 4.06211267e-03,
       5.17214488e-03, 1.91666906e-02, 7.46059959e-02, 1.93959345e-01,
       7.62014054e-04, 5.83125537e-05, 3.39165782e-03, 1.10501358e-03,
       5.66658639e-03, 4.62071580e-03, 7.67612888e-04, 1.22949404e-06,
       5.34582902e-04, 1.37166584e-02, 6.67866637e-05, 8.27719686e-03,
       2.40906750e-02, 6.11114802e-04, 4.35258633e-06, 2.33129023e-05,
       5.76119285e-07, 1.08656945e-03, 2.22135763e-07, 2.15287710e-06,
       4.27917507e-07]), array([1.29261970e-02, 8.15604627e-02, 1.26339150e-02, 3.16088693e-06,
       5.16745388e-05, 2.20153169e-02, 1.06348457e-04, 8.76982225e-03,
       4.62426322e-07, 9.72701774e-07, 6.32132245e-06, 2.06708384e-06,
       4.58967040e-03, 3.55326649e-02, 7.31721184e-03, 8.50905106e-07,
       5.17051971e-07, 1.64267613e-07, 5.02619473e-07, 5.85186122e-06,
       3.57396344e-07, 1.15271630e-06, 1.39985518e-05, 1.61235636e-07,
       3.31007021e-07, 9.23516560e-08, 7.41758484e-06, 1.33767132e-06,
       6.24406220e-06, 5.20773269e-07, 7.92453518e-07, 1.01692053e-06,
       7.70463550e-08, 3.45691428e-06, 9.14674172e-06, 7.59339729e-07,
       2.00688980e-06, 1.12062039e-06, 9.36408020e-06, 2.39834903e-07,
       1.91261743e-06, 2.48319358e-06, 9.60374360e-07, 1.85735978e-05,
       3.20007366e-04, 3.42953772e-02, 3.21796060e-04, 6.34079975e-03,
       1.59173549e-04, 1.70086942e-03, 2.29084232e-01, 1.02550371e-03,
       2.22586537e-04, 3.20109719e-02, 1.10435733e-04, 2.34240123e-03,
       6.05443989e-03, 1.37795826e-03, 8.00174526e-02, 3.95623124e-02,
       7.65138219e-04, 1.09909091e-02, 1.13745816e-02, 3.78047423e-02,
       4.40439025e-03, 3.16822688e-05, 9.98845880e-05, 1.18005619e-03,
       1.48303280e-03, 3.78450251e-04, 1.50184379e-04, 5.34915183e-06,
       1.34846211e-02, 2.20283031e-01, 1.15535005e-05, 1.37341094e-02,
       6.16544858e-02, 1.82071486e-04, 1.05605710e-06, 3.04843034e-06,
       4.30797570e-06, 1.41708249e-03, 1.12700027e-06, 3.75429856e-07,
       7.32589936e-07]), array([5.21497934e-03, 5.05599277e-03, 1.01926946e-03, 2.65860099e-05,
       7.59057870e-04, 4.77748138e-03, 5.48157958e-05, 2.79678306e-03,
       1.16786432e-04, 4.08291832e-06, 6.94195538e-07, 9.25757597e-05,
       1.30791898e-03, 3.63209103e-04, 9.75113045e-04, 9.12723728e-07,
       7.25061927e-06, 2.64078887e-07, 1.37228790e-06, 4.13687900e-06,
       1.94951550e-05, 6.18196509e-06, 5.70609030e-06, 3.25298815e-06,
       1.51634613e-06, 2.74301201e-07, 1.19681969e-06, 1.46259508e-06,
       7.87596219e-05, 3.76611350e-06, 1.17244232e-06, 2.82115615e-05,
       3.00221532e-06, 2.00555172e-08, 9.43875924e-06, 2.56074145e-05,
       7.24456991e-05, 1.68794971e-05, 2.74030686e-06, 8.00350255e-06,
       8.26138241e-06, 6.42967788e-05, 2.41656483e-06, 2.97569251e-05,
       6.84863061e-05, 1.98596439e-03, 5.07456138e-03, 2.04706309e-02,
       5.54602307e-03, 1.35710157e-02, 4.86429445e-01, 1.00467703e-02,
       3.45037833e-03, 8.38932561e-03, 1.94626103e-02, 3.69870125e-03,
       3.80559600e-02, 4.84800554e-03, 1.14451489e-01, 1.06552924e-02,
       3.06253990e-03, 6.13206153e-03, 1.33855980e-01, 4.16649308e-02,
       2.71635329e-03, 3.46640828e-05, 9.04960570e-04, 1.23393324e-03,
       7.19936342e-03, 2.24186273e-04, 2.33382389e-03, 2.22741208e-05,
       2.30197752e-03, 5.28479390e-04, 4.83352213e-05, 1.46359279e-02,
       1.32619343e-02, 2.23757109e-04, 3.01338576e-06, 2.69267273e-05,
       2.17194983e-06, 3.92417431e-04, 3.44621009e-07, 8.72776689e-07,
       1.09636404e-05]), array([7.36831029e-03, 1.32403868e-01, 6.73714172e-03, 1.09609751e-05,
       7.78517618e-05, 4.03899499e-02, 3.55559617e-04, 1.27289747e-02,
       1.01699875e-06, 2.49203832e-06, 5.26827017e-07, 1.59187510e-06,
       1.40828694e-02, 4.14854609e-02, 7.63687644e-03, 1.07048560e-06,
       4.44123729e-07, 5.37329368e-07, 8.86199806e-08, 6.54728047e-06,
       8.62012235e-07, 9.04358513e-07, 7.32367953e-06, 4.51430264e-07,
       2.42834529e-06, 1.32014691e-07, 4.22799105e-07, 1.70575520e-06,
       1.40061321e-05, 4.09139696e-07, 8.03949535e-07, 2.20147502e-06,
       3.31873125e-07, 1.49366748e-07, 8.03498543e-06, 1.25601726e-06,
       1.44281409e-06, 4.32714836e-06, 2.66944335e-06, 1.23566985e-06,
       2.07890493e-06, 6.89675018e-06, 8.94899818e-07, 5.39920870e-05,
       4.02575185e-04, 7.54762067e-04, 5.24804641e-03, 1.58638808e-02,
       2.24946941e-03, 7.69326335e-03, 9.03203162e-02, 3.08814454e-02,
       5.94850833e-03, 2.79015614e-03, 2.43224912e-02, 7.57957569e-03,
       3.09114823e-02, 1.15420232e-02, 1.38330844e-01, 4.06211267e-03,
       5.17214488e-03, 1.91666906e-02, 7.46059959e-02, 1.93959345e-01,
       7.62014054e-04, 5.83125537e-05, 3.39165782e-03, 1.10501358e-03,
       5.66658639e-03, 4.62071580e-03, 7.67612888e-04, 1.22949404e-06,
       5.34582902e-04, 1.37166584e-02, 6.67866637e-05, 8.27719686e-03,
       2.40906750e-02, 6.11114802e-04, 4.35258633e-06, 2.33129023e-05,
       5.76119285e-07, 1.08656945e-03, 2.22135763e-07, 2.15287710e-06,
       4.27917507e-07]), array([1.29261970e-02, 8.15604627e-02, 1.26339150e-02, 3.16088693e-06,
       5.16745388e-05, 2.20153169e-02, 1.06348457e-04, 8.76982225e-03,
       4.62426322e-07, 9.72701774e-07, 6.32132245e-06, 2.06708384e-06,
       4.58967040e-03, 3.55326649e-02, 7.31721184e-03, 8.50905106e-07,
       5.17051971e-07, 1.64267613e-07, 5.02619473e-07, 5.85186122e-06,
       3.57396344e-07, 1.15271630e-06, 1.39985518e-05, 1.61235636e-07,
       3.31007021e-07, 9.23516560e-08, 7.41758484e-06, 1.33767132e-06,
       6.24406220e-06, 5.20773269e-07, 7.92453518e-07, 1.01692053e-06,
       7.70463550e-08, 3.45691428e-06, 9.14674172e-06, 7.59339729e-07,
       2.00688980e-06, 1.12062039e-06, 9.36408020e-06, 2.39834903e-07,
       1.91261743e-06, 2.48319358e-06, 9.60374360e-07, 1.85735978e-05,
       3.20007366e-04, 3.42953772e-02, 3.21796060e-04, 6.34079975e-03,
       1.59173549e-04, 1.70086942e-03, 2.29084232e-01, 1.02550371e-03,
       2.22586537e-04, 3.20109719e-02, 1.10435733e-04, 2.34240123e-03,
       6.05443989e-03, 1.37795826e-03, 8.00174526e-02, 3.95623124e-02,
       7.65138219e-04, 1.09909091e-02, 1.13745816e-02, 3.78047423e-02,
       4.40439025e-03, 3.16822688e-05, 9.98845880e-05, 1.18005619e-03,
       1.48303280e-03, 3.78450251e-04, 1.50184379e-04, 5.34915183e-06,
       1.34846211e-02, 2.20283031e-01, 1.15535005e-05, 1.37341094e-02,
       6.16544858e-02, 1.82071486e-04, 1.05605710e-06, 3.04843034e-06,
       4.30797570e-06, 1.41708249e-03, 1.12700027e-06, 3.75429856e-07,
       7.32589936e-07]), array([5.21497934e-03, 5.05599277e-03, 1.01926946e-03, 2.65860099e-05,
       7.59057870e-04, 4.77748138e-03, 5.48157958e-05, 2.79678306e-03,
       1.16786432e-04, 4.08291832e-06, 6.94195538e-07, 9.25757597e-05,
       1.30791898e-03, 3.63209103e-04, 9.75113045e-04, 9.12723728e-07,
       7.25061927e-06, 2.64078887e-07, 1.37228790e-06, 4.13687900e-06,
       1.94951550e-05, 6.18196509e-06, 5.70609030e-06, 3.25298815e-06,
       1.51634613e-06, 2.74301201e-07, 1.19681969e-06, 1.46259508e-06,
       7.87596219e-05, 3.76611350e-06, 1.17244232e-06, 2.82115615e-05,
       3.00221532e-06, 2.00555172e-08, 9.43875924e-06, 2.56074145e-05,
       7.24456991e-05, 1.68794971e-05, 2.74030686e-06, 8.00350255e-06,
       8.26138241e-06, 6.42967788e-05, 2.41656483e-06, 2.97569251e-05,
       6.84863061e-05, 1.98596439e-03, 5.07456138e-03, 2.04706309e-02,
       5.54602307e-03, 1.35710157e-02, 4.86429445e-01, 1.00467703e-02,
       3.45037833e-03, 8.38932561e-03, 1.94626103e-02, 3.69870125e-03,
       3.80559600e-02, 4.84800554e-03, 1.14451489e-01, 1.06552924e-02,
       3.06253990e-03, 6.13206153e-03, 1.33855980e-01, 4.16649308e-02,
       2.71635329e-03, 3.46640828e-05, 9.04960570e-04, 1.23393324e-03,
       7.19936342e-03, 2.24186273e-04, 2.33382389e-03, 2.22741208e-05,
       2.30197752e-03, 5.28479390e-04, 4.83352213e-05, 1.46359279e-02,
       1.32619343e-02, 2.23757109e-04, 3.01338576e-06, 2.69267273e-05,
       2.17194983e-06, 3.92417431e-04, 3.44621009e-07, 8.72776689e-07,
       1.09636404e-05]), array([7.36831029e-03, 1.32403868e-01, 6.73714172e-03, 1.09609751e-05,
       7.78517618e-05, 4.03899499e-02, 3.55559617e-04, 1.27289747e-02,
       1.01699875e-06, 2.49203832e-06, 5.26827017e-07, 1.59187510e-06,
       1.40828694e-02, 4.14854609e-02, 7.63687644e-03, 1.07048560e-06,
       4.44123729e-07, 5.37329368e-07, 8.86199806e-08, 6.54728047e-06,
       8.62012235e-07, 9.04358513e-07, 7.32367953e-06, 4.51430264e-07,
       2.42834529e-06, 1.32014691e-07, 4.22799105e-07, 1.70575520e-06,
       1.40061321e-05, 4.09139696e-07, 8.03949535e-07, 2.20147502e-06,
       3.31873125e-07, 1.49366748e-07, 8.03498543e-06, 1.25601726e-06,
       1.44281409e-06, 4.32714836e-06, 2.66944335e-06, 1.23566985e-06,
       2.07890493e-06, 6.89675018e-06, 8.94899818e-07, 5.39920870e-05,
       4.02575185e-04, 7.54762067e-04, 5.24804641e-03, 1.58638808e-02,
       2.24946941e-03, 7.69326335e-03, 9.03203162e-02, 3.08814454e-02,
       5.94850833e-03, 2.79015614e-03, 2.43224912e-02, 7.57957569e-03,
       3.09114823e-02, 1.15420232e-02, 1.38330844e-01, 4.06211267e-03,
       5.17214488e-03, 1.91666906e-02, 7.46059959e-02, 1.93959345e-01,
       7.62014054e-04, 5.83125537e-05, 3.39165782e-03, 1.10501358e-03,
       5.66658639e-03, 4.62071580e-03, 7.67612888e-04, 1.22949404e-06,
       5.34582902e-04, 1.37166584e-02, 6.67866637e-05, 8.27719686e-03,
       2.40906750e-02, 6.11114802e-04, 4.35258633e-06, 2.33129023e-05,
       5.76119285e-07, 1.08656945e-03, 2.22135763e-07, 2.15287710e-06,
       4.27917507e-07]), array([1.29261970e-02, 8.15604627e-02, 1.26339150e-02, 3.16088693e-06,
       5.16745388e-05, 2.20153169e-02, 1.06348457e-04, 8.76982225e-03,
       4.62426322e-07, 9.72701774e-07, 6.32132245e-06, 2.06708384e-06,
       4.58967040e-03, 3.55326649e-02, 7.31721184e-03, 8.50905106e-07,
       5.17051971e-07, 1.64267613e-07, 5.02619473e-07, 5.85186122e-06,
       3.57396344e-07, 1.15271630e-06, 1.39985518e-05, 1.61235636e-07,
       3.31007021e-07, 9.23516560e-08, 7.41758484e-06, 1.33767132e-06,
       6.24406220e-06, 5.20773269e-07, 7.92453518e-07, 1.01692053e-06,
       7.70463550e-08, 3.45691428e-06, 9.14674172e-06, 7.59339729e-07,
       2.00688980e-06, 1.12062039e-06, 9.36408020e-06, 2.39834903e-07,
       1.91261743e-06, 2.48319358e-06, 9.60374360e-07, 1.85735978e-05,
       3.20007366e-04, 3.42953772e-02, 3.21796060e-04, 6.34079975e-03,
       1.59173549e-04, 1.70086942e-03, 2.29084232e-01, 1.02550371e-03,
       2.22586537e-04, 3.20109719e-02, 1.10435733e-04, 2.34240123e-03,
       6.05443989e-03, 1.37795826e-03, 8.00174526e-02, 3.95623124e-02,
       7.65138219e-04, 1.09909091e-02, 1.13745816e-02, 3.78047423e-02,
       4.40439025e-03, 3.16822688e-05, 9.98845880e-05, 1.18005619e-03,
       1.48303280e-03, 3.78450251e-04, 1.50184379e-04, 5.34915183e-06,
       1.34846211e-02, 2.20283031e-01, 1.15535005e-05, 1.37341094e-02,
       6.16544858e-02, 1.82071486e-04, 1.05605710e-06, 3.04843034e-06,
       4.30797570e-06, 1.41708249e-03, 1.12700027e-06, 3.75429856e-07,
       7.32589936e-07]), array([5.21497934e-03, 5.05599277e-03, 1.01926946e-03, 2.65860099e-05,
       7.59057870e-04, 4.77748138e-03, 5.48157958e-05, 2.79678306e-03,
       1.16786432e-04, 4.08291832e-06, 6.94195538e-07, 9.25757597e-05,
       1.30791898e-03, 3.63209103e-04, 9.75113045e-04, 9.12723728e-07,
       7.25061927e-06, 2.64078887e-07, 1.37228790e-06, 4.13687900e-06,
       1.94951550e-05, 6.18196509e-06, 5.70609030e-06, 3.25298815e-06,
       1.51634613e-06, 2.74301201e-07, 1.19681969e-06, 1.46259508e-06,
       7.87596219e-05, 3.76611350e-06, 1.17244232e-06, 2.82115615e-05,
       3.00221532e-06, 2.00555172e-08, 9.43875924e-06, 2.56074145e-05,
       7.24456991e-05, 1.68794971e-05, 2.74030686e-06, 8.00350255e-06,
       8.26138241e-06, 6.42967788e-05, 2.41656483e-06, 2.97569251e-05,
       6.84863061e-05, 1.98596439e-03, 5.07456138e-03, 2.04706309e-02,
       5.54602307e-03, 1.35710157e-02, 4.86429445e-01, 1.00467703e-02,
       3.45037833e-03, 8.38932561e-03, 1.94626103e-02, 3.69870125e-03,
       3.80559600e-02, 4.84800554e-03, 1.14451489e-01, 1.06552924e-02,
       3.06253990e-03, 6.13206153e-03, 1.33855980e-01, 4.16649308e-02,
       2.71635329e-03, 3.46640828e-05, 9.04960570e-04, 1.23393324e-03,
       7.19936342e-03, 2.24186273e-04, 2.33382389e-03, 2.22741208e-05,
       2.30197752e-03, 5.28479390e-04, 4.83352213e-05, 1.46359279e-02,
       1.32619343e-02, 2.23757109e-04, 3.01338576e-06, 2.69267273e-05,
       2.17194983e-06, 3.92417431e-04, 3.44621009e-07, 8.72776689e-07,
       1.09636404e-05]), array([7.36831029e-03, 1.32403868e-01, 6.73714172e-03, 1.09609751e-05,
       7.78517618e-05, 4.03899499e-02, 3.55559617e-04, 1.27289747e-02,
       1.01699875e-06, 2.49203832e-06, 5.26827017e-07, 1.59187510e-06,
       1.40828694e-02, 4.14854609e-02, 7.63687644e-03, 1.07048560e-06,
       4.44123729e-07, 5.37329368e-07, 8.86199806e-08, 6.54728047e-06,
       8.62012235e-07, 9.04358513e-07, 7.32367953e-06, 4.51430264e-07,
       2.42834529e-06, 1.32014691e-07, 4.22799105e-07, 1.70575520e-06,
       1.40061321e-05, 4.09139696e-07, 8.03949535e-07, 2.20147502e-06,
       3.31873125e-07, 1.49366748e-07, 8.03498543e-06, 1.25601726e-06,
       1.44281409e-06, 4.32714836e-06, 2.66944335e-06, 1.23566985e-06,
       2.07890493e-06, 6.89675018e-06, 8.94899818e-07, 5.39920870e-05,
       4.02575185e-04, 7.54762067e-04, 5.24804641e-03, 1.58638808e-02,
       2.24946941e-03, 7.69326335e-03, 9.03203162e-02, 3.08814454e-02,
       5.94850833e-03, 2.79015614e-03, 2.43224912e-02, 7.57957569e-03,
       3.09114823e-02, 1.15420232e-02, 1.38330844e-01, 4.06211267e-03,
       5.17214488e-03, 1.91666906e-02, 7.46059959e-02, 1.93959345e-01,
       7.62014054e-04, 5.83125537e-05, 3.39165782e-03, 1.10501358e-03,
       5.66658639e-03, 4.62071580e-03, 7.67612888e-04, 1.22949404e-06,
       5.34582902e-04, 1.37166584e-02, 6.67866637e-05, 8.27719686e-03,
       2.40906750e-02, 6.11114802e-04, 4.35258633e-06, 2.33129023e-05,
       5.76119285e-07, 1.08656945e-03, 2.22135763e-07, 2.15287710e-06,
       4.27917507e-07]), array([1.29261970e-02, 8.15604627e-02, 1.26339150e-02, 3.16088693e-06,
       5.16745388e-05, 2.20153169e-02, 1.06348457e-04, 8.76982225e-03,
       4.62426322e-07, 9.72701774e-07, 6.32132245e-06, 2.06708384e-06,
       4.58967040e-03, 3.55326649e-02, 7.31721184e-03, 8.50905106e-07,
       5.17051971e-07, 1.64267613e-07, 5.02619473e-07, 5.85186122e-06,
       3.57396344e-07, 1.15271630e-06, 1.39985518e-05, 1.61235636e-07,
       3.31007021e-07, 9.23516560e-08, 7.41758484e-06, 1.33767132e-06,
       6.24406220e-06, 5.20773269e-07, 7.92453518e-07, 1.01692053e-06,
       7.70463550e-08, 3.45691428e-06, 9.14674172e-06, 7.59339729e-07,
       2.00688980e-06, 1.12062039e-06, 9.36408020e-06, 2.39834903e-07,
       1.91261743e-06, 2.48319358e-06, 9.60374360e-07, 1.85735978e-05,
       3.20007366e-04, 3.42953772e-02, 3.21796060e-04, 6.34079975e-03,
       1.59173549e-04, 1.70086942e-03, 2.29084232e-01, 1.02550371e-03,
       2.22586537e-04, 3.20109719e-02, 1.10435733e-04, 2.34240123e-03,
       6.05443989e-03, 1.37795826e-03, 8.00174526e-02, 3.95623124e-02,
       7.65138219e-04, 1.09909091e-02, 1.13745816e-02, 3.78047423e-02,
       4.40439025e-03, 3.16822688e-05, 9.98845880e-05, 1.18005619e-03,
       1.48303280e-03, 3.78450251e-04, 1.50184379e-04, 5.34915183e-06,
       1.34846211e-02, 2.20283031e-01, 1.15535005e-05, 1.37341094e-02,
       6.16544858e-02, 1.82071486e-04, 1.05605710e-06, 3.04843034e-06,
       4.30797570e-06, 1.41708249e-03, 1.12700027e-06, 3.75429856e-07,
       7.32589936e-07]), array([5.21497934e-03, 5.05599277e-03, 1.01926946e-03, 2.65860099e-05,
       7.59057870e-04, 4.77748138e-03, 5.48157958e-05, 2.79678306e-03,
       1.16786432e-04, 4.08291832e-06, 6.94195538e-07, 9.25757597e-05,
       1.30791898e-03, 3.63209103e-04, 9.75113045e-04, 9.12723728e-07,
       7.25061927e-06, 2.64078887e-07, 1.37228790e-06, 4.13687900e-06,
       1.94951550e-05, 6.18196509e-06, 5.70609030e-06, 3.25298815e-06,
       1.51634613e-06, 2.74301201e-07, 1.19681969e-06, 1.46259508e-06,
       7.87596219e-05, 3.76611350e-06, 1.17244232e-06, 2.82115615e-05,
       3.00221532e-06, 2.00555172e-08, 9.43875924e-06, 2.56074145e-05,
       7.24456991e-05, 1.68794971e-05, 2.74030686e-06, 8.00350255e-06,
       8.26138241e-06, 6.42967788e-05, 2.41656483e-06, 2.97569251e-05,
       6.84863061e-05, 1.98596439e-03, 5.07456138e-03, 2.04706309e-02,
       5.54602307e-03, 1.35710157e-02, 4.86429445e-01, 1.00467703e-02,
       3.45037833e-03, 8.38932561e-03, 1.94626103e-02, 3.69870125e-03,
       3.80559600e-02, 4.84800554e-03, 1.14451489e-01, 1.06552924e-02,
       3.06253990e-03, 6.13206153e-03, 1.33855980e-01, 4.16649308e-02,
       2.71635329e-03, 3.46640828e-05, 9.04960570e-04, 1.23393324e-03,
       7.19936342e-03, 2.24186273e-04, 2.33382389e-03, 2.22741208e-05,
       2.30197752e-03, 5.28479390e-04, 4.83352213e-05, 1.46359279e-02,
       1.32619343e-02, 2.23757109e-04, 3.01338576e-06, 2.69267273e-05,
       2.17194983e-06, 3.92417431e-04, 3.44621009e-07, 8.72776689e-07,
       1.09636404e-05]), array([7.36831029e-03, 1.32403868e-01, 6.73714172e-03, 1.09609751e-05,
       7.78517618e-05, 4.03899499e-02, 3.55559617e-04, 1.27289747e-02,
       1.01699875e-06, 2.49203832e-06, 5.26827017e-07, 1.59187510e-06,
       1.40828694e-02, 4.14854609e-02, 7.63687644e-03, 1.07048560e-06,
       4.44123729e-07, 5.37329368e-07, 8.86199806e-08, 6.54728047e-06,
       8.62012235e-07, 9.04358513e-07, 7.32367953e-06, 4.51430264e-07,
       2.42834529e-06, 1.32014691e-07, 4.22799105e-07, 1.70575520e-06,
       1.40061321e-05, 4.09139696e-07, 8.03949535e-07, 2.20147502e-06,
       3.31873125e-07, 1.49366748e-07, 8.03498543e-06, 1.25601726e-06,
       1.44281409e-06, 4.32714836e-06, 2.66944335e-06, 1.23566985e-06,
       2.07890493e-06, 6.89675018e-06, 8.94899818e-07, 5.39920870e-05,
       4.02575185e-04, 7.54762067e-04, 5.24804641e-03, 1.58638808e-02,
       2.24946941e-03, 7.69326335e-03, 9.03203162e-02, 3.08814454e-02,
       5.94850833e-03, 2.79015614e-03, 2.43224912e-02, 7.57957569e-03,
       3.09114823e-02, 1.15420232e-02, 1.38330844e-01, 4.06211267e-03,
       5.17214488e-03, 1.91666906e-02, 7.46059959e-02, 1.93959345e-01,
       7.62014054e-04, 5.83125537e-05, 3.39165782e-03, 1.10501358e-03,
       5.66658639e-03, 4.62071580e-03, 7.67612888e-04, 1.22949404e-06,
       5.34582902e-04, 1.37166584e-02, 6.67866637e-05, 8.27719686e-03,
       2.40906750e-02, 6.11114802e-04, 4.35258633e-06, 2.33129023e-05,
       5.76119285e-07, 1.08656945e-03, 2.22135763e-07, 2.15287710e-06,
       4.27917507e-07]), array([1.29261970e-02, 8.15604627e-02, 1.26339150e-02, 3.16088693e-06,
       5.16745388e-05, 2.20153169e-02, 1.06348457e-04, 8.76982225e-03,
       4.62426322e-07, 9.72701774e-07, 6.32132245e-06, 2.06708384e-06,
       4.58967040e-03, 3.55326649e-02, 7.31721184e-03, 8.50905106e-07,
       5.17051971e-07, 1.64267613e-07, 5.02619473e-07, 5.85186122e-06,
       3.57396344e-07, 1.15271630e-06, 1.39985518e-05, 1.61235636e-07,
       3.31007021e-07, 9.23516560e-08, 7.41758484e-06, 1.33767132e-06,
       6.24406220e-06, 5.20773269e-07, 7.92453518e-07, 1.01692053e-06,
       7.70463550e-08, 3.45691428e-06, 9.14674172e-06, 7.59339729e-07,
       2.00688980e-06, 1.12062039e-06, 9.36408020e-06, 2.39834903e-07,
       1.91261743e-06, 2.48319358e-06, 9.60374360e-07, 1.85735978e-05,
       3.20007366e-04, 3.42953772e-02, 3.21796060e-04, 6.34079975e-03,
       1.59173549e-04, 1.70086942e-03, 2.29084232e-01, 1.02550371e-03,
       2.22586537e-04, 3.20109719e-02, 1.10435733e-04, 2.34240123e-03,
       6.05443989e-03, 1.37795826e-03, 8.00174526e-02, 3.95623124e-02,
       7.65138219e-04, 1.09909091e-02, 1.13745816e-02, 3.78047423e-02,
       4.40439025e-03, 3.16822688e-05, 9.98845880e-05, 1.18005619e-03,
       1.48303280e-03, 3.78450251e-04, 1.50184379e-04, 5.34915183e-06,
       1.34846211e-02, 2.20283031e-01, 1.15535005e-05, 1.37341094e-02,
       6.16544858e-02, 1.82071486e-04, 1.05605710e-06, 3.04843034e-06,
       4.30797570e-06, 1.41708249e-03, 1.12700027e-06, 3.75429856e-07,
       7.32589936e-07]), array([5.21497934e-03, 5.05599277e-03, 1.01926946e-03, 2.65860099e-05,
       7.59057870e-04, 4.77748138e-03, 5.48157958e-05, 2.79678306e-03,
       1.16786432e-04, 4.08291832e-06, 6.94195538e-07, 9.25757597e-05,
       1.30791898e-03, 3.63209103e-04, 9.75113045e-04, 9.12723728e-07,
       7.25061927e-06, 2.64078887e-07, 1.37228790e-06, 4.13687900e-06,
       1.94951550e-05, 6.18196509e-06, 5.70609030e-06, 3.25298815e-06,
       1.51634613e-06, 2.74301201e-07, 1.19681969e-06, 1.46259508e-06,
       7.87596219e-05, 3.76611350e-06, 1.17244232e-06, 2.82115615e-05,
       3.00221532e-06, 2.00555172e-08, 9.43875924e-06, 2.56074145e-05,
       7.24456991e-05, 1.68794971e-05, 2.74030686e-06, 8.00350255e-06,
       8.26138241e-06, 6.42967788e-05, 2.41656483e-06, 2.97569251e-05,
       6.84863061e-05, 1.98596439e-03, 5.07456138e-03, 2.04706309e-02,
       5.54602307e-03, 1.35710157e-02, 4.86429445e-01, 1.00467703e-02,
       3.45037833e-03, 8.38932561e-03, 1.94626103e-02, 3.69870125e-03,
       3.80559600e-02, 4.84800554e-03, 1.14451489e-01, 1.06552924e-02,
       3.06253990e-03, 6.13206153e-03, 1.33855980e-01, 4.16649308e-02,
       2.71635329e-03, 3.46640828e-05, 9.04960570e-04, 1.23393324e-03,
       7.19936342e-03, 2.24186273e-04, 2.33382389e-03, 2.22741208e-05,
       2.30197752e-03, 5.28479390e-04, 4.83352213e-05, 1.46359279e-02,
       1.32619343e-02, 2.23757109e-04, 3.01338576e-06, 2.69267273e-05,
       2.17194983e-06, 3.92417431e-04, 3.44621009e-07, 8.72776689e-07,
       1.09636404e-05]), array([7.36831029e-03, 1.32403868e-01, 6.73714172e-03, 1.09609751e-05,
       7.78517618e-05, 4.03899499e-02, 3.55559617e-04, 1.27289747e-02,
       1.01699875e-06, 2.49203832e-06, 5.26827017e-07, 1.59187510e-06,
       1.40828694e-02, 4.14854609e-02, 7.63687644e-03, 1.07048560e-06,
       4.44123729e-07, 5.37329368e-07, 8.86199806e-08, 6.54728047e-06,
       8.62012235e-07, 9.04358513e-07, 7.32367953e-06, 4.51430264e-07,
       2.42834529e-06, 1.32014691e-07, 4.22799105e-07, 1.70575520e-06,
       1.40061321e-05, 4.09139696e-07, 8.03949535e-07, 2.20147502e-06,
       3.31873125e-07, 1.49366748e-07, 8.03498543e-06, 1.25601726e-06,
       1.44281409e-06, 4.32714836e-06, 2.66944335e-06, 1.23566985e-06,
       2.07890493e-06, 6.89675018e-06, 8.94899818e-07, 5.39920870e-05,
       4.02575185e-04, 7.54762067e-04, 5.24804641e-03, 1.58638808e-02,
       2.24946941e-03, 7.69326335e-03, 9.03203162e-02, 3.08814454e-02,
       5.94850833e-03, 2.79015614e-03, 2.43224912e-02, 7.57957569e-03,
       3.09114823e-02, 1.15420232e-02, 1.38330844e-01, 4.06211267e-03,
       5.17214488e-03, 1.91666906e-02, 7.46059959e-02, 1.93959345e-01,
       7.62014054e-04, 5.83125537e-05, 3.39165782e-03, 1.10501358e-03,
       5.66658639e-03, 4.62071580e-03, 7.67612888e-04, 1.22949404e-06,
       5.34582902e-04, 1.37166584e-02, 6.67866637e-05, 8.27719686e-03,
       2.40906750e-02, 6.11114802e-04, 4.35258633e-06, 2.33129023e-05,
       5.76119285e-07, 1.08656945e-03, 2.22135763e-07, 2.15287710e-06,
       4.27917507e-07]), array([1.29261970e-02, 8.15604627e-02, 1.26339150e-02, 3.16088693e-06,
       5.16745388e-05, 2.20153169e-02, 1.06348457e-04, 8.76982225e-03,
       4.62426322e-07, 9.72701774e-07, 6.32132245e-06, 2.06708384e-06,
       4.58967040e-03, 3.55326649e-02, 7.31721184e-03, 8.50905106e-07,
       5.17051971e-07, 1.64267613e-07, 5.02619473e-07, 5.85186122e-06,
       3.57396344e-07, 1.15271630e-06, 1.39985518e-05, 1.61235636e-07,
       3.31007021e-07, 9.23516560e-08, 7.41758484e-06, 1.33767132e-06,
       6.24406220e-06, 5.20773269e-07, 7.92453518e-07, 1.01692053e-06,
       7.70463550e-08, 3.45691428e-06, 9.14674172e-06, 7.59339729e-07,
       2.00688980e-06, 1.12062039e-06, 9.36408020e-06, 2.39834903e-07,
       1.91261743e-06, 2.48319358e-06, 9.60374360e-07, 1.85735978e-05,
       3.20007366e-04, 3.42953772e-02, 3.21796060e-04, 6.34079975e-03,
       1.59173549e-04, 1.70086942e-03, 2.29084232e-01, 1.02550371e-03,
       2.22586537e-04, 3.20109719e-02, 1.10435733e-04, 2.34240123e-03,
       6.05443989e-03, 1.37795826e-03, 8.00174526e-02, 3.95623124e-02,
       7.65138219e-04, 1.09909091e-02, 1.13745816e-02, 3.78047423e-02,
       4.40439025e-03, 3.16822688e-05, 9.98845880e-05, 1.18005619e-03,
       1.48303280e-03, 3.78450251e-04, 1.50184379e-04, 5.34915183e-06,
       1.34846211e-02, 2.20283031e-01, 1.15535005e-05, 1.37341094e-02,
       6.16544858e-02, 1.82071486e-04, 1.05605710e-06, 3.04843034e-06,
       4.30797570e-06, 1.41708249e-03, 1.12700027e-06, 3.75429856e-07,
       7.32589936e-07]), array([5.21497934e-03, 5.05599277e-03, 1.01926946e-03, 2.65860099e-05,
       7.59057870e-04, 4.77748138e-03, 5.48157958e-05, 2.79678306e-03,
       1.16786432e-04, 4.08291832e-06, 6.94195538e-07, 9.25757597e-05,
       1.30791898e-03, 3.63209103e-04, 9.75113045e-04, 9.12723728e-07,
       7.25061927e-06, 2.64078887e-07, 1.37228790e-06, 4.13687900e-06,
       1.94951550e-05, 6.18196509e-06, 5.70609030e-06, 3.25298815e-06,
       1.51634613e-06, 2.74301201e-07, 1.19681969e-06, 1.46259508e-06,
       7.87596219e-05, 3.76611350e-06, 1.17244232e-06, 2.82115615e-05,
       3.00221532e-06, 2.00555172e-08, 9.43875924e-06, 2.56074145e-05,
       7.24456991e-05, 1.68794971e-05, 2.74030686e-06, 8.00350255e-06,
       8.26138241e-06, 6.42967788e-05, 2.41656483e-06, 2.97569251e-05,
       6.84863061e-05, 1.98596439e-03, 5.07456138e-03, 2.04706309e-02,
       5.54602307e-03, 1.35710157e-02, 4.86429445e-01, 1.00467703e-02,
       3.45037833e-03, 8.38932561e-03, 1.94626103e-02, 3.69870125e-03,
       3.80559600e-02, 4.84800554e-03, 1.14451489e-01, 1.06552924e-02,
       3.06253990e-03, 6.13206153e-03, 1.33855980e-01, 4.16649308e-02,
       2.71635329e-03, 3.46640828e-05, 9.04960570e-04, 1.23393324e-03,
       7.19936342e-03, 2.24186273e-04, 2.33382389e-03, 2.22741208e-05,
       2.30197752e-03, 5.28479390e-04, 4.83352213e-05, 1.46359279e-02,
       1.32619343e-02, 2.23757109e-04, 3.01338576e-06, 2.69267273e-05,
       2.17194983e-06, 3.92417431e-04, 3.44621009e-07, 8.72776689e-07,
       1.09636404e-05]), array([7.36831029e-03, 1.32403868e-01, 6.73714172e-03, 1.09609751e-05,
       7.78517618e-05, 4.03899499e-02, 3.55559617e-04, 1.27289747e-02,
       1.01699875e-06, 2.49203832e-06, 5.26827017e-07, 1.59187510e-06,
       1.40828694e-02, 4.14854609e-02, 7.63687644e-03, 1.07048560e-06,
       4.44123729e-07, 5.37329368e-07, 8.86199806e-08, 6.54728047e-06,
       8.62012235e-07, 9.04358513e-07, 7.32367953e-06, 4.51430264e-07,
       2.42834529e-06, 1.32014691e-07, 4.22799105e-07, 1.70575520e-06,
       1.40061321e-05, 4.09139696e-07, 8.03949535e-07, 2.20147502e-06,
       3.31873125e-07, 1.49366748e-07, 8.03498543e-06, 1.25601726e-06,
       1.44281409e-06, 4.32714836e-06, 2.66944335e-06, 1.23566985e-06,
       2.07890493e-06, 6.89675018e-06, 8.94899818e-07, 5.39920870e-05,
       4.02575185e-04, 7.54762067e-04, 5.24804641e-03, 1.58638808e-02,
       2.24946941e-03, 7.69326335e-03, 9.03203162e-02, 3.08814454e-02,
       5.94850833e-03, 2.79015614e-03, 2.43224912e-02, 7.57957569e-03,
       3.09114823e-02, 1.15420232e-02, 1.38330844e-01, 4.06211267e-03,
       5.17214488e-03, 1.91666906e-02, 7.46059959e-02, 1.93959345e-01,
       7.62014054e-04, 5.83125537e-05, 3.39165782e-03, 1.10501358e-03,
       5.66658639e-03, 4.62071580e-03, 7.67612888e-04, 1.22949404e-06,
       5.34582902e-04, 1.37166584e-02, 6.67866637e-05, 8.27719686e-03,
       2.40906750e-02, 6.11114802e-04, 4.35258633e-06, 2.33129023e-05,
       5.76119285e-07, 1.08656945e-03, 2.22135763e-07, 2.15287710e-06,
       4.27917507e-07]), array([1.29261970e-02, 8.15604627e-02, 1.26339150e-02, 3.16088693e-06,
       5.16745388e-05, 2.20153169e-02, 1.06348457e-04, 8.76982225e-03,
       4.62426322e-07, 9.72701774e-07, 6.32132245e-06, 2.06708384e-06,
       4.58967040e-03, 3.55326649e-02, 7.31721184e-03, 8.50905106e-07,
       5.17051971e-07, 1.64267613e-07, 5.02619473e-07, 5.85186122e-06,
       3.57396344e-07, 1.15271630e-06, 1.39985518e-05, 1.61235636e-07,
       3.31007021e-07, 9.23516560e-08, 7.41758484e-06, 1.33767132e-06,
       6.24406220e-06, 5.20773269e-07, 7.92453518e-07, 1.01692053e-06,
       7.70463550e-08, 3.45691428e-06, 9.14674172e-06, 7.59339729e-07,
       2.00688980e-06, 1.12062039e-06, 9.36408020e-06, 2.39834903e-07,
       1.91261743e-06, 2.48319358e-06, 9.60374360e-07, 1.85735978e-05,
       3.20007366e-04, 3.42953772e-02, 3.21796060e-04, 6.34079975e-03,
       1.59173549e-04, 1.70086942e-03, 2.29084232e-01, 1.02550371e-03,
       2.22586537e-04, 3.20109719e-02, 1.10435733e-04, 2.34240123e-03,
       6.05443989e-03, 1.37795826e-03, 8.00174526e-02, 3.95623124e-02,
       7.65138219e-04, 1.09909091e-02, 1.13745816e-02, 3.78047423e-02,
       4.40439025e-03, 3.16822688e-05, 9.98845880e-05, 1.18005619e-03,
       1.48303280e-03, 3.78450251e-04, 1.50184379e-04, 5.34915183e-06,
       1.34846211e-02, 2.20283031e-01, 1.15535005e-05, 1.37341094e-02,
       6.16544858e-02, 1.82071486e-04, 1.05605710e-06, 3.04843034e-06,
       4.30797570e-06, 1.41708249e-03, 1.12700027e-06, 3.75429856e-07,
       7.32589936e-07]), array([5.21497934e-03, 5.05599277e-03, 1.01926946e-03, 2.65860099e-05,
       7.59057870e-04, 4.77748138e-03, 5.48157958e-05, 2.79678306e-03,
       1.16786432e-04, 4.08291832e-06, 6.94195538e-07, 9.25757597e-05,
       1.30791898e-03, 3.63209103e-04, 9.75113045e-04, 9.12723728e-07,
       7.25061927e-06, 2.64078887e-07, 1.37228790e-06, 4.13687900e-06,
       1.94951550e-05, 6.18196509e-06, 5.70609030e-06, 3.25298815e-06,
       1.51634613e-06, 2.74301201e-07, 1.19681969e-06, 1.46259508e-06,
       7.87596219e-05, 3.76611350e-06, 1.17244232e-06, 2.82115615e-05,
       3.00221532e-06, 2.00555172e-08, 9.43875924e-06, 2.56074145e-05,
       7.24456991e-05, 1.68794971e-05, 2.74030686e-06, 8.00350255e-06,
       8.26138241e-06, 6.42967788e-05, 2.41656483e-06, 2.97569251e-05,
       6.84863061e-05, 1.98596439e-03, 5.07456138e-03, 2.04706309e-02,
       5.54602307e-03, 1.35710157e-02, 4.86429445e-01, 1.00467703e-02,
       3.45037833e-03, 8.38932561e-03, 1.94626103e-02, 3.69870125e-03,
       3.80559600e-02, 4.84800554e-03, 1.14451489e-01, 1.06552924e-02,
       3.06253990e-03, 6.13206153e-03, 1.33855980e-01, 4.16649308e-02,
       2.71635329e-03, 3.46640828e-05, 9.04960570e-04, 1.23393324e-03,
       7.19936342e-03, 2.24186273e-04, 2.33382389e-03, 2.22741208e-05,
       2.30197752e-03, 5.28479390e-04, 4.83352213e-05, 1.46359279e-02,
       1.32619343e-02, 2.23757109e-04, 3.01338576e-06, 2.69267273e-05,
       2.17194983e-06, 3.92417431e-04, 3.44621009e-07, 8.72776689e-07,
       1.09636404e-05]), array([7.36831029e-03, 1.32403868e-01, 6.73714172e-03, 1.09609751e-05,
       7.78517618e-05, 4.03899499e-02, 3.55559617e-04, 1.27289747e-02,
       1.01699875e-06, 2.49203832e-06, 5.26827017e-07, 1.59187510e-06,
       1.40828694e-02, 4.14854609e-02, 7.63687644e-03, 1.07048560e-06,
       4.44123729e-07, 5.37329368e-07, 8.86199806e-08, 6.54728047e-06,
       8.62012235e-07, 9.04358513e-07, 7.32367953e-06, 4.51430264e-07,
       2.42834529e-06, 1.32014691e-07, 4.22799105e-07, 1.70575520e-06,
       1.40061321e-05, 4.09139696e-07, 8.03949535e-07, 2.20147502e-06,
       3.31873125e-07, 1.49366748e-07, 8.03498543e-06, 1.25601726e-06,
       1.44281409e-06, 4.32714836e-06, 2.66944335e-06, 1.23566985e-06,
       2.07890493e-06, 6.89675018e-06, 8.94899818e-07, 5.39920870e-05,
       4.02575185e-04, 7.54762067e-04, 5.24804641e-03, 1.58638808e-02,
       2.24946941e-03, 7.69326335e-03, 9.03203162e-02, 3.08814454e-02,
       5.94850833e-03, 2.79015614e-03, 2.43224912e-02, 7.57957569e-03,
       3.09114823e-02, 1.15420232e-02, 1.38330844e-01, 4.06211267e-03,
       5.17214488e-03, 1.91666906e-02, 7.46059959e-02, 1.93959345e-01,
       7.62014054e-04, 5.83125537e-05, 3.39165782e-03, 1.10501358e-03,
       5.66658639e-03, 4.62071580e-03, 7.67612888e-04, 1.22949404e-06,
       5.34582902e-04, 1.37166584e-02, 6.67866637e-05, 8.27719686e-03,
       2.40906750e-02, 6.11114802e-04, 4.35258633e-06, 2.33129023e-05,
       5.76119285e-07, 1.08656945e-03, 2.22135763e-07, 2.15287710e-06,
       4.27917507e-07]), array([1.29261970e-02, 8.15604627e-02, 1.26339150e-02, 3.16088693e-06,
       5.16745388e-05, 2.20153169e-02, 1.06348457e-04, 8.76982225e-03,
       4.62426322e-07, 9.72701774e-07, 6.32132245e-06, 2.06708384e-06,
       4.58967040e-03, 3.55326649e-02, 7.31721184e-03, 8.50905106e-07,
       5.17051971e-07, 1.64267613e-07, 5.02619473e-07, 5.85186122e-06,
       3.57396344e-07, 1.15271630e-06, 1.39985518e-05, 1.61235636e-07,
       3.31007021e-07, 9.23516560e-08, 7.41758484e-06, 1.33767132e-06,
       6.24406220e-06, 5.20773269e-07, 7.92453518e-07, 1.01692053e-06,
       7.70463550e-08, 3.45691428e-06, 9.14674172e-06, 7.59339729e-07,
       2.00688980e-06, 1.12062039e-06, 9.36408020e-06, 2.39834903e-07,
       1.91261743e-06, 2.48319358e-06, 9.60374360e-07, 1.85735978e-05,
       3.20007366e-04, 3.42953772e-02, 3.21796060e-04, 6.34079975e-03,
       1.59173549e-04, 1.70086942e-03, 2.29084232e-01, 1.02550371e-03,
       2.22586537e-04, 3.20109719e-02, 1.10435733e-04, 2.34240123e-03,
       6.05443989e-03, 1.37795826e-03, 8.00174526e-02, 3.95623124e-02,
       7.65138219e-04, 1.09909091e-02, 1.13745816e-02, 3.78047423e-02,
       4.40439025e-03, 3.16822688e-05, 9.98845880e-05, 1.18005619e-03,
       1.48303280e-03, 3.78450251e-04, 1.50184379e-04, 5.34915183e-06,
       1.34846211e-02, 2.20283031e-01, 1.15535005e-05, 1.37341094e-02,
       6.16544858e-02, 1.82071486e-04, 1.05605710e-06, 3.04843034e-06,
       4.30797570e-06, 1.41708249e-03, 1.12700027e-06, 3.75429856e-07,
       7.32589936e-07]), array([5.21497934e-03, 5.05599277e-03, 1.01926946e-03, 2.65860099e-05,
       7.59057870e-04, 4.77748138e-03, 5.48157958e-05, 2.79678306e-03,
       1.16786432e-04, 4.08291832e-06, 6.94195538e-07, 9.25757597e-05,
       1.30791898e-03, 3.63209103e-04, 9.75113045e-04, 9.12723728e-07,
       7.25061927e-06, 2.64078887e-07, 1.37228790e-06, 4.13687900e-06,
       1.94951550e-05, 6.18196509e-06, 5.70609030e-06, 3.25298815e-06,
       1.51634613e-06, 2.74301201e-07, 1.19681969e-06, 1.46259508e-06,
       7.87596219e-05, 3.76611350e-06, 1.17244232e-06, 2.82115615e-05,
       3.00221532e-06, 2.00555172e-08, 9.43875924e-06, 2.56074145e-05,
       7.24456991e-05, 1.68794971e-05, 2.74030686e-06, 8.00350255e-06,
       8.26138241e-06, 6.42967788e-05, 2.41656483e-06, 2.97569251e-05,
       6.84863061e-05, 1.98596439e-03, 5.07456138e-03, 2.04706309e-02,
       5.54602307e-03, 1.35710157e-02, 4.86429445e-01, 1.00467703e-02,
       3.45037833e-03, 8.38932561e-03, 1.94626103e-02, 3.69870125e-03,
       3.80559600e-02, 4.84800554e-03, 1.14451489e-01, 1.06552924e-02,
       3.06253990e-03, 6.13206153e-03, 1.33855980e-01, 4.16649308e-02,
       2.71635329e-03, 3.46640828e-05, 9.04960570e-04, 1.23393324e-03,
       7.19936342e-03, 2.24186273e-04, 2.33382389e-03, 2.22741208e-05,
       2.30197752e-03, 5.28479390e-04, 4.83352213e-05, 1.46359279e-02,
       1.32619343e-02, 2.23757109e-04, 3.01338576e-06, 2.69267273e-05,
       2.17194983e-06, 3.92417431e-04, 3.44621009e-07, 8.72776689e-07,
       1.09636404e-05]), array([7.36831029e-03, 1.32403868e-01, 6.73714172e-03, 1.09609751e-05,
       7.78517618e-05, 4.03899499e-02, 3.55559617e-04, 1.27289747e-02,
       1.01699875e-06, 2.49203832e-06, 5.26827017e-07, 1.59187510e-06,
       1.40828694e-02, 4.14854609e-02, 7.63687644e-03, 1.07048560e-06,
       4.44123729e-07, 5.37329368e-07, 8.86199806e-08, 6.54728047e-06,
       8.62012235e-07, 9.04358513e-07, 7.32367953e-06, 4.51430264e-07,
       2.42834529e-06, 1.32014691e-07, 4.22799105e-07, 1.70575520e-06,
       1.40061321e-05, 4.09139696e-07, 8.03949535e-07, 2.20147502e-06,
       3.31873125e-07, 1.49366748e-07, 8.03498543e-06, 1.25601726e-06,
       1.44281409e-06, 4.32714836e-06, 2.66944335e-06, 1.23566985e-06,
       2.07890493e-06, 6.89675018e-06, 8.94899818e-07, 5.39920870e-05,
       4.02575185e-04, 7.54762067e-04, 5.24804641e-03, 1.58638808e-02,
       2.24946941e-03, 7.69326335e-03, 9.03203162e-02, 3.08814454e-02,
       5.94850833e-03, 2.79015614e-03, 2.43224912e-02, 7.57957569e-03,
       3.09114823e-02, 1.15420232e-02, 1.38330844e-01, 4.06211267e-03,
       5.17214488e-03, 1.91666906e-02, 7.46059959e-02, 1.93959345e-01,
       7.62014054e-04, 5.83125537e-05, 3.39165782e-03, 1.10501358e-03,
       5.66658639e-03, 4.62071580e-03, 7.67612888e-04, 1.22949404e-06,
       5.34582902e-04, 1.37166584e-02, 6.67866637e-05, 8.27719686e-03,
       2.40906750e-02, 6.11114802e-04, 4.35258633e-06, 2.33129023e-05,
       5.76119285e-07, 1.08656945e-03, 2.22135763e-07, 2.15287710e-06,
       4.27917507e-07]), array([1.29261970e-02, 8.15604627e-02, 1.26339150e-02, 3.16088693e-06,
       5.16745388e-05, 2.20153169e-02, 1.06348457e-04, 8.76982225e-03,
       4.62426322e-07, 9.72701774e-07, 6.32132245e-06, 2.06708384e-06,
       4.58967040e-03, 3.55326649e-02, 7.31721184e-03, 8.50905106e-07,
       5.17051971e-07, 1.64267613e-07, 5.02619473e-07, 5.85186122e-06,
       3.57396344e-07, 1.15271630e-06, 1.39985518e-05, 1.61235636e-07,
       3.31007021e-07, 9.23516560e-08, 7.41758484e-06, 1.33767132e-06,
       6.24406220e-06, 5.20773269e-07, 7.92453518e-07, 1.01692053e-06,
       7.70463550e-08, 3.45691428e-06, 9.14674172e-06, 7.59339729e-07,
       2.00688980e-06, 1.12062039e-06, 9.36408020e-06, 2.39834903e-07,
       1.91261743e-06, 2.48319358e-06, 9.60374360e-07, 1.85735978e-05,
       3.20007366e-04, 3.42953772e-02, 3.21796060e-04, 6.34079975e-03,
       1.59173549e-04, 1.70086942e-03, 2.29084232e-01, 1.02550371e-03,
       2.22586537e-04, 3.20109719e-02, 1.10435733e-04, 2.34240123e-03,
       6.05443989e-03, 1.37795826e-03, 8.00174526e-02, 3.95623124e-02,
       7.65138219e-04, 1.09909091e-02, 1.13745816e-02, 3.78047423e-02,
       4.40439025e-03, 3.16822688e-05, 9.98845880e-05, 1.18005619e-03,
       1.48303280e-03, 3.78450251e-04, 1.50184379e-04, 5.34915183e-06,
       1.34846211e-02, 2.20283031e-01, 1.15535005e-05, 1.37341094e-02,
       6.16544858e-02, 1.82071486e-04, 1.05605710e-06, 3.04843034e-06,
       4.30797570e-06, 1.41708249e-03, 1.12700027e-06, 3.75429856e-07,
       7.32589936e-07]), array([5.21497934e-03, 5.05599277e-03, 1.01926946e-03, 2.65860099e-05,
       7.59057870e-04, 4.77748138e-03, 5.48157958e-05, 2.79678306e-03,
       1.16786432e-04, 4.08291832e-06, 6.94195538e-07, 9.25757597e-05,
       1.30791898e-03, 3.63209103e-04, 9.75113045e-04, 9.12723728e-07,
       7.25061927e-06, 2.64078887e-07, 1.37228790e-06, 4.13687900e-06,
       1.94951550e-05, 6.18196509e-06, 5.70609030e-06, 3.25298815e-06,
       1.51634613e-06, 2.74301201e-07, 1.19681969e-06, 1.46259508e-06,
       7.87596219e-05, 3.76611350e-06, 1.17244232e-06, 2.82115615e-05,
       3.00221532e-06, 2.00555172e-08, 9.43875924e-06, 2.56074145e-05,
       7.24456991e-05, 1.68794971e-05, 2.74030686e-06, 8.00350255e-06,
       8.26138241e-06, 6.42967788e-05, 2.41656483e-06, 2.97569251e-05,
       6.84863061e-05, 1.98596439e-03, 5.07456138e-03, 2.04706309e-02,
       5.54602307e-03, 1.35710157e-02, 4.86429445e-01, 1.00467703e-02,
       3.45037833e-03, 8.38932561e-03, 1.94626103e-02, 3.69870125e-03,
       3.80559600e-02, 4.84800554e-03, 1.14451489e-01, 1.06552924e-02,
       3.06253990e-03, 6.13206153e-03, 1.33855980e-01, 4.16649308e-02,
       2.71635329e-03, 3.46640828e-05, 9.04960570e-04, 1.23393324e-03,
       7.19936342e-03, 2.24186273e-04, 2.33382389e-03, 2.22741208e-05,
       2.30197752e-03, 5.28479390e-04, 4.83352213e-05, 1.46359279e-02,
       1.32619343e-02, 2.23757109e-04, 3.01338576e-06, 2.69267273e-05,
       2.17194983e-06, 3.92417431e-04, 3.44621009e-07, 8.72776689e-07,
       1.09636404e-05]), array([7.36831029e-03, 1.32403868e-01, 6.73714172e-03, 1.09609751e-05,
       7.78517618e-05, 4.03899499e-02, 3.55559617e-04, 1.27289747e-02,
       1.01699875e-06, 2.49203832e-06, 5.26827017e-07, 1.59187510e-06,
       1.40828694e-02, 4.14854609e-02, 7.63687644e-03, 1.07048560e-06,
       4.44123729e-07, 5.37329368e-07, 8.86199806e-08, 6.54728047e-06,
       8.62012235e-07, 9.04358513e-07, 7.32367953e-06, 4.51430264e-07,
       2.42834529e-06, 1.32014691e-07, 4.22799105e-07, 1.70575520e-06,
       1.40061321e-05, 4.09139696e-07, 8.03949535e-07, 2.20147502e-06,
       3.31873125e-07, 1.49366748e-07, 8.03498543e-06, 1.25601726e-06,
       1.44281409e-06, 4.32714836e-06, 2.66944335e-06, 1.23566985e-06,
       2.07890493e-06, 6.89675018e-06, 8.94899818e-07, 5.39920870e-05,
       4.02575185e-04, 7.54762067e-04, 5.24804641e-03, 1.58638808e-02,
       2.24946941e-03, 7.69326335e-03, 9.03203162e-02, 3.08814454e-02,
       5.94850833e-03, 2.79015614e-03, 2.43224912e-02, 7.57957569e-03,
       3.09114823e-02, 1.15420232e-02, 1.38330844e-01, 4.06211267e-03,
       5.17214488e-03, 1.91666906e-02, 7.46059959e-02, 1.93959345e-01,
       7.62014054e-04, 5.83125537e-05, 3.39165782e-03, 1.10501358e-03,
       5.66658639e-03, 4.62071580e-03, 7.67612888e-04, 1.22949404e-06,
       5.34582902e-04, 1.37166584e-02, 6.67866637e-05, 8.27719686e-03,
       2.40906750e-02, 6.11114802e-04, 4.35258633e-06, 2.33129023e-05,
       5.76119285e-07, 1.08656945e-03, 2.22135763e-07, 2.15287710e-06,
       4.27917507e-07]), array([1.29261970e-02, 8.15604627e-02, 1.26339150e-02, 3.16088693e-06,
       5.16745388e-05, 2.20153169e-02, 1.06348457e-04, 8.76982225e-03,
       4.62426322e-07, 9.72701774e-07, 6.32132245e-06, 2.06708384e-06,
       4.58967040e-03, 3.55326649e-02, 7.31721184e-03, 8.50905106e-07,
       5.17051971e-07, 1.64267613e-07, 5.02619473e-07, 5.85186122e-06,
       3.57396344e-07, 1.15271630e-06, 1.39985518e-05, 1.61235636e-07,
       3.31007021e-07, 9.23516560e-08, 7.41758484e-06, 1.33767132e-06,
       6.24406220e-06, 5.20773269e-07, 7.92453518e-07, 1.01692053e-06,
       7.70463550e-08, 3.45691428e-06, 9.14674172e-06, 7.59339729e-07,
       2.00688980e-06, 1.12062039e-06, 9.36408020e-06, 2.39834903e-07,
       1.91261743e-06, 2.48319358e-06, 9.60374360e-07, 1.85735978e-05,
       3.20007366e-04, 3.42953772e-02, 3.21796060e-04, 6.34079975e-03,
       1.59173549e-04, 1.70086942e-03, 2.29084232e-01, 1.02550371e-03,
       2.22586537e-04, 3.20109719e-02, 1.10435733e-04, 2.34240123e-03,
       6.05443989e-03, 1.37795826e-03, 8.00174526e-02, 3.95623124e-02,
       7.65138219e-04, 1.09909091e-02, 1.13745816e-02, 3.78047423e-02,
       4.40439025e-03, 3.16822688e-05, 9.98845880e-05, 1.18005619e-03,
       1.48303280e-03, 3.78450251e-04, 1.50184379e-04, 5.34915183e-06,
       1.34846211e-02, 2.20283031e-01, 1.15535005e-05, 1.37341094e-02,
       6.16544858e-02, 1.82071486e-04, 1.05605710e-06, 3.04843034e-06,
       4.30797570e-06, 1.41708249e-03, 1.12700027e-06, 3.75429856e-07,
       7.32589936e-07]), array([5.21497934e-03, 5.05599277e-03, 1.01926946e-03, 2.65860099e-05,
       7.59057870e-04, 4.77748138e-03, 5.48157958e-05, 2.79678306e-03,
       1.16786432e-04, 4.08291832e-06, 6.94195538e-07, 9.25757597e-05,
       1.30791898e-03, 3.63209103e-04, 9.75113045e-04, 9.12723728e-07,
       7.25061927e-06, 2.64078887e-07, 1.37228790e-06, 4.13687900e-06,
       1.94951550e-05, 6.18196509e-06, 5.70609030e-06, 3.25298815e-06,
       1.51634613e-06, 2.74301201e-07, 1.19681969e-06, 1.46259508e-06,
       7.87596219e-05, 3.76611350e-06, 1.17244232e-06, 2.82115615e-05,
       3.00221532e-06, 2.00555172e-08, 9.43875924e-06, 2.56074145e-05,
       7.24456991e-05, 1.68794971e-05, 2.74030686e-06, 8.00350255e-06,
       8.26138241e-06, 6.42967788e-05, 2.41656483e-06, 2.97569251e-05,
       6.84863061e-05, 1.98596439e-03, 5.07456138e-03, 2.04706309e-02,
       5.54602307e-03, 1.35710157e-02, 4.86429445e-01, 1.00467703e-02,
       3.45037833e-03, 8.38932561e-03, 1.94626103e-02, 3.69870125e-03,
       3.80559600e-02, 4.84800554e-03, 1.14451489e-01, 1.06552924e-02,
       3.06253990e-03, 6.13206153e-03, 1.33855980e-01, 4.16649308e-02,
       2.71635329e-03, 3.46640828e-05, 9.04960570e-04, 1.23393324e-03,
       7.19936342e-03, 2.24186273e-04, 2.33382389e-03, 2.22741208e-05,
       2.30197752e-03, 5.28479390e-04, 4.83352213e-05, 1.46359279e-02,
       1.32619343e-02, 2.23757109e-04, 3.01338576e-06, 2.69267273e-05,
       2.17194983e-06, 3.92417431e-04, 3.44621009e-07, 8.72776689e-07,
       1.09636404e-05]), array([7.36831029e-03, 1.32403868e-01, 6.73714172e-03, 1.09609751e-05,
       7.78517618e-05, 4.03899499e-02, 3.55559617e-04, 1.27289747e-02,
       1.01699875e-06, 2.49203832e-06, 5.26827017e-07, 1.59187510e-06,
       1.40828694e-02, 4.14854609e-02, 7.63687644e-03, 1.07048560e-06,
       4.44123729e-07, 5.37329368e-07, 8.86199806e-08, 6.54728047e-06,
       8.62012235e-07, 9.04358513e-07, 7.32367953e-06, 4.51430264e-07,
       2.42834529e-06, 1.32014691e-07, 4.22799105e-07, 1.70575520e-06,
       1.40061321e-05, 4.09139696e-07, 8.03949535e-07, 2.20147502e-06,
       3.31873125e-07, 1.49366748e-07, 8.03498543e-06, 1.25601726e-06,
       1.44281409e-06, 4.32714836e-06, 2.66944335e-06, 1.23566985e-06,
       2.07890493e-06, 6.89675018e-06, 8.94899818e-07, 5.39920870e-05,
       4.02575185e-04, 7.54762067e-04, 5.24804641e-03, 1.58638808e-02,
       2.24946941e-03, 7.69326335e-03, 9.03203162e-02, 3.08814454e-02,
       5.94850833e-03, 2.79015614e-03, 2.43224912e-02, 7.57957569e-03,
       3.09114823e-02, 1.15420232e-02, 1.38330844e-01, 4.06211267e-03,
       5.17214488e-03, 1.91666906e-02, 7.46059959e-02, 1.93959345e-01,
       7.62014054e-04, 5.83125537e-05, 3.39165782e-03, 1.10501358e-03,
       5.66658639e-03, 4.62071580e-03, 7.67612888e-04, 1.22949404e-06,
       5.34582902e-04, 1.37166584e-02, 6.67866637e-05, 8.27719686e-03,
       2.40906750e-02, 6.11114802e-04, 4.35258633e-06, 2.33129023e-05,
       5.76119285e-07, 1.08656945e-03, 2.22135763e-07, 2.15287710e-06,
       4.27917507e-07]), array([1.29261970e-02, 8.15604627e-02, 1.26339150e-02, 3.16088693e-06,
       5.16745388e-05, 2.20153169e-02, 1.06348457e-04, 8.76982225e-03,
       4.62426322e-07, 9.72701774e-07, 6.32132245e-06, 2.06708384e-06,
       4.58967040e-03, 3.55326649e-02, 7.31721184e-03, 8.50905106e-07,
       5.17051971e-07, 1.64267613e-07, 5.02619473e-07, 5.85186122e-06,
       3.57396344e-07, 1.15271630e-06, 1.39985518e-05, 1.61235636e-07,
       3.31007021e-07, 9.23516560e-08, 7.41758484e-06, 1.33767132e-06,
       6.24406220e-06, 5.20773269e-07, 7.92453518e-07, 1.01692053e-06,
       7.70463550e-08, 3.45691428e-06, 9.14674172e-06, 7.59339729e-07,
       2.00688980e-06, 1.12062039e-06, 9.36408020e-06, 2.39834903e-07,
       1.91261743e-06, 2.48319358e-06, 9.60374360e-07, 1.85735978e-05,
       3.20007366e-04, 3.42953772e-02, 3.21796060e-04, 6.34079975e-03,
       1.59173549e-04, 1.70086942e-03, 2.29084232e-01, 1.02550371e-03,
       2.22586537e-04, 3.20109719e-02, 1.10435733e-04, 2.34240123e-03,
       6.05443989e-03, 1.37795826e-03, 8.00174526e-02, 3.95623124e-02,
       7.65138219e-04, 1.09909091e-02, 1.13745816e-02, 3.78047423e-02,
       4.40439025e-03, 3.16822688e-05, 9.98845880e-05, 1.18005619e-03,
       1.48303280e-03, 3.78450251e-04, 1.50184379e-04, 5.34915183e-06,
       1.34846211e-02, 2.20283031e-01, 1.15535005e-05, 1.37341094e-02,
       6.16544858e-02, 1.82071486e-04, 1.05605710e-06, 3.04843034e-06,
       4.30797570e-06, 1.41708249e-03, 1.12700027e-06, 3.75429856e-07,
       7.32589936e-07]), array([5.21497934e-03, 5.05599277e-03, 1.01926946e-03, 2.65860099e-05,
       7.59057870e-04, 4.77748138e-03, 5.48157958e-05, 2.79678306e-03,
       1.16786432e-04, 4.08291832e-06, 6.94195538e-07, 9.25757597e-05,
       1.30791898e-03, 3.63209103e-04, 9.75113045e-04, 9.12723728e-07,
       7.25061927e-06, 2.64078887e-07, 1.37228790e-06, 4.13687900e-06,
       1.94951550e-05, 6.18196509e-06, 5.70609030e-06, 3.25298815e-06,
       1.51634613e-06, 2.74301201e-07, 1.19681969e-06, 1.46259508e-06,
       7.87596219e-05, 3.76611350e-06, 1.17244232e-06, 2.82115615e-05,
       3.00221532e-06, 2.00555172e-08, 9.43875924e-06, 2.56074145e-05,
       7.24456991e-05, 1.68794971e-05, 2.74030686e-06, 8.00350255e-06,
       8.26138241e-06, 6.42967788e-05, 2.41656483e-06, 2.97569251e-05,
       6.84863061e-05, 1.98596439e-03, 5.07456138e-03, 2.04706309e-02,
       5.54602307e-03, 1.35710157e-02, 4.86429445e-01, 1.00467703e-02,
       3.45037833e-03, 8.38932561e-03, 1.94626103e-02, 3.69870125e-03,
       3.80559600e-02, 4.84800554e-03, 1.14451489e-01, 1.06552924e-02,
       3.06253990e-03, 6.13206153e-03, 1.33855980e-01, 4.16649308e-02,
       2.71635329e-03, 3.46640828e-05, 9.04960570e-04, 1.23393324e-03,
       7.19936342e-03, 2.24186273e-04, 2.33382389e-03, 2.22741208e-05,
       2.30197752e-03, 5.28479390e-04, 4.83352213e-05, 1.46359279e-02,
       1.32619343e-02, 2.23757109e-04, 3.01338576e-06, 2.69267273e-05,
       2.17194983e-06, 3.92417431e-04, 3.44621009e-07, 8.72776689e-07,
       1.09636404e-05]), array([7.36831029e-03, 1.32403868e-01, 6.73714172e-03, 1.09609751e-05,
       7.78517618e-05, 4.03899499e-02, 3.55559617e-04, 1.27289747e-02,
       1.01699875e-06, 2.49203832e-06, 5.26827017e-07, 1.59187510e-06,
       1.40828694e-02, 4.14854609e-02, 7.63687644e-03, 1.07048560e-06,
       4.44123729e-07, 5.37329368e-07, 8.86199806e-08, 6.54728047e-06,
       8.62012235e-07, 9.04358513e-07, 7.32367953e-06, 4.51430264e-07,
       2.42834529e-06, 1.32014691e-07, 4.22799105e-07, 1.70575520e-06,
       1.40061321e-05, 4.09139696e-07, 8.03949535e-07, 2.20147502e-06,
       3.31873125e-07, 1.49366748e-07, 8.03498543e-06, 1.25601726e-06,
       1.44281409e-06, 4.32714836e-06, 2.66944335e-06, 1.23566985e-06,
       2.07890493e-06, 6.89675018e-06, 8.94899818e-07, 5.39920870e-05,
       4.02575185e-04, 7.54762067e-04, 5.24804641e-03, 1.58638808e-02,
       2.24946941e-03, 7.69326335e-03, 9.03203162e-02, 3.08814454e-02,
       5.94850833e-03, 2.79015614e-03, 2.43224912e-02, 7.57957569e-03,
       3.09114823e-02, 1.15420232e-02, 1.38330844e-01, 4.06211267e-03,
       5.17214488e-03, 1.91666906e-02, 7.46059959e-02, 1.93959345e-01,
       7.62014054e-04, 5.83125537e-05, 3.39165782e-03, 1.10501358e-03,
       5.66658639e-03, 4.62071580e-03, 7.67612888e-04, 1.22949404e-06,
       5.34582902e-04, 1.37166584e-02, 6.67866637e-05, 8.27719686e-03,
       2.40906750e-02, 6.11114802e-04, 4.35258633e-06, 2.33129023e-05,
       5.76119285e-07, 1.08656945e-03, 2.22135763e-07, 2.15287710e-06,
       4.27917507e-07]), array([1.29261970e-02, 8.15604627e-02, 1.26339150e-02, 3.16088693e-06,
       5.16745388e-05, 2.20153169e-02, 1.06348457e-04, 8.76982225e-03,
       4.62426322e-07, 9.72701774e-07, 6.32132245e-06, 2.06708384e-06,
       4.58967040e-03, 3.55326649e-02, 7.31721184e-03, 8.50905106e-07,
       5.17051971e-07, 1.64267613e-07, 5.02619473e-07, 5.85186122e-06,
       3.57396344e-07, 1.15271630e-06, 1.39985518e-05, 1.61235636e-07,
       3.31007021e-07, 9.23516560e-08, 7.41758484e-06, 1.33767132e-06,
       6.24406220e-06, 5.20773269e-07, 7.92453518e-07, 1.01692053e-06,
       7.70463550e-08, 3.45691428e-06, 9.14674172e-06, 7.59339729e-07,
       2.00688980e-06, 1.12062039e-06, 9.36408020e-06, 2.39834903e-07,
       1.91261743e-06, 2.48319358e-06, 9.60374360e-07, 1.85735978e-05,
       3.20007366e-04, 3.42953772e-02, 3.21796060e-04, 6.34079975e-03,
       1.59173549e-04, 1.70086942e-03, 2.29084232e-01, 1.02550371e-03,
       2.22586537e-04, 3.20109719e-02, 1.10435733e-04, 2.34240123e-03,
       6.05443989e-03, 1.37795826e-03, 8.00174526e-02, 3.95623124e-02,
       7.65138219e-04, 1.09909091e-02, 1.13745816e-02, 3.78047423e-02,
       4.40439025e-03, 3.16822688e-05, 9.98845880e-05, 1.18005619e-03,
       1.48303280e-03, 3.78450251e-04, 1.50184379e-04, 5.34915183e-06,
       1.34846211e-02, 2.20283031e-01, 1.15535005e-05, 1.37341094e-02,
       6.16544858e-02, 1.82071486e-04, 1.05605710e-06, 3.04843034e-06,
       4.30797570e-06, 1.41708249e-03, 1.12700027e-06, 3.75429856e-07,
       7.32589936e-07]), array([5.21497934e-03, 5.05599277e-03, 1.01926946e-03, 2.65860099e-05,
       7.59057870e-04, 4.77748138e-03, 5.48157958e-05, 2.79678306e-03,
       1.16786432e-04, 4.08291832e-06, 6.94195538e-07, 9.25757597e-05,
       1.30791898e-03, 3.63209103e-04, 9.75113045e-04, 9.12723728e-07,
       7.25061927e-06, 2.64078887e-07, 1.37228790e-06, 4.13687900e-06,
       1.94951550e-05, 6.18196509e-06, 5.70609030e-06, 3.25298815e-06,
       1.51634613e-06, 2.74301201e-07, 1.19681969e-06, 1.46259508e-06,
       7.87596219e-05, 3.76611350e-06, 1.17244232e-06, 2.82115615e-05,
       3.00221532e-06, 2.00555172e-08, 9.43875924e-06, 2.56074145e-05,
       7.24456991e-05, 1.68794971e-05, 2.74030686e-06, 8.00350255e-06,
       8.26138241e-06, 6.42967788e-05, 2.41656483e-06, 2.97569251e-05,
       6.84863061e-05, 1.98596439e-03, 5.07456138e-03, 2.04706309e-02,
       5.54602307e-03, 1.35710157e-02, 4.86429445e-01, 1.00467703e-02,
       3.45037833e-03, 8.38932561e-03, 1.94626103e-02, 3.69870125e-03,
       3.80559600e-02, 4.84800554e-03, 1.14451489e-01, 1.06552924e-02,
       3.06253990e-03, 6.13206153e-03, 1.33855980e-01, 4.16649308e-02,
       2.71635329e-03, 3.46640828e-05, 9.04960570e-04, 1.23393324e-03,
       7.19936342e-03, 2.24186273e-04, 2.33382389e-03, 2.22741208e-05,
       2.30197752e-03, 5.28479390e-04, 4.83352213e-05, 1.46359279e-02,
       1.32619343e-02, 2.23757109e-04, 3.01338576e-06, 2.69267273e-05,
       2.17194983e-06, 3.92417431e-04, 3.44621009e-07, 8.72776689e-07,
       1.09636404e-05]), array([7.36831029e-03, 1.32403868e-01, 6.73714172e-03, 1.09609751e-05,
       7.78517618e-05, 4.03899499e-02, 3.55559617e-04, 1.27289747e-02,
       1.01699875e-06, 2.49203832e-06, 5.26827017e-07, 1.59187510e-06,
       1.40828694e-02, 4.14854609e-02, 7.63687644e-03, 1.07048560e-06,
       4.44123729e-07, 5.37329368e-07, 8.86199806e-08, 6.54728047e-06,
       8.62012235e-07, 9.04358513e-07, 7.32367953e-06, 4.51430264e-07,
       2.42834529e-06, 1.32014691e-07, 4.22799105e-07, 1.70575520e-06,
       1.40061321e-05, 4.09139696e-07, 8.03949535e-07, 2.20147502e-06,
       3.31873125e-07, 1.49366748e-07, 8.03498543e-06, 1.25601726e-06,
       1.44281409e-06, 4.32714836e-06, 2.66944335e-06, 1.23566985e-06,
       2.07890493e-06, 6.89675018e-06, 8.94899818e-07, 5.39920870e-05,
       4.02575185e-04, 7.54762067e-04, 5.24804641e-03, 1.58638808e-02,
       2.24946941e-03, 7.69326335e-03, 9.03203162e-02, 3.08814454e-02,
       5.94850833e-03, 2.79015614e-03, 2.43224912e-02, 7.57957569e-03,
       3.09114823e-02, 1.15420232e-02, 1.38330844e-01, 4.06211267e-03,
       5.17214488e-03, 1.91666906e-02, 7.46059959e-02, 1.93959345e-01,
       7.62014054e-04, 5.83125537e-05, 3.39165782e-03, 1.10501358e-03,
       5.66658639e-03, 4.62071580e-03, 7.67612888e-04, 1.22949404e-06,
       5.34582902e-04, 1.37166584e-02, 6.67866637e-05, 8.27719686e-03,
       2.40906750e-02, 6.11114802e-04, 4.35258633e-06, 2.33129023e-05,
       5.76119285e-07, 1.08656945e-03, 2.22135763e-07, 2.15287710e-06,
       4.27917507e-07]), array([1.29261970e-02, 8.15604627e-02, 1.26339150e-02, 3.16088693e-06,
       5.16745388e-05, 2.20153169e-02, 1.06348457e-04, 8.76982225e-03,
       4.62426322e-07, 9.72701774e-07, 6.32132245e-06, 2.06708384e-06,
       4.58967040e-03, 3.55326649e-02, 7.31721184e-03, 8.50905106e-07,
       5.17051971e-07, 1.64267613e-07, 5.02619473e-07, 5.85186122e-06,
       3.57396344e-07, 1.15271630e-06, 1.39985518e-05, 1.61235636e-07,
       3.31007021e-07, 9.23516560e-08, 7.41758484e-06, 1.33767132e-06,
       6.24406220e-06, 5.20773269e-07, 7.92453518e-07, 1.01692053e-06,
       7.70463550e-08, 3.45691428e-06, 9.14674172e-06, 7.59339729e-07,
       2.00688980e-06, 1.12062039e-06, 9.36408020e-06, 2.39834903e-07,
       1.91261743e-06, 2.48319358e-06, 9.60374360e-07, 1.85735978e-05,
       3.20007366e-04, 3.42953772e-02, 3.21796060e-04, 6.34079975e-03,
       1.59173549e-04, 1.70086942e-03, 2.29084232e-01, 1.02550371e-03,
       2.22586537e-04, 3.20109719e-02, 1.10435733e-04, 2.34240123e-03,
       6.05443989e-03, 1.37795826e-03, 8.00174526e-02, 3.95623124e-02,
       7.65138219e-04, 1.09909091e-02, 1.13745816e-02, 3.78047423e-02,
       4.40439025e-03, 3.16822688e-05, 9.98845880e-05, 1.18005619e-03,
       1.48303280e-03, 3.78450251e-04, 1.50184379e-04, 5.34915183e-06,
       1.34846211e-02, 2.20283031e-01, 1.15535005e-05, 1.37341094e-02,
       6.16544858e-02, 1.82071486e-04, 1.05605710e-06, 3.04843034e-06,
       4.30797570e-06, 1.41708249e-03, 1.12700027e-06, 3.75429856e-07,
       7.32589936e-07]), array([5.21497934e-03, 5.05599277e-03, 1.01926946e-03, 2.65860099e-05,
       7.59057870e-04, 4.77748138e-03, 5.48157958e-05, 2.79678306e-03,
       1.16786432e-04, 4.08291832e-06, 6.94195538e-07, 9.25757597e-05,
       1.30791898e-03, 3.63209103e-04, 9.75113045e-04, 9.12723728e-07,
       7.25061927e-06, 2.64078887e-07, 1.37228790e-06, 4.13687900e-06,
       1.94951550e-05, 6.18196509e-06, 5.70609030e-06, 3.25298815e-06,
       1.51634613e-06, 2.74301201e-07, 1.19681969e-06, 1.46259508e-06,
       7.87596219e-05, 3.76611350e-06, 1.17244232e-06, 2.82115615e-05,
       3.00221532e-06, 2.00555172e-08, 9.43875924e-06, 2.56074145e-05,
       7.24456991e-05, 1.68794971e-05, 2.74030686e-06, 8.00350255e-06,
       8.26138241e-06, 6.42967788e-05, 2.41656483e-06, 2.97569251e-05,
       6.84863061e-05, 1.98596439e-03, 5.07456138e-03, 2.04706309e-02,
       5.54602307e-03, 1.35710157e-02, 4.86429445e-01, 1.00467703e-02,
       3.45037833e-03, 8.38932561e-03, 1.94626103e-02, 3.69870125e-03,
       3.80559600e-02, 4.84800554e-03, 1.14451489e-01, 1.06552924e-02,
       3.06253990e-03, 6.13206153e-03, 1.33855980e-01, 4.16649308e-02,
       2.71635329e-03, 3.46640828e-05, 9.04960570e-04, 1.23393324e-03,
       7.19936342e-03, 2.24186273e-04, 2.33382389e-03, 2.22741208e-05,
       2.30197752e-03, 5.28479390e-04, 4.83352213e-05, 1.46359279e-02,
       1.32619343e-02, 2.23757109e-04, 3.01338576e-06, 2.69267273e-05,
       2.17194983e-06, 3.92417431e-04, 3.44621009e-07, 8.72776689e-07,
       1.09636404e-05]), array([7.36831029e-03, 1.32403868e-01, 6.73714172e-03, 1.09609751e-05,
       7.78517618e-05, 4.03899499e-02, 3.55559617e-04, 1.27289747e-02,
       1.01699875e-06, 2.49203832e-06, 5.26827017e-07, 1.59187510e-06,
       1.40828694e-02, 4.14854609e-02, 7.63687644e-03, 1.07048560e-06,
       4.44123729e-07, 5.37329368e-07, 8.86199806e-08, 6.54728047e-06,
       8.62012235e-07, 9.04358513e-07, 7.32367953e-06, 4.51430264e-07,
       2.42834529e-06, 1.32014691e-07, 4.22799105e-07, 1.70575520e-06,
       1.40061321e-05, 4.09139696e-07, 8.03949535e-07, 2.20147502e-06,
       3.31873125e-07, 1.49366748e-07, 8.03498543e-06, 1.25601726e-06,
       1.44281409e-06, 4.32714836e-06, 2.66944335e-06, 1.23566985e-06,
       2.07890493e-06, 6.89675018e-06, 8.94899818e-07, 5.39920870e-05,
       4.02575185e-04, 7.54762067e-04, 5.24804641e-03, 1.58638808e-02,
       2.24946941e-03, 7.69326335e-03, 9.03203162e-02, 3.08814454e-02,
       5.94850833e-03, 2.79015614e-03, 2.43224912e-02, 7.57957569e-03,
       3.09114823e-02, 1.15420232e-02, 1.38330844e-01, 4.06211267e-03,
       5.17214488e-03, 1.91666906e-02, 7.46059959e-02, 1.93959345e-01,
       7.62014054e-04, 5.83125537e-05, 3.39165782e-03, 1.10501358e-03,
       5.66658639e-03, 4.62071580e-03, 7.67612888e-04, 1.22949404e-06,
       5.34582902e-04, 1.37166584e-02, 6.67866637e-05, 8.27719686e-03,
       2.40906750e-02, 6.11114802e-04, 4.35258633e-06, 2.33129023e-05,
       5.76119285e-07, 1.08656945e-03, 2.22135763e-07, 2.15287710e-06,
       4.27917507e-07]), array([1.29261970e-02, 8.15604627e-02, 1.26339150e-02, 3.16088693e-06,
       5.16745388e-05, 2.20153169e-02, 1.06348457e-04, 8.76982225e-03,
       4.62426322e-07, 9.72701774e-07, 6.32132245e-06, 2.06708384e-06,
       4.58967040e-03, 3.55326649e-02, 7.31721184e-03, 8.50905106e-07,
       5.17051971e-07, 1.64267613e-07, 5.02619473e-07, 5.85186122e-06,
       3.57396344e-07, 1.15271630e-06, 1.39985518e-05, 1.61235636e-07,
       3.31007021e-07, 9.23516560e-08, 7.41758484e-06, 1.33767132e-06,
       6.24406220e-06, 5.20773269e-07, 7.92453518e-07, 1.01692053e-06,
       7.70463550e-08, 3.45691428e-06, 9.14674172e-06, 7.59339729e-07,
       2.00688980e-06, 1.12062039e-06, 9.36408020e-06, 2.39834903e-07,
       1.91261743e-06, 2.48319358e-06, 9.60374360e-07, 1.85735978e-05,
       3.20007366e-04, 3.42953772e-02, 3.21796060e-04, 6.34079975e-03,
       1.59173549e-04, 1.70086942e-03, 2.29084232e-01, 1.02550371e-03,
       2.22586537e-04, 3.20109719e-02, 1.10435733e-04, 2.34240123e-03,
       6.05443989e-03, 1.37795826e-03, 8.00174526e-02, 3.95623124e-02,
       7.65138219e-04, 1.09909091e-02, 1.13745816e-02, 3.78047423e-02,
       4.40439025e-03, 3.16822688e-05, 9.98845880e-05, 1.18005619e-03,
       1.48303280e-03, 3.78450251e-04, 1.50184379e-04, 5.34915183e-06,
       1.34846211e-02, 2.20283031e-01, 1.15535005e-05, 1.37341094e-02,
       6.16544858e-02, 1.82071486e-04, 1.05605710e-06, 3.04843034e-06,
       4.30797570e-06, 1.41708249e-03, 1.12700027e-06, 3.75429856e-07,
       7.32589936e-07]), array([5.21497934e-03, 5.05599277e-03, 1.01926946e-03, 2.65860099e-05,
       7.59057870e-04, 4.77748138e-03, 5.48157958e-05, 2.79678306e-03,
       1.16786432e-04, 4.08291832e-06, 6.94195538e-07, 9.25757597e-05,
       1.30791898e-03, 3.63209103e-04, 9.75113045e-04, 9.12723728e-07,
       7.25061927e-06, 2.64078887e-07, 1.37228790e-06, 4.13687900e-06,
       1.94951550e-05, 6.18196509e-06, 5.70609030e-06, 3.25298815e-06,
       1.51634613e-06, 2.74301201e-07, 1.19681969e-06, 1.46259508e-06,
       7.87596219e-05, 3.76611350e-06, 1.17244232e-06, 2.82115615e-05,
       3.00221532e-06, 2.00555172e-08, 9.43875924e-06, 2.56074145e-05,
       7.24456991e-05, 1.68794971e-05, 2.74030686e-06, 8.00350255e-06,
       8.26138241e-06, 6.42967788e-05, 2.41656483e-06, 2.97569251e-05,
       6.84863061e-05, 1.98596439e-03, 5.07456138e-03, 2.04706309e-02,
       5.54602307e-03, 1.35710157e-02, 4.86429445e-01, 1.00467703e-02,
       3.45037833e-03, 8.38932561e-03, 1.94626103e-02, 3.69870125e-03,
       3.80559600e-02, 4.84800554e-03, 1.14451489e-01, 1.06552924e-02,
       3.06253990e-03, 6.13206153e-03, 1.33855980e-01, 4.16649308e-02,
       2.71635329e-03, 3.46640828e-05, 9.04960570e-04, 1.23393324e-03,
       7.19936342e-03, 2.24186273e-04, 2.33382389e-03, 2.22741208e-05,
       2.30197752e-03, 5.28479390e-04, 4.83352213e-05, 1.46359279e-02,
       1.32619343e-02, 2.23757109e-04, 3.01338576e-06, 2.69267273e-05,
       2.17194983e-06, 3.92417431e-04, 3.44621009e-07, 8.72776689e-07,
       1.09636404e-05]), array([7.36831029e-03, 1.32403868e-01, 6.73714172e-03, 1.09609751e-05,
       7.78517618e-05, 4.03899499e-02, 3.55559617e-04, 1.27289747e-02,
       1.01699875e-06, 2.49203832e-06, 5.26827017e-07, 1.59187510e-06,
       1.40828694e-02, 4.14854609e-02, 7.63687644e-03, 1.07048560e-06,
       4.44123729e-07, 5.37329368e-07, 8.86199806e-08, 6.54728047e-06,
       8.62012235e-07, 9.04358513e-07, 7.32367953e-06, 4.51430264e-07,
       2.42834529e-06, 1.32014691e-07, 4.22799105e-07, 1.70575520e-06,
       1.40061321e-05, 4.09139696e-07, 8.03949535e-07, 2.20147502e-06,
       3.31873125e-07, 1.49366748e-07, 8.03498543e-06, 1.25601726e-06,
       1.44281409e-06, 4.32714836e-06, 2.66944335e-06, 1.23566985e-06,
       2.07890493e-06, 6.89675018e-06, 8.94899818e-07, 5.39920870e-05,
       4.02575185e-04, 7.54762067e-04, 5.24804641e-03, 1.58638808e-02,
       2.24946941e-03, 7.69326335e-03, 9.03203162e-02, 3.08814454e-02,
       5.94850833e-03, 2.79015614e-03, 2.43224912e-02, 7.57957569e-03,
       3.09114823e-02, 1.15420232e-02, 1.38330844e-01, 4.06211267e-03,
       5.17214488e-03, 1.91666906e-02, 7.46059959e-02, 1.93959345e-01,
       7.62014054e-04, 5.83125537e-05, 3.39165782e-03, 1.10501358e-03,
       5.66658639e-03, 4.62071580e-03, 7.67612888e-04, 1.22949404e-06,
       5.34582902e-04, 1.37166584e-02, 6.67866637e-05, 8.27719686e-03,
       2.40906750e-02, 6.11114802e-04, 4.35258633e-06, 2.33129023e-05,
       5.76119285e-07, 1.08656945e-03, 2.22135763e-07, 2.15287710e-06,
       4.27917507e-07]), array([1.29261970e-02, 8.15604627e-02, 1.26339150e-02, 3.16088693e-06,
       5.16745388e-05, 2.20153169e-02, 1.06348457e-04, 8.76982225e-03,
       4.62426322e-07, 9.72701774e-07, 6.32132245e-06, 2.06708384e-06,
       4.58967040e-03, 3.55326649e-02, 7.31721184e-03, 8.50905106e-07,
       5.17051971e-07, 1.64267613e-07, 5.02619473e-07, 5.85186122e-06,
       3.57396344e-07, 1.15271630e-06, 1.39985518e-05, 1.61235636e-07,
       3.31007021e-07, 9.23516560e-08, 7.41758484e-06, 1.33767132e-06,
       6.24406220e-06, 5.20773269e-07, 7.92453518e-07, 1.01692053e-06,
       7.70463550e-08, 3.45691428e-06, 9.14674172e-06, 7.59339729e-07,
       2.00688980e-06, 1.12062039e-06, 9.36408020e-06, 2.39834903e-07,
       1.91261743e-06, 2.48319358e-06, 9.60374360e-07, 1.85735978e-05,
       3.20007366e-04, 3.42953772e-02, 3.21796060e-04, 6.34079975e-03,
       1.59173549e-04, 1.70086942e-03, 2.29084232e-01, 1.02550371e-03,
       2.22586537e-04, 3.20109719e-02, 1.10435733e-04, 2.34240123e-03,
       6.05443989e-03, 1.37795826e-03, 8.00174526e-02, 3.95623124e-02,
       7.65138219e-04, 1.09909091e-02, 1.13745816e-02, 3.78047423e-02,
       4.40439025e-03, 3.16822688e-05, 9.98845880e-05, 1.18005619e-03,
       1.48303280e-03, 3.78450251e-04, 1.50184379e-04, 5.34915183e-06,
       1.34846211e-02, 2.20283031e-01, 1.15535005e-05, 1.37341094e-02,
       6.16544858e-02, 1.82071486e-04, 1.05605710e-06, 3.04843034e-06,
       4.30797570e-06, 1.41708249e-03, 1.12700027e-06, 3.75429856e-07,
       7.32589936e-07]), array([5.21497934e-03, 5.05599277e-03, 1.01926946e-03, 2.65860099e-05,
       7.59057870e-04, 4.77748138e-03, 5.48157958e-05, 2.79678306e-03,
       1.16786432e-04, 4.08291832e-06, 6.94195538e-07, 9.25757597e-05,
       1.30791898e-03, 3.63209103e-04, 9.75113045e-04, 9.12723728e-07,
       7.25061927e-06, 2.64078887e-07, 1.37228790e-06, 4.13687900e-06,
       1.94951550e-05, 6.18196509e-06, 5.70609030e-06, 3.25298815e-06,
       1.51634613e-06, 2.74301201e-07, 1.19681969e-06, 1.46259508e-06,
       7.87596219e-05, 3.76611350e-06, 1.17244232e-06, 2.82115615e-05,
       3.00221532e-06, 2.00555172e-08, 9.43875924e-06, 2.56074145e-05,
       7.24456991e-05, 1.68794971e-05, 2.74030686e-06, 8.00350255e-06,
       8.26138241e-06, 6.42967788e-05, 2.41656483e-06, 2.97569251e-05,
       6.84863061e-05, 1.98596439e-03, 5.07456138e-03, 2.04706309e-02,
       5.54602307e-03, 1.35710157e-02, 4.86429445e-01, 1.00467703e-02,
       3.45037833e-03, 8.38932561e-03, 1.94626103e-02, 3.69870125e-03,
       3.80559600e-02, 4.84800554e-03, 1.14451489e-01, 1.06552924e-02,
       3.06253990e-03, 6.13206153e-03, 1.33855980e-01, 4.16649308e-02,
       2.71635329e-03, 3.46640828e-05, 9.04960570e-04, 1.23393324e-03,
       7.19936342e-03, 2.24186273e-04, 2.33382389e-03, 2.22741208e-05,
       2.30197752e-03, 5.28479390e-04, 4.83352213e-05, 1.46359279e-02,
       1.32619343e-02, 2.23757109e-04, 3.01338576e-06, 2.69267273e-05,
       2.17194983e-06, 3.92417431e-04, 3.44621009e-07, 8.72776689e-07,
       1.09636404e-05]), array([7.36831029e-03, 1.32403868e-01, 6.73714172e-03, 1.09609751e-05,
       7.78517618e-05, 4.03899499e-02, 3.55559617e-04, 1.27289747e-02,
       1.01699875e-06, 2.49203832e-06, 5.26827017e-07, 1.59187510e-06,
       1.40828694e-02, 4.14854609e-02, 7.63687644e-03, 1.07048560e-06,
       4.44123729e-07, 5.37329368e-07, 8.86199806e-08, 6.54728047e-06,
       8.62012235e-07, 9.04358513e-07, 7.32367953e-06, 4.51430264e-07,
       2.42834529e-06, 1.32014691e-07, 4.22799105e-07, 1.70575520e-06,
       1.40061321e-05, 4.09139696e-07, 8.03949535e-07, 2.20147502e-06,
       3.31873125e-07, 1.49366748e-07, 8.03498543e-06, 1.25601726e-06,
       1.44281409e-06, 4.32714836e-06, 2.66944335e-06, 1.23566985e-06,
       2.07890493e-06, 6.89675018e-06, 8.94899818e-07, 5.39920870e-05,
       4.02575185e-04, 7.54762067e-04, 5.24804641e-03, 1.58638808e-02,
       2.24946941e-03, 7.69326335e-03, 9.03203162e-02, 3.08814454e-02,
       5.94850833e-03, 2.79015614e-03, 2.43224912e-02, 7.57957569e-03,
       3.09114823e-02, 1.15420232e-02, 1.38330844e-01, 4.06211267e-03,
       5.17214488e-03, 1.91666906e-02, 7.46059959e-02, 1.93959345e-01,
       7.62014054e-04, 5.83125537e-05, 3.39165782e-03, 1.10501358e-03,
       5.66658639e-03, 4.62071580e-03, 7.67612888e-04, 1.22949404e-06,
       5.34582902e-04, 1.37166584e-02, 6.67866637e-05, 8.27719686e-03,
       2.40906750e-02, 6.11114802e-04, 4.35258633e-06, 2.33129023e-05,
       5.76119285e-07, 1.08656945e-03, 2.22135763e-07, 2.15287710e-06,
       4.27917507e-07]), array([1.29261970e-02, 8.15604627e-02, 1.26339150e-02, 3.16088693e-06,
       5.16745388e-05, 2.20153169e-02, 1.06348457e-04, 8.76982225e-03,
       4.62426322e-07, 9.72701774e-07, 6.32132245e-06, 2.06708384e-06,
       4.58967040e-03, 3.55326649e-02, 7.31721184e-03, 8.50905106e-07,
       5.17051971e-07, 1.64267613e-07, 5.02619473e-07, 5.85186122e-06,
       3.57396344e-07, 1.15271630e-06, 1.39985518e-05, 1.61235636e-07,
       3.31007021e-07, 9.23516560e-08, 7.41758484e-06, 1.33767132e-06,
       6.24406220e-06, 5.20773269e-07, 7.92453518e-07, 1.01692053e-06,
       7.70463550e-08, 3.45691428e-06, 9.14674172e-06, 7.59339729e-07,
       2.00688980e-06, 1.12062039e-06, 9.36408020e-06, 2.39834903e-07,
       1.91261743e-06, 2.48319358e-06, 9.60374360e-07, 1.85735978e-05,
       3.20007366e-04, 3.42953772e-02, 3.21796060e-04, 6.34079975e-03,
       1.59173549e-04, 1.70086942e-03, 2.29084232e-01, 1.02550371e-03,
       2.22586537e-04, 3.20109719e-02, 1.10435733e-04, 2.34240123e-03,
       6.05443989e-03, 1.37795826e-03, 8.00174526e-02, 3.95623124e-02,
       7.65138219e-04, 1.09909091e-02, 1.13745816e-02, 3.78047423e-02,
       4.40439025e-03, 3.16822688e-05, 9.98845880e-05, 1.18005619e-03,
       1.48303280e-03, 3.78450251e-04, 1.50184379e-04, 5.34915183e-06,
       1.34846211e-02, 2.20283031e-01, 1.15535005e-05, 1.37341094e-02,
       6.16544858e-02, 1.82071486e-04, 1.05605710e-06, 3.04843034e-06,
       4.30797570e-06, 1.41708249e-03, 1.12700027e-06, 3.75429856e-07,
       7.32589936e-07]), array([5.21497934e-03, 5.05599277e-03, 1.01926946e-03, 2.65860099e-05,
       7.59057870e-04, 4.77748138e-03, 5.48157958e-05, 2.79678306e-03,
       1.16786432e-04, 4.08291832e-06, 6.94195538e-07, 9.25757597e-05,
       1.30791898e-03, 3.63209103e-04, 9.75113045e-04, 9.12723728e-07,
       7.25061927e-06, 2.64078887e-07, 1.37228790e-06, 4.13687900e-06,
       1.94951550e-05, 6.18196509e-06, 5.70609030e-06, 3.25298815e-06,
       1.51634613e-06, 2.74301201e-07, 1.19681969e-06, 1.46259508e-06,
       7.87596219e-05, 3.76611350e-06, 1.17244232e-06, 2.82115615e-05,
       3.00221532e-06, 2.00555172e-08, 9.43875924e-06, 2.56074145e-05,
       7.24456991e-05, 1.68794971e-05, 2.74030686e-06, 8.00350255e-06,
       8.26138241e-06, 6.42967788e-05, 2.41656483e-06, 2.97569251e-05,
       6.84863061e-05, 1.98596439e-03, 5.07456138e-03, 2.04706309e-02,
       5.54602307e-03, 1.35710157e-02, 4.86429445e-01, 1.00467703e-02,
       3.45037833e-03, 8.38932561e-03, 1.94626103e-02, 3.69870125e-03,
       3.80559600e-02, 4.84800554e-03, 1.14451489e-01, 1.06552924e-02,
       3.06253990e-03, 6.13206153e-03, 1.33855980e-01, 4.16649308e-02,
       2.71635329e-03, 3.46640828e-05, 9.04960570e-04, 1.23393324e-03,
       7.19936342e-03, 2.24186273e-04, 2.33382389e-03, 2.22741208e-05,
       2.30197752e-03, 5.28479390e-04, 4.83352213e-05, 1.46359279e-02,
       1.32619343e-02, 2.23757109e-04, 3.01338576e-06, 2.69267273e-05,
       2.17194983e-06, 3.92417431e-04, 3.44621009e-07, 8.72776689e-07,
       1.09636404e-05]), array([7.36831029e-03, 1.32403868e-01, 6.73714172e-03, 1.09609751e-05,
       7.78517618e-05, 4.03899499e-02, 3.55559617e-04, 1.27289747e-02,
       1.01699875e-06, 2.49203832e-06, 5.26827017e-07, 1.59187510e-06,
       1.40828694e-02, 4.14854609e-02, 7.63687644e-03, 1.07048560e-06,
       4.44123729e-07, 5.37329368e-07, 8.86199806e-08, 6.54728047e-06,
       8.62012235e-07, 9.04358513e-07, 7.32367953e-06, 4.51430264e-07,
       2.42834529e-06, 1.32014691e-07, 4.22799105e-07, 1.70575520e-06,
       1.40061321e-05, 4.09139696e-07, 8.03949535e-07, 2.20147502e-06,
       3.31873125e-07, 1.49366748e-07, 8.03498543e-06, 1.25601726e-06,
       1.44281409e-06, 4.32714836e-06, 2.66944335e-06, 1.23566985e-06,
       2.07890493e-06, 6.89675018e-06, 8.94899818e-07, 5.39920870e-05,
       4.02575185e-04, 7.54762067e-04, 5.24804641e-03, 1.58638808e-02,
       2.24946941e-03, 7.69326335e-03, 9.03203162e-02, 3.08814454e-02,
       5.94850833e-03, 2.79015614e-03, 2.43224912e-02, 7.57957569e-03,
       3.09114823e-02, 1.15420232e-02, 1.38330844e-01, 4.06211267e-03,
       5.17214488e-03, 1.91666906e-02, 7.46059959e-02, 1.93959345e-01,
       7.62014054e-04, 5.83125537e-05, 3.39165782e-03, 1.10501358e-03,
       5.66658639e-03, 4.62071580e-03, 7.67612888e-04, 1.22949404e-06,
       5.34582902e-04, 1.37166584e-02, 6.67866637e-05, 8.27719686e-03,
       2.40906750e-02, 6.11114802e-04, 4.35258633e-06, 2.33129023e-05,
       5.76119285e-07, 1.08656945e-03, 2.22135763e-07, 2.15287710e-06,
       4.27917507e-07]), array([1.29261970e-02, 8.15604627e-02, 1.26339150e-02, 3.16088693e-06,
       5.16745388e-05, 2.20153169e-02, 1.06348457e-04, 8.76982225e-03,
       4.62426322e-07, 9.72701774e-07, 6.32132245e-06, 2.06708384e-06,
       4.58967040e-03, 3.55326649e-02, 7.31721184e-03, 8.50905106e-07,
       5.17051971e-07, 1.64267613e-07, 5.02619473e-07, 5.85186122e-06,
       3.57396344e-07, 1.15271630e-06, 1.39985518e-05, 1.61235636e-07,
       3.31007021e-07, 9.23516560e-08, 7.41758484e-06, 1.33767132e-06,
       6.24406220e-06, 5.20773269e-07, 7.92453518e-07, 1.01692053e-06,
       7.70463550e-08, 3.45691428e-06, 9.14674172e-06, 7.59339729e-07,
       2.00688980e-06, 1.12062039e-06, 9.36408020e-06, 2.39834903e-07,
       1.91261743e-06, 2.48319358e-06, 9.60374360e-07, 1.85735978e-05,
       3.20007366e-04, 3.42953772e-02, 3.21796060e-04, 6.34079975e-03,
       1.59173549e-04, 1.70086942e-03, 2.29084232e-01, 1.02550371e-03,
       2.22586537e-04, 3.20109719e-02, 1.10435733e-04, 2.34240123e-03,
       6.05443989e-03, 1.37795826e-03, 8.00174526e-02, 3.95623124e-02,
       7.65138219e-04, 1.09909091e-02, 1.13745816e-02, 3.78047423e-02,
       4.40439025e-03, 3.16822688e-05, 9.98845880e-05, 1.18005619e-03,
       1.48303280e-03, 3.78450251e-04, 1.50184379e-04, 5.34915183e-06,
       1.34846211e-02, 2.20283031e-01, 1.15535005e-05, 1.37341094e-02,
       6.16544858e-02, 1.82071486e-04, 1.05605710e-06, 3.04843034e-06,
       4.30797570e-06, 1.41708249e-03, 1.12700027e-06, 3.75429856e-07,
       7.32589936e-07]), array([5.21497934e-03, 5.05599277e-03, 1.01926946e-03, 2.65860099e-05,
       7.59057870e-04, 4.77748138e-03, 5.48157958e-05, 2.79678306e-03,
       1.16786432e-04, 4.08291832e-06, 6.94195538e-07, 9.25757597e-05,
       1.30791898e-03, 3.63209103e-04, 9.75113045e-04, 9.12723728e-07,
       7.25061927e-06, 2.64078887e-07, 1.37228790e-06, 4.13687900e-06,
       1.94951550e-05, 6.18196509e-06, 5.70609030e-06, 3.25298815e-06,
       1.51634613e-06, 2.74301201e-07, 1.19681969e-06, 1.46259508e-06,
       7.87596219e-05, 3.76611350e-06, 1.17244232e-06, 2.82115615e-05,
       3.00221532e-06, 2.00555172e-08, 9.43875924e-06, 2.56074145e-05,
       7.24456991e-05, 1.68794971e-05, 2.74030686e-06, 8.00350255e-06,
       8.26138241e-06, 6.42967788e-05, 2.41656483e-06, 2.97569251e-05,
       6.84863061e-05, 1.98596439e-03, 5.07456138e-03, 2.04706309e-02,
       5.54602307e-03, 1.35710157e-02, 4.86429445e-01, 1.00467703e-02,
       3.45037833e-03, 8.38932561e-03, 1.94626103e-02, 3.69870125e-03,
       3.80559600e-02, 4.84800554e-03, 1.14451489e-01, 1.06552924e-02,
       3.06253990e-03, 6.13206153e-03, 1.33855980e-01, 4.16649308e-02,
       2.71635329e-03, 3.46640828e-05, 9.04960570e-04, 1.23393324e-03,
       7.19936342e-03, 2.24186273e-04, 2.33382389e-03, 2.22741208e-05,
       2.30197752e-03, 5.28479390e-04, 4.83352213e-05, 1.46359279e-02,
       1.32619343e-02, 2.23757109e-04, 3.01338576e-06, 2.69267273e-05,
       2.17194983e-06, 3.92417431e-04, 3.44621009e-07, 8.72776689e-07,
       1.09636404e-05]), array([7.36831029e-03, 1.32403868e-01, 6.73714172e-03, 1.09609751e-05,
       7.78517618e-05, 4.03899499e-02, 3.55559617e-04, 1.27289747e-02,
       1.01699875e-06, 2.49203832e-06, 5.26827017e-07, 1.59187510e-06,
       1.40828694e-02, 4.14854609e-02, 7.63687644e-03, 1.07048560e-06,
       4.44123729e-07, 5.37329368e-07, 8.86199806e-08, 6.54728047e-06,
       8.62012235e-07, 9.04358513e-07, 7.32367953e-06, 4.51430264e-07,
       2.42834529e-06, 1.32014691e-07, 4.22799105e-07, 1.70575520e-06,
       1.40061321e-05, 4.09139696e-07, 8.03949535e-07, 2.20147502e-06,
       3.31873125e-07, 1.49366748e-07, 8.03498543e-06, 1.25601726e-06,
       1.44281409e-06, 4.32714836e-06, 2.66944335e-06, 1.23566985e-06,
       2.07890493e-06, 6.89675018e-06, 8.94899818e-07, 5.39920870e-05,
       4.02575185e-04, 7.54762067e-04, 5.24804641e-03, 1.58638808e-02,
       2.24946941e-03, 7.69326335e-03, 9.03203162e-02, 3.08814454e-02,
       5.94850833e-03, 2.79015614e-03, 2.43224912e-02, 7.57957569e-03,
       3.09114823e-02, 1.15420232e-02, 1.38330844e-01, 4.06211267e-03,
       5.17214488e-03, 1.91666906e-02, 7.46059959e-02, 1.93959345e-01,
       7.62014054e-04, 5.83125537e-05, 3.39165782e-03, 1.10501358e-03,
       5.66658639e-03, 4.62071580e-03, 7.67612888e-04, 1.22949404e-06,
       5.34582902e-04, 1.37166584e-02, 6.67866637e-05, 8.27719686e-03,
       2.40906750e-02, 6.11114802e-04, 4.35258633e-06, 2.33129023e-05,
       5.76119285e-07, 1.08656945e-03, 2.22135763e-07, 2.15287710e-06,
       4.27917507e-07]), array([1.29261970e-02, 8.15604627e-02, 1.26339150e-02, 3.16088693e-06,
       5.16745388e-05, 2.20153169e-02, 1.06348457e-04, 8.76982225e-03,
       4.62426322e-07, 9.72701774e-07, 6.32132245e-06, 2.06708384e-06,
       4.58967040e-03, 3.55326649e-02, 7.31721184e-03, 8.50905106e-07,
       5.17051971e-07, 1.64267613e-07, 5.02619473e-07, 5.85186122e-06,
       3.57396344e-07, 1.15271630e-06, 1.39985518e-05, 1.61235636e-07,
       3.31007021e-07, 9.23516560e-08, 7.41758484e-06, 1.33767132e-06,
       6.24406220e-06, 5.20773269e-07, 7.92453518e-07, 1.01692053e-06,
       7.70463550e-08, 3.45691428e-06, 9.14674172e-06, 7.59339729e-07,
       2.00688980e-06, 1.12062039e-06, 9.36408020e-06, 2.39834903e-07,
       1.91261743e-06, 2.48319358e-06, 9.60374360e-07, 1.85735978e-05,
       3.20007366e-04, 3.42953772e-02, 3.21796060e-04, 6.34079975e-03,
       1.59173549e-04, 1.70086942e-03, 2.29084232e-01, 1.02550371e-03,
       2.22586537e-04, 3.20109719e-02, 1.10435733e-04, 2.34240123e-03,
       6.05443989e-03, 1.37795826e-03, 8.00174526e-02, 3.95623124e-02,
       7.65138219e-04, 1.09909091e-02, 1.13745816e-02, 3.78047423e-02,
       4.40439025e-03, 3.16822688e-05, 9.98845880e-05, 1.18005619e-03,
       1.48303280e-03, 3.78450251e-04, 1.50184379e-04, 5.34915183e-06,
       1.34846211e-02, 2.20283031e-01, 1.15535005e-05, 1.37341094e-02,
       6.16544858e-02, 1.82071486e-04, 1.05605710e-06, 3.04843034e-06,
       4.30797570e-06, 1.41708249e-03, 1.12700027e-06, 3.75429856e-07,
       7.32589936e-07]), array([5.21497934e-03, 5.05599277e-03, 1.01926946e-03, 2.65860099e-05,
       7.59057870e-04, 4.77748138e-03, 5.48157958e-05, 2.79678306e-03,
       1.16786432e-04, 4.08291832e-06, 6.94195538e-07, 9.25757597e-05,
       1.30791898e-03, 3.63209103e-04, 9.75113045e-04, 9.12723728e-07,
       7.25061927e-06, 2.64078887e-07, 1.37228790e-06, 4.13687900e-06,
       1.94951550e-05, 6.18196509e-06, 5.70609030e-06, 3.25298815e-06,
       1.51634613e-06, 2.74301201e-07, 1.19681969e-06, 1.46259508e-06,
       7.87596219e-05, 3.76611350e-06, 1.17244232e-06, 2.82115615e-05,
       3.00221532e-06, 2.00555172e-08, 9.43875924e-06, 2.56074145e-05,
       7.24456991e-05, 1.68794971e-05, 2.74030686e-06, 8.00350255e-06,
       8.26138241e-06, 6.42967788e-05, 2.41656483e-06, 2.97569251e-05,
       6.84863061e-05, 1.98596439e-03, 5.07456138e-03, 2.04706309e-02,
       5.54602307e-03, 1.35710157e-02, 4.86429445e-01, 1.00467703e-02,
       3.45037833e-03, 8.38932561e-03, 1.94626103e-02, 3.69870125e-03,
       3.80559600e-02, 4.84800554e-03, 1.14451489e-01, 1.06552924e-02,
       3.06253990e-03, 6.13206153e-03, 1.33855980e-01, 4.16649308e-02,
       2.71635329e-03, 3.46640828e-05, 9.04960570e-04, 1.23393324e-03,
       7.19936342e-03, 2.24186273e-04, 2.33382389e-03, 2.22741208e-05,
       2.30197752e-03, 5.28479390e-04, 4.83352213e-05, 1.46359279e-02,
       1.32619343e-02, 2.23757109e-04, 3.01338576e-06, 2.69267273e-05,
       2.17194983e-06, 3.92417431e-04, 3.44621009e-07, 8.72776689e-07,
       1.09636404e-05]), array([7.36831029e-03, 1.32403868e-01, 6.73714172e-03, 1.09609751e-05,
       7.78517618e-05, 4.03899499e-02, 3.55559617e-04, 1.27289747e-02,
       1.01699875e-06, 2.49203832e-06, 5.26827017e-07, 1.59187510e-06,
       1.40828694e-02, 4.14854609e-02, 7.63687644e-03, 1.07048560e-06,
       4.44123729e-07, 5.37329368e-07, 8.86199806e-08, 6.54728047e-06,
       8.62012235e-07, 9.04358513e-07, 7.32367953e-06, 4.51430264e-07,
       2.42834529e-06, 1.32014691e-07, 4.22799105e-07, 1.70575520e-06,
       1.40061321e-05, 4.09139696e-07, 8.03949535e-07, 2.20147502e-06,
       3.31873125e-07, 1.49366748e-07, 8.03498543e-06, 1.25601726e-06,
       1.44281409e-06, 4.32714836e-06, 2.66944335e-06, 1.23566985e-06,
       2.07890493e-06, 6.89675018e-06, 8.94899818e-07, 5.39920870e-05,
       4.02575185e-04, 7.54762067e-04, 5.24804641e-03, 1.58638808e-02,
       2.24946941e-03, 7.69326335e-03, 9.03203162e-02, 3.08814454e-02,
       5.94850833e-03, 2.79015614e-03, 2.43224912e-02, 7.57957569e-03,
       3.09114823e-02, 1.15420232e-02, 1.38330844e-01, 4.06211267e-03,
       5.17214488e-03, 1.91666906e-02, 7.46059959e-02, 1.93959345e-01,
       7.62014054e-04, 5.83125537e-05, 3.39165782e-03, 1.10501358e-03,
       5.66658639e-03, 4.62071580e-03, 7.67612888e-04, 1.22949404e-06,
       5.34582902e-04, 1.37166584e-02, 6.67866637e-05, 8.27719686e-03,
       2.40906750e-02, 6.11114802e-04, 4.35258633e-06, 2.33129023e-05,
       5.76119285e-07, 1.08656945e-03, 2.22135763e-07, 2.15287710e-06,
       4.27917507e-07]), array([1.29261970e-02, 8.15604627e-02, 1.26339150e-02, 3.16088693e-06,
       5.16745388e-05, 2.20153169e-02, 1.06348457e-04, 8.76982225e-03,
       4.62426322e-07, 9.72701774e-07, 6.32132245e-06, 2.06708384e-06,
       4.58967040e-03, 3.55326649e-02, 7.31721184e-03, 8.50905106e-07,
       5.17051971e-07, 1.64267613e-07, 5.02619473e-07, 5.85186122e-06,
       3.57396344e-07, 1.15271630e-06, 1.39985518e-05, 1.61235636e-07,
       3.31007021e-07, 9.23516560e-08, 7.41758484e-06, 1.33767132e-06,
       6.24406220e-06, 5.20773269e-07, 7.92453518e-07, 1.01692053e-06,
       7.70463550e-08, 3.45691428e-06, 9.14674172e-06, 7.59339729e-07,
       2.00688980e-06, 1.12062039e-06, 9.36408020e-06, 2.39834903e-07,
       1.91261743e-06, 2.48319358e-06, 9.60374360e-07, 1.85735978e-05,
       3.20007366e-04, 3.42953772e-02, 3.21796060e-04, 6.34079975e-03,
       1.59173549e-04, 1.70086942e-03, 2.29084232e-01, 1.02550371e-03,
       2.22586537e-04, 3.20109719e-02, 1.10435733e-04, 2.34240123e-03,
       6.05443989e-03, 1.37795826e-03, 8.00174526e-02, 3.95623124e-02,
       7.65138219e-04, 1.09909091e-02, 1.13745816e-02, 3.78047423e-02,
       4.40439025e-03, 3.16822688e-05, 9.98845880e-05, 1.18005619e-03,
       1.48303280e-03, 3.78450251e-04, 1.50184379e-04, 5.34915183e-06,
       1.34846211e-02, 2.20283031e-01, 1.15535005e-05, 1.37341094e-02,
       6.16544858e-02, 1.82071486e-04, 1.05605710e-06, 3.04843034e-06,
       4.30797570e-06, 1.41708249e-03, 1.12700027e-06, 3.75429856e-07,
       7.32589936e-07]), array([5.21497934e-03, 5.05599277e-03, 1.01926946e-03, 2.65860099e-05,
       7.59057870e-04, 4.77748138e-03, 5.48157958e-05, 2.79678306e-03,
       1.16786432e-04, 4.08291832e-06, 6.94195538e-07, 9.25757597e-05,
       1.30791898e-03, 3.63209103e-04, 9.75113045e-04, 9.12723728e-07,
       7.25061927e-06, 2.64078887e-07, 1.37228790e-06, 4.13687900e-06,
       1.94951550e-05, 6.18196509e-06, 5.70609030e-06, 3.25298815e-06,
       1.51634613e-06, 2.74301201e-07, 1.19681969e-06, 1.46259508e-06,
       7.87596219e-05, 3.76611350e-06, 1.17244232e-06, 2.82115615e-05,
       3.00221532e-06, 2.00555172e-08, 9.43875924e-06, 2.56074145e-05,
       7.24456991e-05, 1.68794971e-05, 2.74030686e-06, 8.00350255e-06,
       8.26138241e-06, 6.42967788e-05, 2.41656483e-06, 2.97569251e-05,
       6.84863061e-05, 1.98596439e-03, 5.07456138e-03, 2.04706309e-02,
       5.54602307e-03, 1.35710157e-02, 4.86429445e-01, 1.00467703e-02,
       3.45037833e-03, 8.38932561e-03, 1.94626103e-02, 3.69870125e-03,
       3.80559600e-02, 4.84800554e-03, 1.14451489e-01, 1.06552924e-02,
       3.06253990e-03, 6.13206153e-03, 1.33855980e-01, 4.16649308e-02,
       2.71635329e-03, 3.46640828e-05, 9.04960570e-04, 1.23393324e-03,
       7.19936342e-03, 2.24186273e-04, 2.33382389e-03, 2.22741208e-05,
       2.30197752e-03, 5.28479390e-04, 4.83352213e-05, 1.46359279e-02,
       1.32619343e-02, 2.23757109e-04, 3.01338576e-06, 2.69267273e-05,
       2.17194983e-06, 3.92417431e-04, 3.44621009e-07, 8.72776689e-07,
       1.09636404e-05]), array([7.36831029e-03, 1.32403868e-01, 6.73714172e-03, 1.09609751e-05,
       7.78517618e-05, 4.03899499e-02, 3.55559617e-04, 1.27289747e-02,
       1.01699875e-06, 2.49203832e-06, 5.26827017e-07, 1.59187510e-06,
       1.40828694e-02, 4.14854609e-02, 7.63687644e-03, 1.07048560e-06,
       4.44123729e-07, 5.37329368e-07, 8.86199806e-08, 6.54728047e-06,
       8.62012235e-07, 9.04358513e-07, 7.32367953e-06, 4.51430264e-07,
       2.42834529e-06, 1.32014691e-07, 4.22799105e-07, 1.70575520e-06,
       1.40061321e-05, 4.09139696e-07, 8.03949535e-07, 2.20147502e-06,
       3.31873125e-07, 1.49366748e-07, 8.03498543e-06, 1.25601726e-06,
       1.44281409e-06, 4.32714836e-06, 2.66944335e-06, 1.23566985e-06,
       2.07890493e-06, 6.89675018e-06, 8.94899818e-07, 5.39920870e-05,
       4.02575185e-04, 7.54762067e-04, 5.24804641e-03, 1.58638808e-02,
       2.24946941e-03, 7.69326335e-03, 9.03203162e-02, 3.08814454e-02,
       5.94850833e-03, 2.79015614e-03, 2.43224912e-02, 7.57957569e-03,
       3.09114823e-02, 1.15420232e-02, 1.38330844e-01, 4.06211267e-03,
       5.17214488e-03, 1.91666906e-02, 7.46059959e-02, 1.93959345e-01,
       7.62014054e-04, 5.83125537e-05, 3.39165782e-03, 1.10501358e-03,
       5.66658639e-03, 4.62071580e-03, 7.67612888e-04, 1.22949404e-06,
       5.34582902e-04, 1.37166584e-02, 6.67866637e-05, 8.27719686e-03,
       2.40906750e-02, 6.11114802e-04, 4.35258633e-06, 2.33129023e-05,
       5.76119285e-07, 1.08656945e-03, 2.22135763e-07, 2.15287710e-06,
       4.27917507e-07]), array([1.29261970e-02, 8.15604627e-02, 1.26339150e-02, 3.16088693e-06,
       5.16745388e-05, 2.20153169e-02, 1.06348457e-04, 8.76982225e-03,
       4.62426322e-07, 9.72701774e-07, 6.32132245e-06, 2.06708384e-06,
       4.58967040e-03, 3.55326649e-02, 7.31721184e-03, 8.50905106e-07,
       5.17051971e-07, 1.64267613e-07, 5.02619473e-07, 5.85186122e-06,
       3.57396344e-07, 1.15271630e-06, 1.39985518e-05, 1.61235636e-07,
       3.31007021e-07, 9.23516560e-08, 7.41758484e-06, 1.33767132e-06,
       6.24406220e-06, 5.20773269e-07, 7.92453518e-07, 1.01692053e-06,
       7.70463550e-08, 3.45691428e-06, 9.14674172e-06, 7.59339729e-07,
       2.00688980e-06, 1.12062039e-06, 9.36408020e-06, 2.39834903e-07,
       1.91261743e-06, 2.48319358e-06, 9.60374360e-07, 1.85735978e-05,
       3.20007366e-04, 3.42953772e-02, 3.21796060e-04, 6.34079975e-03,
       1.59173549e-04, 1.70086942e-03, 2.29084232e-01, 1.02550371e-03,
       2.22586537e-04, 3.20109719e-02, 1.10435733e-04, 2.34240123e-03,
       6.05443989e-03, 1.37795826e-03, 8.00174526e-02, 3.95623124e-02,
       7.65138219e-04, 1.09909091e-02, 1.13745816e-02, 3.78047423e-02,
       4.40439025e-03, 3.16822688e-05, 9.98845880e-05, 1.18005619e-03,
       1.48303280e-03, 3.78450251e-04, 1.50184379e-04, 5.34915183e-06,
       1.34846211e-02, 2.20283031e-01, 1.15535005e-05, 1.37341094e-02,
       6.16544858e-02, 1.82071486e-04, 1.05605710e-06, 3.04843034e-06,
       4.30797570e-06, 1.41708249e-03, 1.12700027e-06, 3.75429856e-07,
       7.32589936e-07]), array([5.21497934e-03, 5.05599277e-03, 1.01926946e-03, 2.65860099e-05,
       7.59057870e-04, 4.77748138e-03, 5.48157958e-05, 2.79678306e-03,
       1.16786432e-04, 4.08291832e-06, 6.94195538e-07, 9.25757597e-05,
       1.30791898e-03, 3.63209103e-04, 9.75113045e-04, 9.12723728e-07,
       7.25061927e-06, 2.64078887e-07, 1.37228790e-06, 4.13687900e-06,
       1.94951550e-05, 6.18196509e-06, 5.70609030e-06, 3.25298815e-06,
       1.51634613e-06, 2.74301201e-07, 1.19681969e-06, 1.46259508e-06,
       7.87596219e-05, 3.76611350e-06, 1.17244232e-06, 2.82115615e-05,
       3.00221532e-06, 2.00555172e-08, 9.43875924e-06, 2.56074145e-05,
       7.24456991e-05, 1.68794971e-05, 2.74030686e-06, 8.00350255e-06,
       8.26138241e-06, 6.42967788e-05, 2.41656483e-06, 2.97569251e-05,
       6.84863061e-05, 1.98596439e-03, 5.07456138e-03, 2.04706309e-02,
       5.54602307e-03, 1.35710157e-02, 4.86429445e-01, 1.00467703e-02,
       3.45037833e-03, 8.38932561e-03, 1.94626103e-02, 3.69870125e-03,
       3.80559600e-02, 4.84800554e-03, 1.14451489e-01, 1.06552924e-02,
       3.06253990e-03, 6.13206153e-03, 1.33855980e-01, 4.16649308e-02,
       2.71635329e-03, 3.46640828e-05, 9.04960570e-04, 1.23393324e-03,
       7.19936342e-03, 2.24186273e-04, 2.33382389e-03, 2.22741208e-05,
       2.30197752e-03, 5.28479390e-04, 4.83352213e-05, 1.46359279e-02,
       1.32619343e-02, 2.23757109e-04, 3.01338576e-06, 2.69267273e-05,
       2.17194983e-06, 3.92417431e-04, 3.44621009e-07, 8.72776689e-07,
       1.09636404e-05]), array([7.36831029e-03, 1.32403868e-01, 6.73714172e-03, 1.09609751e-05,
       7.78517618e-05, 4.03899499e-02, 3.55559617e-04, 1.27289747e-02,
       1.01699875e-06, 2.49203832e-06, 5.26827017e-07, 1.59187510e-06,
       1.40828694e-02, 4.14854609e-02, 7.63687644e-03, 1.07048560e-06,
       4.44123729e-07, 5.37329368e-07, 8.86199806e-08, 6.54728047e-06,
       8.62012235e-07, 9.04358513e-07, 7.32367953e-06, 4.51430264e-07,
       2.42834529e-06, 1.32014691e-07, 4.22799105e-07, 1.70575520e-06,
       1.40061321e-05, 4.09139696e-07, 8.03949535e-07, 2.20147502e-06,
       3.31873125e-07, 1.49366748e-07, 8.03498543e-06, 1.25601726e-06,
       1.44281409e-06, 4.32714836e-06, 2.66944335e-06, 1.23566985e-06,
       2.07890493e-06, 6.89675018e-06, 8.94899818e-07, 5.39920870e-05,
       4.02575185e-04, 7.54762067e-04, 5.24804641e-03, 1.58638808e-02,
       2.24946941e-03, 7.69326335e-03, 9.03203162e-02, 3.08814454e-02,
       5.94850833e-03, 2.79015614e-03, 2.43224912e-02, 7.57957569e-03,
       3.09114823e-02, 1.15420232e-02, 1.38330844e-01, 4.06211267e-03,
       5.17214488e-03, 1.91666906e-02, 7.46059959e-02, 1.93959345e-01,
       7.62014054e-04, 5.83125537e-05, 3.39165782e-03, 1.10501358e-03,
       5.66658639e-03, 4.62071580e-03, 7.67612888e-04, 1.22949404e-06,
       5.34582902e-04, 1.37166584e-02, 6.67866637e-05, 8.27719686e-03,
       2.40906750e-02, 6.11114802e-04, 4.35258633e-06, 2.33129023e-05,
       5.76119285e-07, 1.08656945e-03, 2.22135763e-07, 2.15287710e-06,
       4.27917507e-07]), array([1.29261970e-02, 8.15604627e-02, 1.26339150e-02, 3.16088693e-06,
       5.16745388e-05, 2.20153169e-02, 1.06348457e-04, 8.76982225e-03,
       4.62426322e-07, 9.72701774e-07, 6.32132245e-06, 2.06708384e-06,
       4.58967040e-03, 3.55326649e-02, 7.31721184e-03, 8.50905106e-07,
       5.17051971e-07, 1.64267613e-07, 5.02619473e-07, 5.85186122e-06,
       3.57396344e-07, 1.15271630e-06, 1.39985518e-05, 1.61235636e-07,
       3.31007021e-07, 9.23516560e-08, 7.41758484e-06, 1.33767132e-06,
       6.24406220e-06, 5.20773269e-07, 7.92453518e-07, 1.01692053e-06,
       7.70463550e-08, 3.45691428e-06, 9.14674172e-06, 7.59339729e-07,
       2.00688980e-06, 1.12062039e-06, 9.36408020e-06, 2.39834903e-07,
       1.91261743e-06, 2.48319358e-06, 9.60374360e-07, 1.85735978e-05,
       3.20007366e-04, 3.42953772e-02, 3.21796060e-04, 6.34079975e-03,
       1.59173549e-04, 1.70086942e-03, 2.29084232e-01, 1.02550371e-03,
       2.22586537e-04, 3.20109719e-02, 1.10435733e-04, 2.34240123e-03,
       6.05443989e-03, 1.37795826e-03, 8.00174526e-02, 3.95623124e-02,
       7.65138219e-04, 1.09909091e-02, 1.13745816e-02, 3.78047423e-02,
       4.40439025e-03, 3.16822688e-05, 9.98845880e-05, 1.18005619e-03,
       1.48303280e-03, 3.78450251e-04, 1.50184379e-04, 5.34915183e-06,
       1.34846211e-02, 2.20283031e-01, 1.15535005e-05, 1.37341094e-02,
       6.16544858e-02, 1.82071486e-04, 1.05605710e-06, 3.04843034e-06,
       4.30797570e-06, 1.41708249e-03, 1.12700027e-06, 3.75429856e-07,
       7.32589936e-07]), array([5.21497934e-03, 5.05599277e-03, 1.01926946e-03, 2.65860099e-05,
       7.59057870e-04, 4.77748138e-03, 5.48157958e-05, 2.79678306e-03,
       1.16786432e-04, 4.08291832e-06, 6.94195538e-07, 9.25757597e-05,
       1.30791898e-03, 3.63209103e-04, 9.75113045e-04, 9.12723728e-07,
       7.25061927e-06, 2.64078887e-07, 1.37228790e-06, 4.13687900e-06,
       1.94951550e-05, 6.18196509e-06, 5.70609030e-06, 3.25298815e-06,
       1.51634613e-06, 2.74301201e-07, 1.19681969e-06, 1.46259508e-06,
       7.87596219e-05, 3.76611350e-06, 1.17244232e-06, 2.82115615e-05,
       3.00221532e-06, 2.00555172e-08, 9.43875924e-06, 2.56074145e-05,
       7.24456991e-05, 1.68794971e-05, 2.74030686e-06, 8.00350255e-06,
       8.26138241e-06, 6.42967788e-05, 2.41656483e-06, 2.97569251e-05,
       6.84863061e-05, 1.98596439e-03, 5.07456138e-03, 2.04706309e-02,
       5.54602307e-03, 1.35710157e-02, 4.86429445e-01, 1.00467703e-02,
       3.45037833e-03, 8.38932561e-03, 1.94626103e-02, 3.69870125e-03,
       3.80559600e-02, 4.84800554e-03, 1.14451489e-01, 1.06552924e-02,
       3.06253990e-03, 6.13206153e-03, 1.33855980e-01, 4.16649308e-02,
       2.71635329e-03, 3.46640828e-05, 9.04960570e-04, 1.23393324e-03,
       7.19936342e-03, 2.24186273e-04, 2.33382389e-03, 2.22741208e-05,
       2.30197752e-03, 5.28479390e-04, 4.83352213e-05, 1.46359279e-02,
       1.32619343e-02, 2.23757109e-04, 3.01338576e-06, 2.69267273e-05,
       2.17194983e-06, 3.92417431e-04, 3.44621009e-07, 8.72776689e-07,
       1.09636404e-05]), array([7.36831029e-03, 1.32403868e-01, 6.73714172e-03, 1.09609751e-05,
       7.78517618e-05, 4.03899499e-02, 3.55559617e-04, 1.27289747e-02,
       1.01699875e-06, 2.49203832e-06, 5.26827017e-07, 1.59187510e-06,
       1.40828694e-02, 4.14854609e-02, 7.63687644e-03, 1.07048560e-06,
       4.44123729e-07, 5.37329368e-07, 8.86199806e-08, 6.54728047e-06,
       8.62012235e-07, 9.04358513e-07, 7.32367953e-06, 4.51430264e-07,
       2.42834529e-06, 1.32014691e-07, 4.22799105e-07, 1.70575520e-06,
       1.40061321e-05, 4.09139696e-07, 8.03949535e-07, 2.20147502e-06,
       3.31873125e-07, 1.49366748e-07, 8.03498543e-06, 1.25601726e-06,
       1.44281409e-06, 4.32714836e-06, 2.66944335e-06, 1.23566985e-06,
       2.07890493e-06, 6.89675018e-06, 8.94899818e-07, 5.39920870e-05,
       4.02575185e-04, 7.54762067e-04, 5.24804641e-03, 1.58638808e-02,
       2.24946941e-03, 7.69326335e-03, 9.03203162e-02, 3.08814454e-02,
       5.94850833e-03, 2.79015614e-03, 2.43224912e-02, 7.57957569e-03,
       3.09114823e-02, 1.15420232e-02, 1.38330844e-01, 4.06211267e-03,
       5.17214488e-03, 1.91666906e-02, 7.46059959e-02, 1.93959345e-01,
       7.62014054e-04, 5.83125537e-05, 3.39165782e-03, 1.10501358e-03,
       5.66658639e-03, 4.62071580e-03, 7.67612888e-04, 1.22949404e-06,
       5.34582902e-04, 1.37166584e-02, 6.67866637e-05, 8.27719686e-03,
       2.40906750e-02, 6.11114802e-04, 4.35258633e-06, 2.33129023e-05,
       5.76119285e-07, 1.08656945e-03, 2.22135763e-07, 2.15287710e-06,
       4.27917507e-07]), array([1.29261970e-02, 8.15604627e-02, 1.26339150e-02, 3.16088693e-06,
       5.16745388e-05, 2.20153169e-02, 1.06348457e-04, 8.76982225e-03,
       4.62426322e-07, 9.72701774e-07, 6.32132245e-06, 2.06708384e-06,
       4.58967040e-03, 3.55326649e-02, 7.31721184e-03, 8.50905106e-07,
       5.17051971e-07, 1.64267613e-07, 5.02619473e-07, 5.85186122e-06,
       3.57396344e-07, 1.15271630e-06, 1.39985518e-05, 1.61235636e-07,
       3.31007021e-07, 9.23516560e-08, 7.41758484e-06, 1.33767132e-06,
       6.24406220e-06, 5.20773269e-07, 7.92453518e-07, 1.01692053e-06,
       7.70463550e-08, 3.45691428e-06, 9.14674172e-06, 7.59339729e-07,
       2.00688980e-06, 1.12062039e-06, 9.36408020e-06, 2.39834903e-07,
       1.91261743e-06, 2.48319358e-06, 9.60374360e-07, 1.85735978e-05,
       3.20007366e-04, 3.42953772e-02, 3.21796060e-04, 6.34079975e-03,
       1.59173549e-04, 1.70086942e-03, 2.29084232e-01, 1.02550371e-03,
       2.22586537e-04, 3.20109719e-02, 1.10435733e-04, 2.34240123e-03,
       6.05443989e-03, 1.37795826e-03, 8.00174526e-02, 3.95623124e-02,
       7.65138219e-04, 1.09909091e-02, 1.13745816e-02, 3.78047423e-02,
       4.40439025e-03, 3.16822688e-05, 9.98845880e-05, 1.18005619e-03,
       1.48303280e-03, 3.78450251e-04, 1.50184379e-04, 5.34915183e-06,
       1.34846211e-02, 2.20283031e-01, 1.15535005e-05, 1.37341094e-02,
       6.16544858e-02, 1.82071486e-04, 1.05605710e-06, 3.04843034e-06,
       4.30797570e-06, 1.41708249e-03, 1.12700027e-06, 3.75429856e-07,
       7.32589936e-07]), array([5.21497934e-03, 5.05599277e-03, 1.01926946e-03, 2.65860099e-05,
       7.59057870e-04, 4.77748138e-03, 5.48157958e-05, 2.79678306e-03,
       1.16786432e-04, 4.08291832e-06, 6.94195538e-07, 9.25757597e-05,
       1.30791898e-03, 3.63209103e-04, 9.75113045e-04, 9.12723728e-07,
       7.25061927e-06, 2.64078887e-07, 1.37228790e-06, 4.13687900e-06,
       1.94951550e-05, 6.18196509e-06, 5.70609030e-06, 3.25298815e-06,
       1.51634613e-06, 2.74301201e-07, 1.19681969e-06, 1.46259508e-06,
       7.87596219e-05, 3.76611350e-06, 1.17244232e-06, 2.82115615e-05,
       3.00221532e-06, 2.00555172e-08, 9.43875924e-06, 2.56074145e-05,
       7.24456991e-05, 1.68794971e-05, 2.74030686e-06, 8.00350255e-06,
       8.26138241e-06, 6.42967788e-05, 2.41656483e-06, 2.97569251e-05,
       6.84863061e-05, 1.98596439e-03, 5.07456138e-03, 2.04706309e-02,
       5.54602307e-03, 1.35710157e-02, 4.86429445e-01, 1.00467703e-02,
       3.45037833e-03, 8.38932561e-03, 1.94626103e-02, 3.69870125e-03,
       3.80559600e-02, 4.84800554e-03, 1.14451489e-01, 1.06552924e-02,
       3.06253990e-03, 6.13206153e-03, 1.33855980e-01, 4.16649308e-02,
       2.71635329e-03, 3.46640828e-05, 9.04960570e-04, 1.23393324e-03,
       7.19936342e-03, 2.24186273e-04, 2.33382389e-03, 2.22741208e-05,
       2.30197752e-03, 5.28479390e-04, 4.83352213e-05, 1.46359279e-02,
       1.32619343e-02, 2.23757109e-04, 3.01338576e-06, 2.69267273e-05,
       2.17194983e-06, 3.92417431e-04, 3.44621009e-07, 8.72776689e-07,
       1.09636404e-05]), array([7.36831029e-03, 1.32403868e-01, 6.73714172e-03, 1.09609751e-05,
       7.78517618e-05, 4.03899499e-02, 3.55559617e-04, 1.27289747e-02,
       1.01699875e-06, 2.49203832e-06, 5.26827017e-07, 1.59187510e-06,
       1.40828694e-02, 4.14854609e-02, 7.63687644e-03, 1.07048560e-06,
       4.44123729e-07, 5.37329368e-07, 8.86199806e-08, 6.54728047e-06,
       8.62012235e-07, 9.04358513e-07, 7.32367953e-06, 4.51430264e-07,
       2.42834529e-06, 1.32014691e-07, 4.22799105e-07, 1.70575520e-06,
       1.40061321e-05, 4.09139696e-07, 8.03949535e-07, 2.20147502e-06,
       3.31873125e-07, 1.49366748e-07, 8.03498543e-06, 1.25601726e-06,
       1.44281409e-06, 4.32714836e-06, 2.66944335e-06, 1.23566985e-06,
       2.07890493e-06, 6.89675018e-06, 8.94899818e-07, 5.39920870e-05,
       4.02575185e-04, 7.54762067e-04, 5.24804641e-03, 1.58638808e-02,
       2.24946941e-03, 7.69326335e-03, 9.03203162e-02, 3.08814454e-02,
       5.94850833e-03, 2.79015614e-03, 2.43224912e-02, 7.57957569e-03,
       3.09114823e-02, 1.15420232e-02, 1.38330844e-01, 4.06211267e-03,
       5.17214488e-03, 1.91666906e-02, 7.46059959e-02, 1.93959345e-01,
       7.62014054e-04, 5.83125537e-05, 3.39165782e-03, 1.10501358e-03,
       5.66658639e-03, 4.62071580e-03, 7.67612888e-04, 1.22949404e-06,
       5.34582902e-04, 1.37166584e-02, 6.67866637e-05, 8.27719686e-03,
       2.40906750e-02, 6.11114802e-04, 4.35258633e-06, 2.33129023e-05,
       5.76119285e-07, 1.08656945e-03, 2.22135763e-07, 2.15287710e-06,
       4.27917507e-07]), array([1.29261970e-02, 8.15604627e-02, 1.26339150e-02, 3.16088693e-06,
       5.16745388e-05, 2.20153169e-02, 1.06348457e-04, 8.76982225e-03,
       4.62426322e-07, 9.72701774e-07, 6.32132245e-06, 2.06708384e-06,
       4.58967040e-03, 3.55326649e-02, 7.31721184e-03, 8.50905106e-07,
       5.17051971e-07, 1.64267613e-07, 5.02619473e-07, 5.85186122e-06,
       3.57396344e-07, 1.15271630e-06, 1.39985518e-05, 1.61235636e-07,
       3.31007021e-07, 9.23516560e-08, 7.41758484e-06, 1.33767132e-06,
       6.24406220e-06, 5.20773269e-07, 7.92453518e-07, 1.01692053e-06,
       7.70463550e-08, 3.45691428e-06, 9.14674172e-06, 7.59339729e-07,
       2.00688980e-06, 1.12062039e-06, 9.36408020e-06, 2.39834903e-07,
       1.91261743e-06, 2.48319358e-06, 9.60374360e-07, 1.85735978e-05,
       3.20007366e-04, 3.42953772e-02, 3.21796060e-04, 6.34079975e-03,
       1.59173549e-04, 1.70086942e-03, 2.29084232e-01, 1.02550371e-03,
       2.22586537e-04, 3.20109719e-02, 1.10435733e-04, 2.34240123e-03,
       6.05443989e-03, 1.37795826e-03, 8.00174526e-02, 3.95623124e-02,
       7.65138219e-04, 1.09909091e-02, 1.13745816e-02, 3.78047423e-02,
       4.40439025e-03, 3.16822688e-05, 9.98845880e-05, 1.18005619e-03,
       1.48303280e-03, 3.78450251e-04, 1.50184379e-04, 5.34915183e-06,
       1.34846211e-02, 2.20283031e-01, 1.15535005e-05, 1.37341094e-02,
       6.16544858e-02, 1.82071486e-04, 1.05605710e-06, 3.04843034e-06,
       4.30797570e-06, 1.41708249e-03, 1.12700027e-06, 3.75429856e-07,
       7.32589936e-07]), array([5.21497934e-03, 5.05599277e-03, 1.01926946e-03, 2.65860099e-05,
       7.59057870e-04, 4.77748138e-03, 5.48157958e-05, 2.79678306e-03,
       1.16786432e-04, 4.08291832e-06, 6.94195538e-07, 9.25757597e-05,
       1.30791898e-03, 3.63209103e-04, 9.75113045e-04, 9.12723728e-07,
       7.25061927e-06, 2.64078887e-07, 1.37228790e-06, 4.13687900e-06,
       1.94951550e-05, 6.18196509e-06, 5.70609030e-06, 3.25298815e-06,
       1.51634613e-06, 2.74301201e-07, 1.19681969e-06, 1.46259508e-06,
       7.87596219e-05, 3.76611350e-06, 1.17244232e-06, 2.82115615e-05,
       3.00221532e-06, 2.00555172e-08, 9.43875924e-06, 2.56074145e-05,
       7.24456991e-05, 1.68794971e-05, 2.74030686e-06, 8.00350255e-06,
       8.26138241e-06, 6.42967788e-05, 2.41656483e-06, 2.97569251e-05,
       6.84863061e-05, 1.98596439e-03, 5.07456138e-03, 2.04706309e-02,
       5.54602307e-03, 1.35710157e-02, 4.86429445e-01, 1.00467703e-02,
       3.45037833e-03, 8.38932561e-03, 1.94626103e-02, 3.69870125e-03,
       3.80559600e-02, 4.84800554e-03, 1.14451489e-01, 1.06552924e-02,
       3.06253990e-03, 6.13206153e-03, 1.33855980e-01, 4.16649308e-02,
       2.71635329e-03, 3.46640828e-05, 9.04960570e-04, 1.23393324e-03,
       7.19936342e-03, 2.24186273e-04, 2.33382389e-03, 2.22741208e-05,
       2.30197752e-03, 5.28479390e-04, 4.83352213e-05, 1.46359279e-02,
       1.32619343e-02, 2.23757109e-04, 3.01338576e-06, 2.69267273e-05,
       2.17194983e-06, 3.92417431e-04, 3.44621009e-07, 8.72776689e-07,
       1.09636404e-05]), array([7.36831029e-03, 1.32403868e-01, 6.73714172e-03, 1.09609751e-05,
       7.78517618e-05, 4.03899499e-02, 3.55559617e-04, 1.27289747e-02,
       1.01699875e-06, 2.49203832e-06, 5.26827017e-07, 1.59187510e-06,
       1.40828694e-02, 4.14854609e-02, 7.63687644e-03, 1.07048560e-06,
       4.44123729e-07, 5.37329368e-07, 8.86199806e-08, 6.54728047e-06,
       8.62012235e-07, 9.04358513e-07, 7.32367953e-06, 4.51430264e-07,
       2.42834529e-06, 1.32014691e-07, 4.22799105e-07, 1.70575520e-06,
       1.40061321e-05, 4.09139696e-07, 8.03949535e-07, 2.20147502e-06,
       3.31873125e-07, 1.49366748e-07, 8.03498543e-06, 1.25601726e-06,
       1.44281409e-06, 4.32714836e-06, 2.66944335e-06, 1.23566985e-06,
       2.07890493e-06, 6.89675018e-06, 8.94899818e-07, 5.39920870e-05,
       4.02575185e-04, 7.54762067e-04, 5.24804641e-03, 1.58638808e-02,
       2.24946941e-03, 7.69326335e-03, 9.03203162e-02, 3.08814454e-02,
       5.94850833e-03, 2.79015614e-03, 2.43224912e-02, 7.57957569e-03,
       3.09114823e-02, 1.15420232e-02, 1.38330844e-01, 4.06211267e-03,
       5.17214488e-03, 1.91666906e-02, 7.46059959e-02, 1.93959345e-01,
       7.62014054e-04, 5.83125537e-05, 3.39165782e-03, 1.10501358e-03,
       5.66658639e-03, 4.62071580e-03, 7.67612888e-04, 1.22949404e-06,
       5.34582902e-04, 1.37166584e-02, 6.67866637e-05, 8.27719686e-03,
       2.40906750e-02, 6.11114802e-04, 4.35258633e-06, 2.33129023e-05,
       5.76119285e-07, 1.08656945e-03, 2.22135763e-07, 2.15287710e-06,
       4.27917507e-07]), array([1.29261970e-02, 8.15604627e-02, 1.26339150e-02, 3.16088693e-06,
       5.16745388e-05, 2.20153169e-02, 1.06348457e-04, 8.76982225e-03,
       4.62426322e-07, 9.72701774e-07, 6.32132245e-06, 2.06708384e-06,
       4.58967040e-03, 3.55326649e-02, 7.31721184e-03, 8.50905106e-07,
       5.17051971e-07, 1.64267613e-07, 5.02619473e-07, 5.85186122e-06,
       3.57396344e-07, 1.15271630e-06, 1.39985518e-05, 1.61235636e-07,
       3.31007021e-07, 9.23516560e-08, 7.41758484e-06, 1.33767132e-06,
       6.24406220e-06, 5.20773269e-07, 7.92453518e-07, 1.01692053e-06,
       7.70463550e-08, 3.45691428e-06, 9.14674172e-06, 7.59339729e-07,
       2.00688980e-06, 1.12062039e-06, 9.36408020e-06, 2.39834903e-07,
       1.91261743e-06, 2.48319358e-06, 9.60374360e-07, 1.85735978e-05,
       3.20007366e-04, 3.42953772e-02, 3.21796060e-04, 6.34079975e-03,
       1.59173549e-04, 1.70086942e-03, 2.29084232e-01, 1.02550371e-03,
       2.22586537e-04, 3.20109719e-02, 1.10435733e-04, 2.34240123e-03,
       6.05443989e-03, 1.37795826e-03, 8.00174526e-02, 3.95623124e-02,
       7.65138219e-04, 1.09909091e-02, 1.13745816e-02, 3.78047423e-02,
       4.40439025e-03, 3.16822688e-05, 9.98845880e-05, 1.18005619e-03,
       1.48303280e-03, 3.78450251e-04, 1.50184379e-04, 5.34915183e-06,
       1.34846211e-02, 2.20283031e-01, 1.15535005e-05, 1.37341094e-02,
       6.16544858e-02, 1.82071486e-04, 1.05605710e-06, 3.04843034e-06,
       4.30797570e-06, 1.41708249e-03, 1.12700027e-06, 3.75429856e-07,
       7.32589936e-07]), array([5.21497934e-03, 5.05599277e-03, 1.01926946e-03, 2.65860099e-05,
       7.59057870e-04, 4.77748138e-03, 5.48157958e-05, 2.79678306e-03,
       1.16786432e-04, 4.08291832e-06, 6.94195538e-07, 9.25757597e-05,
       1.30791898e-03, 3.63209103e-04, 9.75113045e-04, 9.12723728e-07,
       7.25061927e-06, 2.64078887e-07, 1.37228790e-06, 4.13687900e-06,
       1.94951550e-05, 6.18196509e-06, 5.70609030e-06, 3.25298815e-06,
       1.51634613e-06, 2.74301201e-07, 1.19681969e-06, 1.46259508e-06,
       7.87596219e-05, 3.76611350e-06, 1.17244232e-06, 2.82115615e-05,
       3.00221532e-06, 2.00555172e-08, 9.43875924e-06, 2.56074145e-05,
       7.24456991e-05, 1.68794971e-05, 2.74030686e-06, 8.00350255e-06,
       8.26138241e-06, 6.42967788e-05, 2.41656483e-06, 2.97569251e-05,
       6.84863061e-05, 1.98596439e-03, 5.07456138e-03, 2.04706309e-02,
       5.54602307e-03, 1.35710157e-02, 4.86429445e-01, 1.00467703e-02,
       3.45037833e-03, 8.38932561e-03, 1.94626103e-02, 3.69870125e-03,
       3.80559600e-02, 4.84800554e-03, 1.14451489e-01, 1.06552924e-02,
       3.06253990e-03, 6.13206153e-03, 1.33855980e-01, 4.16649308e-02,
       2.71635329e-03, 3.46640828e-05, 9.04960570e-04, 1.23393324e-03,
       7.19936342e-03, 2.24186273e-04, 2.33382389e-03, 2.22741208e-05,
       2.30197752e-03, 5.28479390e-04, 4.83352213e-05, 1.46359279e-02,
       1.32619343e-02, 2.23757109e-04, 3.01338576e-06, 2.69267273e-05,
       2.17194983e-06, 3.92417431e-04, 3.44621009e-07, 8.72776689e-07,
       1.09636404e-05]), array([7.36831029e-03, 1.32403868e-01, 6.73714172e-03, 1.09609751e-05,
       7.78517618e-05, 4.03899499e-02, 3.55559617e-04, 1.27289747e-02,
       1.01699875e-06, 2.49203832e-06, 5.26827017e-07, 1.59187510e-06,
       1.40828694e-02, 4.14854609e-02, 7.63687644e-03, 1.07048560e-06,
       4.44123729e-07, 5.37329368e-07, 8.86199806e-08, 6.54728047e-06,
       8.62012235e-07, 9.04358513e-07, 7.32367953e-06, 4.51430264e-07,
       2.42834529e-06, 1.32014691e-07, 4.22799105e-07, 1.70575520e-06,
       1.40061321e-05, 4.09139696e-07, 8.03949535e-07, 2.20147502e-06,
       3.31873125e-07, 1.49366748e-07, 8.03498543e-06, 1.25601726e-06,
       1.44281409e-06, 4.32714836e-06, 2.66944335e-06, 1.23566985e-06,
       2.07890493e-06, 6.89675018e-06, 8.94899818e-07, 5.39920870e-05,
       4.02575185e-04, 7.54762067e-04, 5.24804641e-03, 1.58638808e-02,
       2.24946941e-03, 7.69326335e-03, 9.03203162e-02, 3.08814454e-02,
       5.94850833e-03, 2.79015614e-03, 2.43224912e-02, 7.57957569e-03,
       3.09114823e-02, 1.15420232e-02, 1.38330844e-01, 4.06211267e-03,
       5.17214488e-03, 1.91666906e-02, 7.46059959e-02, 1.93959345e-01,
       7.62014054e-04, 5.83125537e-05, 3.39165782e-03, 1.10501358e-03,
       5.66658639e-03, 4.62071580e-03, 7.67612888e-04, 1.22949404e-06,
       5.34582902e-04, 1.37166584e-02, 6.67866637e-05, 8.27719686e-03,
       2.40906750e-02, 6.11114802e-04, 4.35258633e-06, 2.33129023e-05,
       5.76119285e-07, 1.08656945e-03, 2.22135763e-07, 2.15287710e-06,
       4.27917507e-07]), array([1.29261970e-02, 8.15604627e-02, 1.26339150e-02, 3.16088693e-06,
       5.16745388e-05, 2.20153169e-02, 1.06348457e-04, 8.76982225e-03,
       4.62426322e-07, 9.72701774e-07, 6.32132245e-06, 2.06708384e-06,
       4.58967040e-03, 3.55326649e-02, 7.31721184e-03, 8.50905106e-07,
       5.17051971e-07, 1.64267613e-07, 5.02619473e-07, 5.85186122e-06,
       3.57396344e-07, 1.15271630e-06, 1.39985518e-05, 1.61235636e-07,
       3.31007021e-07, 9.23516560e-08, 7.41758484e-06, 1.33767132e-06,
       6.24406220e-06, 5.20773269e-07, 7.92453518e-07, 1.01692053e-06,
       7.70463550e-08, 3.45691428e-06, 9.14674172e-06, 7.59339729e-07,
       2.00688980e-06, 1.12062039e-06, 9.36408020e-06, 2.39834903e-07,
       1.91261743e-06, 2.48319358e-06, 9.60374360e-07, 1.85735978e-05,
       3.20007366e-04, 3.42953772e-02, 3.21796060e-04, 6.34079975e-03,
       1.59173549e-04, 1.70086942e-03, 2.29084232e-01, 1.02550371e-03,
       2.22586537e-04, 3.20109719e-02, 1.10435733e-04, 2.34240123e-03,
       6.05443989e-03, 1.37795826e-03, 8.00174526e-02, 3.95623124e-02,
       7.65138219e-04, 1.09909091e-02, 1.13745816e-02, 3.78047423e-02,
       4.40439025e-03, 3.16822688e-05, 9.98845880e-05, 1.18005619e-03,
       1.48303280e-03, 3.78450251e-04, 1.50184379e-04, 5.34915183e-06,
       1.34846211e-02, 2.20283031e-01, 1.15535005e-05, 1.37341094e-02,
       6.16544858e-02, 1.82071486e-04, 1.05605710e-06, 3.04843034e-06,
       4.30797570e-06, 1.41708249e-03, 1.12700027e-06, 3.75429856e-07,
       7.32589936e-07]), array([5.21497934e-03, 5.05599277e-03, 1.01926946e-03, 2.65860099e-05,
       7.59057870e-04, 4.77748138e-03, 5.48157958e-05, 2.79678306e-03,
       1.16786432e-04, 4.08291832e-06, 6.94195538e-07, 9.25757597e-05,
       1.30791898e-03, 3.63209103e-04, 9.75113045e-04, 9.12723728e-07,
       7.25061927e-06, 2.64078887e-07, 1.37228790e-06, 4.13687900e-06,
       1.94951550e-05, 6.18196509e-06, 5.70609030e-06, 3.25298815e-06,
       1.51634613e-06, 2.74301201e-07, 1.19681969e-06, 1.46259508e-06,
       7.87596219e-05, 3.76611350e-06, 1.17244232e-06, 2.82115615e-05,
       3.00221532e-06, 2.00555172e-08, 9.43875924e-06, 2.56074145e-05,
       7.24456991e-05, 1.68794971e-05, 2.74030686e-06, 8.00350255e-06,
       8.26138241e-06, 6.42967788e-05, 2.41656483e-06, 2.97569251e-05,
       6.84863061e-05, 1.98596439e-03, 5.07456138e-03, 2.04706309e-02,
       5.54602307e-03, 1.35710157e-02, 4.86429445e-01, 1.00467703e-02,
       3.45037833e-03, 8.38932561e-03, 1.94626103e-02, 3.69870125e-03,
       3.80559600e-02, 4.84800554e-03, 1.14451489e-01, 1.06552924e-02,
       3.06253990e-03, 6.13206153e-03, 1.33855980e-01, 4.16649308e-02,
       2.71635329e-03, 3.46640828e-05, 9.04960570e-04, 1.23393324e-03,
       7.19936342e-03, 2.24186273e-04, 2.33382389e-03, 2.22741208e-05,
       2.30197752e-03, 5.28479390e-04, 4.83352213e-05, 1.46359279e-02,
       1.32619343e-02, 2.23757109e-04, 3.01338576e-06, 2.69267273e-05,
       2.17194983e-06, 3.92417431e-04, 3.44621009e-07, 8.72776689e-07,
       1.09636404e-05]), array([7.36831029e-03, 1.32403868e-01, 6.73714172e-03, 1.09609751e-05,
       7.78517618e-05, 4.03899499e-02, 3.55559617e-04, 1.27289747e-02,
       1.01699875e-06, 2.49203832e-06, 5.26827017e-07, 1.59187510e-06,
       1.40828694e-02, 4.14854609e-02, 7.63687644e-03, 1.07048560e-06,
       4.44123729e-07, 5.37329368e-07, 8.86199806e-08, 6.54728047e-06,
       8.62012235e-07, 9.04358513e-07, 7.32367953e-06, 4.51430264e-07,
       2.42834529e-06, 1.32014691e-07, 4.22799105e-07, 1.70575520e-06,
       1.40061321e-05, 4.09139696e-07, 8.03949535e-07, 2.20147502e-06,
       3.31873125e-07, 1.49366748e-07, 8.03498543e-06, 1.25601726e-06,
       1.44281409e-06, 4.32714836e-06, 2.66944335e-06, 1.23566985e-06,
       2.07890493e-06, 6.89675018e-06, 8.94899818e-07, 5.39920870e-05,
       4.02575185e-04, 7.54762067e-04, 5.24804641e-03, 1.58638808e-02,
       2.24946941e-03, 7.69326335e-03, 9.03203162e-02, 3.08814454e-02,
       5.94850833e-03, 2.79015614e-03, 2.43224912e-02, 7.57957569e-03,
       3.09114823e-02, 1.15420232e-02, 1.38330844e-01, 4.06211267e-03,
       5.17214488e-03, 1.91666906e-02, 7.46059959e-02, 1.93959345e-01,
       7.62014054e-04, 5.83125537e-05, 3.39165782e-03, 1.10501358e-03,
       5.66658639e-03, 4.62071580e-03, 7.67612888e-04, 1.22949404e-06,
       5.34582902e-04, 1.37166584e-02, 6.67866637e-05, 8.27719686e-03,
       2.40906750e-02, 6.11114802e-04, 4.35258633e-06, 2.33129023e-05,
       5.76119285e-07, 1.08656945e-03, 2.22135763e-07, 2.15287710e-06,
       4.27917507e-07]), array([1.29261970e-02, 8.15604627e-02, 1.26339150e-02, 3.16088693e-06,
       5.16745388e-05, 2.20153169e-02, 1.06348457e-04, 8.76982225e-03,
       4.62426322e-07, 9.72701774e-07, 6.32132245e-06, 2.06708384e-06,
       4.58967040e-03, 3.55326649e-02, 7.31721184e-03, 8.50905106e-07,
       5.17051971e-07, 1.64267613e-07, 5.02619473e-07, 5.85186122e-06,
       3.57396344e-07, 1.15271630e-06, 1.39985518e-05, 1.61235636e-07,
       3.31007021e-07, 9.23516560e-08, 7.41758484e-06, 1.33767132e-06,
       6.24406220e-06, 5.20773269e-07, 7.92453518e-07, 1.01692053e-06,
       7.70463550e-08, 3.45691428e-06, 9.14674172e-06, 7.59339729e-07,
       2.00688980e-06, 1.12062039e-06, 9.36408020e-06, 2.39834903e-07,
       1.91261743e-06, 2.48319358e-06, 9.60374360e-07, 1.85735978e-05,
       3.20007366e-04, 3.42953772e-02, 3.21796060e-04, 6.34079975e-03,
       1.59173549e-04, 1.70086942e-03, 2.29084232e-01, 1.02550371e-03,
       2.22586537e-04, 3.20109719e-02, 1.10435733e-04, 2.34240123e-03,
       6.05443989e-03, 1.37795826e-03, 8.00174526e-02, 3.95623124e-02,
       7.65138219e-04, 1.09909091e-02, 1.13745816e-02, 3.78047423e-02,
       4.40439025e-03, 3.16822688e-05, 9.98845880e-05, 1.18005619e-03,
       1.48303280e-03, 3.78450251e-04, 1.50184379e-04, 5.34915183e-06,
       1.34846211e-02, 2.20283031e-01, 1.15535005e-05, 1.37341094e-02,
       6.16544858e-02, 1.82071486e-04, 1.05605710e-06, 3.04843034e-06,
       4.30797570e-06, 1.41708249e-03, 1.12700027e-06, 3.75429856e-07,
       7.32589936e-07]), array([5.21497934e-03, 5.05599277e-03, 1.01926946e-03, 2.65860099e-05,
       7.59057870e-04, 4.77748138e-03, 5.48157958e-05, 2.79678306e-03,
       1.16786432e-04, 4.08291832e-06, 6.94195538e-07, 9.25757597e-05,
       1.30791898e-03, 3.63209103e-04, 9.75113045e-04, 9.12723728e-07,
       7.25061927e-06, 2.64078887e-07, 1.37228790e-06, 4.13687900e-06,
       1.94951550e-05, 6.18196509e-06, 5.70609030e-06, 3.25298815e-06,
       1.51634613e-06, 2.74301201e-07, 1.19681969e-06, 1.46259508e-06,
       7.87596219e-05, 3.76611350e-06, 1.17244232e-06, 2.82115615e-05,
       3.00221532e-06, 2.00555172e-08, 9.43875924e-06, 2.56074145e-05,
       7.24456991e-05, 1.68794971e-05, 2.74030686e-06, 8.00350255e-06,
       8.26138241e-06, 6.42967788e-05, 2.41656483e-06, 2.97569251e-05,
       6.84863061e-05, 1.98596439e-03, 5.07456138e-03, 2.04706309e-02,
       5.54602307e-03, 1.35710157e-02, 4.86429445e-01, 1.00467703e-02,
       3.45037833e-03, 8.38932561e-03, 1.94626103e-02, 3.69870125e-03,
       3.80559600e-02, 4.84800554e-03, 1.14451489e-01, 1.06552924e-02,
       3.06253990e-03, 6.13206153e-03, 1.33855980e-01, 4.16649308e-02,
       2.71635329e-03, 3.46640828e-05, 9.04960570e-04, 1.23393324e-03,
       7.19936342e-03, 2.24186273e-04, 2.33382389e-03, 2.22741208e-05,
       2.30197752e-03, 5.28479390e-04, 4.83352213e-05, 1.46359279e-02,
       1.32619343e-02, 2.23757109e-04, 3.01338576e-06, 2.69267273e-05,
       2.17194983e-06, 3.92417431e-04, 3.44621009e-07, 8.72776689e-07,
       1.09636404e-05]), array([7.36831029e-03, 1.32403868e-01, 6.73714172e-03, 1.09609751e-05,
       7.78517618e-05, 4.03899499e-02, 3.55559617e-04, 1.27289747e-02,
       1.01699875e-06, 2.49203832e-06, 5.26827017e-07, 1.59187510e-06,
       1.40828694e-02, 4.14854609e-02, 7.63687644e-03, 1.07048560e-06,
       4.44123729e-07, 5.37329368e-07, 8.86199806e-08, 6.54728047e-06,
       8.62012235e-07, 9.04358513e-07, 7.32367953e-06, 4.51430264e-07,
       2.42834529e-06, 1.32014691e-07, 4.22799105e-07, 1.70575520e-06,
       1.40061321e-05, 4.09139696e-07, 8.03949535e-07, 2.20147502e-06,
       3.31873125e-07, 1.49366748e-07, 8.03498543e-06, 1.25601726e-06,
       1.44281409e-06, 4.32714836e-06, 2.66944335e-06, 1.23566985e-06,
       2.07890493e-06, 6.89675018e-06, 8.94899818e-07, 5.39920870e-05,
       4.02575185e-04, 7.54762067e-04, 5.24804641e-03, 1.58638808e-02,
       2.24946941e-03, 7.69326335e-03, 9.03203162e-02, 3.08814454e-02,
       5.94850833e-03, 2.79015614e-03, 2.43224912e-02, 7.57957569e-03,
       3.09114823e-02, 1.15420232e-02, 1.38330844e-01, 4.06211267e-03,
       5.17214488e-03, 1.91666906e-02, 7.46059959e-02, 1.93959345e-01,
       7.62014054e-04, 5.83125537e-05, 3.39165782e-03, 1.10501358e-03,
       5.66658639e-03, 4.62071580e-03, 7.67612888e-04, 1.22949404e-06,
       5.34582902e-04, 1.37166584e-02, 6.67866637e-05, 8.27719686e-03,
       2.40906750e-02, 6.11114802e-04, 4.35258633e-06, 2.33129023e-05,
       5.76119285e-07, 1.08656945e-03, 2.22135763e-07, 2.15287710e-06,
       4.27917507e-07]), array([1.29261970e-02, 8.15604627e-02, 1.26339150e-02, 3.16088693e-06,
       5.16745388e-05, 2.20153169e-02, 1.06348457e-04, 8.76982225e-03,
       4.62426322e-07, 9.72701774e-07, 6.32132245e-06, 2.06708384e-06,
       4.58967040e-03, 3.55326649e-02, 7.31721184e-03, 8.50905106e-07,
       5.17051971e-07, 1.64267613e-07, 5.02619473e-07, 5.85186122e-06,
       3.57396344e-07, 1.15271630e-06, 1.39985518e-05, 1.61235636e-07,
       3.31007021e-07, 9.23516560e-08, 7.41758484e-06, 1.33767132e-06,
       6.24406220e-06, 5.20773269e-07, 7.92453518e-07, 1.01692053e-06,
       7.70463550e-08, 3.45691428e-06, 9.14674172e-06, 7.59339729e-07,
       2.00688980e-06, 1.12062039e-06, 9.36408020e-06, 2.39834903e-07,
       1.91261743e-06, 2.48319358e-06, 9.60374360e-07, 1.85735978e-05,
       3.20007366e-04, 3.42953772e-02, 3.21796060e-04, 6.34079975e-03,
       1.59173549e-04, 1.70086942e-03, 2.29084232e-01, 1.02550371e-03,
       2.22586537e-04, 3.20109719e-02, 1.10435733e-04, 2.34240123e-03,
       6.05443989e-03, 1.37795826e-03, 8.00174526e-02, 3.95623124e-02,
       7.65138219e-04, 1.09909091e-02, 1.13745816e-02, 3.78047423e-02,
       4.40439025e-03, 3.16822688e-05, 9.98845880e-05, 1.18005619e-03,
       1.48303280e-03, 3.78450251e-04, 1.50184379e-04, 5.34915183e-06,
       1.34846211e-02, 2.20283031e-01, 1.15535005e-05, 1.37341094e-02,
       6.16544858e-02, 1.82071486e-04, 1.05605710e-06, 3.04843034e-06,
       4.30797570e-06, 1.41708249e-03, 1.12700027e-06, 3.75429856e-07,
       7.32589936e-07]), array([5.21497934e-03, 5.05599277e-03, 1.01926946e-03, 2.65860099e-05,
       7.59057870e-04, 4.77748138e-03, 5.48157958e-05, 2.79678306e-03,
       1.16786432e-04, 4.08291832e-06, 6.94195538e-07, 9.25757597e-05,
       1.30791898e-03, 3.63209103e-04, 9.75113045e-04, 9.12723728e-07,
       7.25061927e-06, 2.64078887e-07, 1.37228790e-06, 4.13687900e-06,
       1.94951550e-05, 6.18196509e-06, 5.70609030e-06, 3.25298815e-06,
       1.51634613e-06, 2.74301201e-07, 1.19681969e-06, 1.46259508e-06,
       7.87596219e-05, 3.76611350e-06, 1.17244232e-06, 2.82115615e-05,
       3.00221532e-06, 2.00555172e-08, 9.43875924e-06, 2.56074145e-05,
       7.24456991e-05, 1.68794971e-05, 2.74030686e-06, 8.00350255e-06,
       8.26138241e-06, 6.42967788e-05, 2.41656483e-06, 2.97569251e-05,
       6.84863061e-05, 1.98596439e-03, 5.07456138e-03, 2.04706309e-02,
       5.54602307e-03, 1.35710157e-02, 4.86429445e-01, 1.00467703e-02,
       3.45037833e-03, 8.38932561e-03, 1.94626103e-02, 3.69870125e-03,
       3.80559600e-02, 4.84800554e-03, 1.14451489e-01, 1.06552924e-02,
       3.06253990e-03, 6.13206153e-03, 1.33855980e-01, 4.16649308e-02,
       2.71635329e-03, 3.46640828e-05, 9.04960570e-04, 1.23393324e-03,
       7.19936342e-03, 2.24186273e-04, 2.33382389e-03, 2.22741208e-05,
       2.30197752e-03, 5.28479390e-04, 4.83352213e-05, 1.46359279e-02,
       1.32619343e-02, 2.23757109e-04, 3.01338576e-06, 2.69267273e-05,
       2.17194983e-06, 3.92417431e-04, 3.44621009e-07, 8.72776689e-07,
       1.09636404e-05]), array([7.36831029e-03, 1.32403868e-01, 6.73714172e-03, 1.09609751e-05,
       7.78517618e-05, 4.03899499e-02, 3.55559617e-04, 1.27289747e-02,
       1.01699875e-06, 2.49203832e-06, 5.26827017e-07, 1.59187510e-06,
       1.40828694e-02, 4.14854609e-02, 7.63687644e-03, 1.07048560e-06,
       4.44123729e-07, 5.37329368e-07, 8.86199806e-08, 6.54728047e-06,
       8.62012235e-07, 9.04358513e-07, 7.32367953e-06, 4.51430264e-07,
       2.42834529e-06, 1.32014691e-07, 4.22799105e-07, 1.70575520e-06,
       1.40061321e-05, 4.09139696e-07, 8.03949535e-07, 2.20147502e-06,
       3.31873125e-07, 1.49366748e-07, 8.03498543e-06, 1.25601726e-06,
       1.44281409e-06, 4.32714836e-06, 2.66944335e-06, 1.23566985e-06,
       2.07890493e-06, 6.89675018e-06, 8.94899818e-07, 5.39920870e-05,
       4.02575185e-04, 7.54762067e-04, 5.24804641e-03, 1.58638808e-02,
       2.24946941e-03, 7.69326335e-03, 9.03203162e-02, 3.08814454e-02,
       5.94850833e-03, 2.79015614e-03, 2.43224912e-02, 7.57957569e-03,
       3.09114823e-02, 1.15420232e-02, 1.38330844e-01, 4.06211267e-03,
       5.17214488e-03, 1.91666906e-02, 7.46059959e-02, 1.93959345e-01,
       7.62014054e-04, 5.83125537e-05, 3.39165782e-03, 1.10501358e-03,
       5.66658639e-03, 4.62071580e-03, 7.67612888e-04, 1.22949404e-06,
       5.34582902e-04, 1.37166584e-02, 6.67866637e-05, 8.27719686e-03,
       2.40906750e-02, 6.11114802e-04, 4.35258633e-06, 2.33129023e-05,
       5.76119285e-07, 1.08656945e-03, 2.22135763e-07, 2.15287710e-06,
       4.27917507e-07]), array([1.29261970e-02, 8.15604627e-02, 1.26339150e-02, 3.16088693e-06,
       5.16745388e-05, 2.20153169e-02, 1.06348457e-04, 8.76982225e-03,
       4.62426322e-07, 9.72701774e-07, 6.32132245e-06, 2.06708384e-06,
       4.58967040e-03, 3.55326649e-02, 7.31721184e-03, 8.50905106e-07,
       5.17051971e-07, 1.64267613e-07, 5.02619473e-07, 5.85186122e-06,
       3.57396344e-07, 1.15271630e-06, 1.39985518e-05, 1.61235636e-07,
       3.31007021e-07, 9.23516560e-08, 7.41758484e-06, 1.33767132e-06,
       6.24406220e-06, 5.20773269e-07, 7.92453518e-07, 1.01692053e-06,
       7.70463550e-08, 3.45691428e-06, 9.14674172e-06, 7.59339729e-07,
       2.00688980e-06, 1.12062039e-06, 9.36408020e-06, 2.39834903e-07,
       1.91261743e-06, 2.48319358e-06, 9.60374360e-07, 1.85735978e-05,
       3.20007366e-04, 3.42953772e-02, 3.21796060e-04, 6.34079975e-03,
       1.59173549e-04, 1.70086942e-03, 2.29084232e-01, 1.02550371e-03,
       2.22586537e-04, 3.20109719e-02, 1.10435733e-04, 2.34240123e-03,
       6.05443989e-03, 1.37795826e-03, 8.00174526e-02, 3.95623124e-02,
       7.65138219e-04, 1.09909091e-02, 1.13745816e-02, 3.78047423e-02,
       4.40439025e-03, 3.16822688e-05, 9.98845880e-05, 1.18005619e-03,
       1.48303280e-03, 3.78450251e-04, 1.50184379e-04, 5.34915183e-06,
       1.34846211e-02, 2.20283031e-01, 1.15535005e-05, 1.37341094e-02,
       6.16544858e-02, 1.82071486e-04, 1.05605710e-06, 3.04843034e-06,
       4.30797570e-06, 1.41708249e-03, 1.12700027e-06, 3.75429856e-07,
       7.32589936e-07]), array([5.21497934e-03, 5.05599277e-03, 1.01926946e-03, 2.65860099e-05,
       7.59057870e-04, 4.77748138e-03, 5.48157958e-05, 2.79678306e-03,
       1.16786432e-04, 4.08291832e-06, 6.94195538e-07, 9.25757597e-05,
       1.30791898e-03, 3.63209103e-04, 9.75113045e-04, 9.12723728e-07,
       7.25061927e-06, 2.64078887e-07, 1.37228790e-06, 4.13687900e-06,
       1.94951550e-05, 6.18196509e-06, 5.70609030e-06, 3.25298815e-06,
       1.51634613e-06, 2.74301201e-07, 1.19681969e-06, 1.46259508e-06,
       7.87596219e-05, 3.76611350e-06, 1.17244232e-06, 2.82115615e-05,
       3.00221532e-06, 2.00555172e-08, 9.43875924e-06, 2.56074145e-05,
       7.24456991e-05, 1.68794971e-05, 2.74030686e-06, 8.00350255e-06,
       8.26138241e-06, 6.42967788e-05, 2.41656483e-06, 2.97569251e-05,
       6.84863061e-05, 1.98596439e-03, 5.07456138e-03, 2.04706309e-02,
       5.54602307e-03, 1.35710157e-02, 4.86429445e-01, 1.00467703e-02,
       3.45037833e-03, 8.38932561e-03, 1.94626103e-02, 3.69870125e-03,
       3.80559600e-02, 4.84800554e-03, 1.14451489e-01, 1.06552924e-02,
       3.06253990e-03, 6.13206153e-03, 1.33855980e-01, 4.16649308e-02,
       2.71635329e-03, 3.46640828e-05, 9.04960570e-04, 1.23393324e-03,
       7.19936342e-03, 2.24186273e-04, 2.33382389e-03, 2.22741208e-05,
       2.30197752e-03, 5.28479390e-04, 4.83352213e-05, 1.46359279e-02,
       1.32619343e-02, 2.23757109e-04, 3.01338576e-06, 2.69267273e-05,
       2.17194983e-06, 3.92417431e-04, 3.44621009e-07, 8.72776689e-07,
       1.09636404e-05]), array([7.36831029e-03, 1.32403868e-01, 6.73714172e-03, 1.09609751e-05,
       7.78517618e-05, 4.03899499e-02, 3.55559617e-04, 1.27289747e-02,
       1.01699875e-06, 2.49203832e-06, 5.26827017e-07, 1.59187510e-06,
       1.40828694e-02, 4.14854609e-02, 7.63687644e-03, 1.07048560e-06,
       4.44123729e-07, 5.37329368e-07, 8.86199806e-08, 6.54728047e-06,
       8.62012235e-07, 9.04358513e-07, 7.32367953e-06, 4.51430264e-07,
       2.42834529e-06, 1.32014691e-07, 4.22799105e-07, 1.70575520e-06,
       1.40061321e-05, 4.09139696e-07, 8.03949535e-07, 2.20147502e-06,
       3.31873125e-07, 1.49366748e-07, 8.03498543e-06, 1.25601726e-06,
       1.44281409e-06, 4.32714836e-06, 2.66944335e-06, 1.23566985e-06,
       2.07890493e-06, 6.89675018e-06, 8.94899818e-07, 5.39920870e-05,
       4.02575185e-04, 7.54762067e-04, 5.24804641e-03, 1.58638808e-02,
       2.24946941e-03, 7.69326335e-03, 9.03203162e-02, 3.08814454e-02,
       5.94850833e-03, 2.79015614e-03, 2.43224912e-02, 7.57957569e-03,
       3.09114823e-02, 1.15420232e-02, 1.38330844e-01, 4.06211267e-03,
       5.17214488e-03, 1.91666906e-02, 7.46059959e-02, 1.93959345e-01,
       7.62014054e-04, 5.83125537e-05, 3.39165782e-03, 1.10501358e-03,
       5.66658639e-03, 4.62071580e-03, 7.67612888e-04, 1.22949404e-06,
       5.34582902e-04, 1.37166584e-02, 6.67866637e-05, 8.27719686e-03,
       2.40906750e-02, 6.11114802e-04, 4.35258633e-06, 2.33129023e-05,
       5.76119285e-07, 1.08656945e-03, 2.22135763e-07, 2.15287710e-06,
       4.27917507e-07]), array([1.29261970e-02, 8.15604627e-02, 1.26339150e-02, 3.16088693e-06,
       5.16745388e-05, 2.20153169e-02, 1.06348457e-04, 8.76982225e-03,
       4.62426322e-07, 9.72701774e-07, 6.32132245e-06, 2.06708384e-06,
       4.58967040e-03, 3.55326649e-02, 7.31721184e-03, 8.50905106e-07,
       5.17051971e-07, 1.64267613e-07, 5.02619473e-07, 5.85186122e-06,
       3.57396344e-07, 1.15271630e-06, 1.39985518e-05, 1.61235636e-07,
       3.31007021e-07, 9.23516560e-08, 7.41758484e-06, 1.33767132e-06,
       6.24406220e-06, 5.20773269e-07, 7.92453518e-07, 1.01692053e-06,
       7.70463550e-08, 3.45691428e-06, 9.14674172e-06, 7.59339729e-07,
       2.00688980e-06, 1.12062039e-06, 9.36408020e-06, 2.39834903e-07,
       1.91261743e-06, 2.48319358e-06, 9.60374360e-07, 1.85735978e-05,
       3.20007366e-04, 3.42953772e-02, 3.21796060e-04, 6.34079975e-03,
       1.59173549e-04, 1.70086942e-03, 2.29084232e-01, 1.02550371e-03,
       2.22586537e-04, 3.20109719e-02, 1.10435733e-04, 2.34240123e-03,
       6.05443989e-03, 1.37795826e-03, 8.00174526e-02, 3.95623124e-02,
       7.65138219e-04, 1.09909091e-02, 1.13745816e-02, 3.78047423e-02,
       4.40439025e-03, 3.16822688e-05, 9.98845880e-05, 1.18005619e-03,
       1.48303280e-03, 3.78450251e-04, 1.50184379e-04, 5.34915183e-06,
       1.34846211e-02, 2.20283031e-01, 1.15535005e-05, 1.37341094e-02,
       6.16544858e-02, 1.82071486e-04, 1.05605710e-06, 3.04843034e-06,
       4.30797570e-06, 1.41708249e-03, 1.12700027e-06, 3.75429856e-07,
       7.32589936e-07]), array([5.21497934e-03, 5.05599277e-03, 1.01926946e-03, 2.65860099e-05,
       7.59057870e-04, 4.77748138e-03, 5.48157958e-05, 2.79678306e-03,
       1.16786432e-04, 4.08291832e-06, 6.94195538e-07, 9.25757597e-05,
       1.30791898e-03, 3.63209103e-04, 9.75113045e-04, 9.12723728e-07,
       7.25061927e-06, 2.64078887e-07, 1.37228790e-06, 4.13687900e-06,
       1.94951550e-05, 6.18196509e-06, 5.70609030e-06, 3.25298815e-06,
       1.51634613e-06, 2.74301201e-07, 1.19681969e-06, 1.46259508e-06,
       7.87596219e-05, 3.76611350e-06, 1.17244232e-06, 2.82115615e-05,
       3.00221532e-06, 2.00555172e-08, 9.43875924e-06, 2.56074145e-05,
       7.24456991e-05, 1.68794971e-05, 2.74030686e-06, 8.00350255e-06,
       8.26138241e-06, 6.42967788e-05, 2.41656483e-06, 2.97569251e-05,
       6.84863061e-05, 1.98596439e-03, 5.07456138e-03, 2.04706309e-02,
       5.54602307e-03, 1.35710157e-02, 4.86429445e-01, 1.00467703e-02,
       3.45037833e-03, 8.38932561e-03, 1.94626103e-02, 3.69870125e-03,
       3.80559600e-02, 4.84800554e-03, 1.14451489e-01, 1.06552924e-02,
       3.06253990e-03, 6.13206153e-03, 1.33855980e-01, 4.16649308e-02,
       2.71635329e-03, 3.46640828e-05, 9.04960570e-04, 1.23393324e-03,
       7.19936342e-03, 2.24186273e-04, 2.33382389e-03, 2.22741208e-05,
       2.30197752e-03, 5.28479390e-04, 4.83352213e-05, 1.46359279e-02,
       1.32619343e-02, 2.23757109e-04, 3.01338576e-06, 2.69267273e-05,
       2.17194983e-06, 3.92417431e-04, 3.44621009e-07, 8.72776689e-07,
       1.09636404e-05]), array([7.36831029e-03, 1.32403868e-01, 6.73714172e-03, 1.09609751e-05,
       7.78517618e-05, 4.03899499e-02, 3.55559617e-04, 1.27289747e-02,
       1.01699875e-06, 2.49203832e-06, 5.26827017e-07, 1.59187510e-06,
       1.40828694e-02, 4.14854609e-02, 7.63687644e-03, 1.07048560e-06,
       4.44123729e-07, 5.37329368e-07, 8.86199806e-08, 6.54728047e-06,
       8.62012235e-07, 9.04358513e-07, 7.32367953e-06, 4.51430264e-07,
       2.42834529e-06, 1.32014691e-07, 4.22799105e-07, 1.70575520e-06,
       1.40061321e-05, 4.09139696e-07, 8.03949535e-07, 2.20147502e-06,
       3.31873125e-07, 1.49366748e-07, 8.03498543e-06, 1.25601726e-06,
       1.44281409e-06, 4.32714836e-06, 2.66944335e-06, 1.23566985e-06,
       2.07890493e-06, 6.89675018e-06, 8.94899818e-07, 5.39920870e-05,
       4.02575185e-04, 7.54762067e-04, 5.24804641e-03, 1.58638808e-02,
       2.24946941e-03, 7.69326335e-03, 9.03203162e-02, 3.08814454e-02,
       5.94850833e-03, 2.79015614e-03, 2.43224912e-02, 7.57957569e-03,
       3.09114823e-02, 1.15420232e-02, 1.38330844e-01, 4.06211267e-03,
       5.17214488e-03, 1.91666906e-02, 7.46059959e-02, 1.93959345e-01,
       7.62014054e-04, 5.83125537e-05, 3.39165782e-03, 1.10501358e-03,
       5.66658639e-03, 4.62071580e-03, 7.67612888e-04, 1.22949404e-06,
       5.34582902e-04, 1.37166584e-02, 6.67866637e-05, 8.27719686e-03,
       2.40906750e-02, 6.11114802e-04, 4.35258633e-06, 2.33129023e-05,
       5.76119285e-07, 1.08656945e-03, 2.22135763e-07, 2.15287710e-06,
       4.27917507e-07]), array([1.29261970e-02, 8.15604627e-02, 1.26339150e-02, 3.16088693e-06,
       5.16745388e-05, 2.20153169e-02, 1.06348457e-04, 8.76982225e-03,
       4.62426322e-07, 9.72701774e-07, 6.32132245e-06, 2.06708384e-06,
       4.58967040e-03, 3.55326649e-02, 7.31721184e-03, 8.50905106e-07,
       5.17051971e-07, 1.64267613e-07, 5.02619473e-07, 5.85186122e-06,
       3.57396344e-07, 1.15271630e-06, 1.39985518e-05, 1.61235636e-07,
       3.31007021e-07, 9.23516560e-08, 7.41758484e-06, 1.33767132e-06,
       6.24406220e-06, 5.20773269e-07, 7.92453518e-07, 1.01692053e-06,
       7.70463550e-08, 3.45691428e-06, 9.14674172e-06, 7.59339729e-07,
       2.00688980e-06, 1.12062039e-06, 9.36408020e-06, 2.39834903e-07,
       1.91261743e-06, 2.48319358e-06, 9.60374360e-07, 1.85735978e-05,
       3.20007366e-04, 3.42953772e-02, 3.21796060e-04, 6.34079975e-03,
       1.59173549e-04, 1.70086942e-03, 2.29084232e-01, 1.02550371e-03,
       2.22586537e-04, 3.20109719e-02, 1.10435733e-04, 2.34240123e-03,
       6.05443989e-03, 1.37795826e-03, 8.00174526e-02, 3.95623124e-02,
       7.65138219e-04, 1.09909091e-02, 1.13745816e-02, 3.78047423e-02,
       4.40439025e-03, 3.16822688e-05, 9.98845880e-05, 1.18005619e-03,
       1.48303280e-03, 3.78450251e-04, 1.50184379e-04, 5.34915183e-06,
       1.34846211e-02, 2.20283031e-01, 1.15535005e-05, 1.37341094e-02,
       6.16544858e-02, 1.82071486e-04, 1.05605710e-06, 3.04843034e-06,
       4.30797570e-06, 1.41708249e-03, 1.12700027e-06, 3.75429856e-07,
       7.32589936e-07]), array([5.21497934e-03, 5.05599277e-03, 1.01926946e-03, 2.65860099e-05,
       7.59057870e-04, 4.77748138e-03, 5.48157958e-05, 2.79678306e-03,
       1.16786432e-04, 4.08291832e-06, 6.94195538e-07, 9.25757597e-05,
       1.30791898e-03, 3.63209103e-04, 9.75113045e-04, 9.12723728e-07,
       7.25061927e-06, 2.64078887e-07, 1.37228790e-06, 4.13687900e-06,
       1.94951550e-05, 6.18196509e-06, 5.70609030e-06, 3.25298815e-06,
       1.51634613e-06, 2.74301201e-07, 1.19681969e-06, 1.46259508e-06,
       7.87596219e-05, 3.76611350e-06, 1.17244232e-06, 2.82115615e-05,
       3.00221532e-06, 2.00555172e-08, 9.43875924e-06, 2.56074145e-05,
       7.24456991e-05, 1.68794971e-05, 2.74030686e-06, 8.00350255e-06,
       8.26138241e-06, 6.42967788e-05, 2.41656483e-06, 2.97569251e-05,
       6.84863061e-05, 1.98596439e-03, 5.07456138e-03, 2.04706309e-02,
       5.54602307e-03, 1.35710157e-02, 4.86429445e-01, 1.00467703e-02,
       3.45037833e-03, 8.38932561e-03, 1.94626103e-02, 3.69870125e-03,
       3.80559600e-02, 4.84800554e-03, 1.14451489e-01, 1.06552924e-02,
       3.06253990e-03, 6.13206153e-03, 1.33855980e-01, 4.16649308e-02,
       2.71635329e-03, 3.46640828e-05, 9.04960570e-04, 1.23393324e-03,
       7.19936342e-03, 2.24186273e-04, 2.33382389e-03, 2.22741208e-05,
       2.30197752e-03, 5.28479390e-04, 4.83352213e-05, 1.46359279e-02,
       1.32619343e-02, 2.23757109e-04, 3.01338576e-06, 2.69267273e-05,
       2.17194983e-06, 3.92417431e-04, 3.44621009e-07, 8.72776689e-07,
       1.09636404e-05]), array([7.36831029e-03, 1.32403868e-01, 6.73714172e-03, 1.09609751e-05,
       7.78517618e-05, 4.03899499e-02, 3.55559617e-04, 1.27289747e-02,
       1.01699875e-06, 2.49203832e-06, 5.26827017e-07, 1.59187510e-06,
       1.40828694e-02, 4.14854609e-02, 7.63687644e-03, 1.07048560e-06,
       4.44123729e-07, 5.37329368e-07, 8.86199806e-08, 6.54728047e-06,
       8.62012235e-07, 9.04358513e-07, 7.32367953e-06, 4.51430264e-07,
       2.42834529e-06, 1.32014691e-07, 4.22799105e-07, 1.70575520e-06,
       1.40061321e-05, 4.09139696e-07, 8.03949535e-07, 2.20147502e-06,
       3.31873125e-07, 1.49366748e-07, 8.03498543e-06, 1.25601726e-06,
       1.44281409e-06, 4.32714836e-06, 2.66944335e-06, 1.23566985e-06,
       2.07890493e-06, 6.89675018e-06, 8.94899818e-07, 5.39920870e-05,
       4.02575185e-04, 7.54762067e-04, 5.24804641e-03, 1.58638808e-02,
       2.24946941e-03, 7.69326335e-03, 9.03203162e-02, 3.08814454e-02,
       5.94850833e-03, 2.79015614e-03, 2.43224912e-02, 7.57957569e-03,
       3.09114823e-02, 1.15420232e-02, 1.38330844e-01, 4.06211267e-03,
       5.17214488e-03, 1.91666906e-02, 7.46059959e-02, 1.93959345e-01,
       7.62014054e-04, 5.83125537e-05, 3.39165782e-03, 1.10501358e-03,
       5.66658639e-03, 4.62071580e-03, 7.67612888e-04, 1.22949404e-06,
       5.34582902e-04, 1.37166584e-02, 6.67866637e-05, 8.27719686e-03,
       2.40906750e-02, 6.11114802e-04, 4.35258633e-06, 2.33129023e-05,
       5.76119285e-07, 1.08656945e-03, 2.22135763e-07, 2.15287710e-06,
       4.27917507e-07]), array([1.29261970e-02, 8.15604627e-02, 1.26339150e-02, 3.16088693e-06,
       5.16745388e-05, 2.20153169e-02, 1.06348457e-04, 8.76982225e-03,
       4.62426322e-07, 9.72701774e-07, 6.32132245e-06, 2.06708384e-06,
       4.58967040e-03, 3.55326649e-02, 7.31721184e-03, 8.50905106e-07,
       5.17051971e-07, 1.64267613e-07, 5.02619473e-07, 5.85186122e-06,
       3.57396344e-07, 1.15271630e-06, 1.39985518e-05, 1.61235636e-07,
       3.31007021e-07, 9.23516560e-08, 7.41758484e-06, 1.33767132e-06,
       6.24406220e-06, 5.20773269e-07, 7.92453518e-07, 1.01692053e-06,
       7.70463550e-08, 3.45691428e-06, 9.14674172e-06, 7.59339729e-07,
       2.00688980e-06, 1.12062039e-06, 9.36408020e-06, 2.39834903e-07,
       1.91261743e-06, 2.48319358e-06, 9.60374360e-07, 1.85735978e-05,
       3.20007366e-04, 3.42953772e-02, 3.21796060e-04, 6.34079975e-03,
       1.59173549e-04, 1.70086942e-03, 2.29084232e-01, 1.02550371e-03,
       2.22586537e-04, 3.20109719e-02, 1.10435733e-04, 2.34240123e-03,
       6.05443989e-03, 1.37795826e-03, 8.00174526e-02, 3.95623124e-02,
       7.65138219e-04, 1.09909091e-02, 1.13745816e-02, 3.78047423e-02,
       4.40439025e-03, 3.16822688e-05, 9.98845880e-05, 1.18005619e-03,
       1.48303280e-03, 3.78450251e-04, 1.50184379e-04, 5.34915183e-06,
       1.34846211e-02, 2.20283031e-01, 1.15535005e-05, 1.37341094e-02,
       6.16544858e-02, 1.82071486e-04, 1.05605710e-06, 3.04843034e-06,
       4.30797570e-06, 1.41708249e-03, 1.12700027e-06, 3.75429856e-07,
       7.32589936e-07]), array([5.21497934e-03, 5.05599277e-03, 1.01926946e-03, 2.65860099e-05,
       7.59057870e-04, 4.77748138e-03, 5.48157958e-05, 2.79678306e-03,
       1.16786432e-04, 4.08291832e-06, 6.94195538e-07, 9.25757597e-05,
       1.30791898e-03, 3.63209103e-04, 9.75113045e-04, 9.12723728e-07,
       7.25061927e-06, 2.64078887e-07, 1.37228790e-06, 4.13687900e-06,
       1.94951550e-05, 6.18196509e-06, 5.70609030e-06, 3.25298815e-06,
       1.51634613e-06, 2.74301201e-07, 1.19681969e-06, 1.46259508e-06,
       7.87596219e-05, 3.76611350e-06, 1.17244232e-06, 2.82115615e-05,
       3.00221532e-06, 2.00555172e-08, 9.43875924e-06, 2.56074145e-05,
       7.24456991e-05, 1.68794971e-05, 2.74030686e-06, 8.00350255e-06,
       8.26138241e-06, 6.42967788e-05, 2.41656483e-06, 2.97569251e-05,
       6.84863061e-05, 1.98596439e-03, 5.07456138e-03, 2.04706309e-02,
       5.54602307e-03, 1.35710157e-02, 4.86429445e-01, 1.00467703e-02,
       3.45037833e-03, 8.38932561e-03, 1.94626103e-02, 3.69870125e-03,
       3.80559600e-02, 4.84800554e-03, 1.14451489e-01, 1.06552924e-02,
       3.06253990e-03, 6.13206153e-03, 1.33855980e-01, 4.16649308e-02,
       2.71635329e-03, 3.46640828e-05, 9.04960570e-04, 1.23393324e-03,
       7.19936342e-03, 2.24186273e-04, 2.33382389e-03, 2.22741208e-05,
       2.30197752e-03, 5.28479390e-04, 4.83352213e-05, 1.46359279e-02,
       1.32619343e-02, 2.23757109e-04, 3.01338576e-06, 2.69267273e-05,
       2.17194983e-06, 3.92417431e-04, 3.44621009e-07, 8.72776689e-07,
       1.09636404e-05]), array([7.36831029e-03, 1.32403868e-01, 6.73714172e-03, 1.09609751e-05,
       7.78517618e-05, 4.03899499e-02, 3.55559617e-04, 1.27289747e-02,
       1.01699875e-06, 2.49203832e-06, 5.26827017e-07, 1.59187510e-06,
       1.40828694e-02, 4.14854609e-02, 7.63687644e-03, 1.07048560e-06,
       4.44123729e-07, 5.37329368e-07, 8.86199806e-08, 6.54728047e-06,
       8.62012235e-07, 9.04358513e-07, 7.32367953e-06, 4.51430264e-07,
       2.42834529e-06, 1.32014691e-07, 4.22799105e-07, 1.70575520e-06,
       1.40061321e-05, 4.09139696e-07, 8.03949535e-07, 2.20147502e-06,
       3.31873125e-07, 1.49366748e-07, 8.03498543e-06, 1.25601726e-06,
       1.44281409e-06, 4.32714836e-06, 2.66944335e-06, 1.23566985e-06,
       2.07890493e-06, 6.89675018e-06, 8.94899818e-07, 5.39920870e-05,
       4.02575185e-04, 7.54762067e-04, 5.24804641e-03, 1.58638808e-02,
       2.24946941e-03, 7.69326335e-03, 9.03203162e-02, 3.08814454e-02,
       5.94850833e-03, 2.79015614e-03, 2.43224912e-02, 7.57957569e-03,
       3.09114823e-02, 1.15420232e-02, 1.38330844e-01, 4.06211267e-03,
       5.17214488e-03, 1.91666906e-02, 7.46059959e-02, 1.93959345e-01,
       7.62014054e-04, 5.83125537e-05, 3.39165782e-03, 1.10501358e-03,
       5.66658639e-03, 4.62071580e-03, 7.67612888e-04, 1.22949404e-06,
       5.34582902e-04, 1.37166584e-02, 6.67866637e-05, 8.27719686e-03,
       2.40906750e-02, 6.11114802e-04, 4.35258633e-06, 2.33129023e-05,
       5.76119285e-07, 1.08656945e-03, 2.22135763e-07, 2.15287710e-06,
       4.27917507e-07]), array([1.29261970e-02, 8.15604627e-02, 1.26339150e-02, 3.16088693e-06,
       5.16745388e-05, 2.20153169e-02, 1.06348457e-04, 8.76982225e-03,
       4.62426322e-07, 9.72701774e-07, 6.32132245e-06, 2.06708384e-06,
       4.58967040e-03, 3.55326649e-02, 7.31721184e-03, 8.50905106e-07,
       5.17051971e-07, 1.64267613e-07, 5.02619473e-07, 5.85186122e-06,
       3.57396344e-07, 1.15271630e-06, 1.39985518e-05, 1.61235636e-07,
       3.31007021e-07, 9.23516560e-08, 7.41758484e-06, 1.33767132e-06,
       6.24406220e-06, 5.20773269e-07, 7.92453518e-07, 1.01692053e-06,
       7.70463550e-08, 3.45691428e-06, 9.14674172e-06, 7.59339729e-07,
       2.00688980e-06, 1.12062039e-06, 9.36408020e-06, 2.39834903e-07,
       1.91261743e-06, 2.48319358e-06, 9.60374360e-07, 1.85735978e-05,
       3.20007366e-04, 3.42953772e-02, 3.21796060e-04, 6.34079975e-03,
       1.59173549e-04, 1.70086942e-03, 2.29084232e-01, 1.02550371e-03,
       2.22586537e-04, 3.20109719e-02, 1.10435733e-04, 2.34240123e-03,
       6.05443989e-03, 1.37795826e-03, 8.00174526e-02, 3.95623124e-02,
       7.65138219e-04, 1.09909091e-02, 1.13745816e-02, 3.78047423e-02,
       4.40439025e-03, 3.16822688e-05, 9.98845880e-05, 1.18005619e-03,
       1.48303280e-03, 3.78450251e-04, 1.50184379e-04, 5.34915183e-06,
       1.34846211e-02, 2.20283031e-01, 1.15535005e-05, 1.37341094e-02,
       6.16544858e-02, 1.82071486e-04, 1.05605710e-06, 3.04843034e-06,
       4.30797570e-06, 1.41708249e-03, 1.12700027e-06, 3.75429856e-07,
       7.32589936e-07]), array([5.21497934e-03, 5.05599277e-03, 1.01926946e-03, 2.65860099e-05,
       7.59057870e-04, 4.77748138e-03, 5.48157958e-05, 2.79678306e-03,
       1.16786432e-04, 4.08291832e-06, 6.94195538e-07, 9.25757597e-05,
       1.30791898e-03, 3.63209103e-04, 9.75113045e-04, 9.12723728e-07,
       7.25061927e-06, 2.64078887e-07, 1.37228790e-06, 4.13687900e-06,
       1.94951550e-05, 6.18196509e-06, 5.70609030e-06, 3.25298815e-06,
       1.51634613e-06, 2.74301201e-07, 1.19681969e-06, 1.46259508e-06,
       7.87596219e-05, 3.76611350e-06, 1.17244232e-06, 2.82115615e-05,
       3.00221532e-06, 2.00555172e-08, 9.43875924e-06, 2.56074145e-05,
       7.24456991e-05, 1.68794971e-05, 2.74030686e-06, 8.00350255e-06,
       8.26138241e-06, 6.42967788e-05, 2.41656483e-06, 2.97569251e-05,
       6.84863061e-05, 1.98596439e-03, 5.07456138e-03, 2.04706309e-02,
       5.54602307e-03, 1.35710157e-02, 4.86429445e-01, 1.00467703e-02,
       3.45037833e-03, 8.38932561e-03, 1.94626103e-02, 3.69870125e-03,
       3.80559600e-02, 4.84800554e-03, 1.14451489e-01, 1.06552924e-02,
       3.06253990e-03, 6.13206153e-03, 1.33855980e-01, 4.16649308e-02,
       2.71635329e-03, 3.46640828e-05, 9.04960570e-04, 1.23393324e-03,
       7.19936342e-03, 2.24186273e-04, 2.33382389e-03, 2.22741208e-05,
       2.30197752e-03, 5.28479390e-04, 4.83352213e-05, 1.46359279e-02,
       1.32619343e-02, 2.23757109e-04, 3.01338576e-06, 2.69267273e-05,
       2.17194983e-06, 3.92417431e-04, 3.44621009e-07, 8.72776689e-07,
       1.09636404e-05]), array([7.36831029e-03, 1.32403868e-01, 6.73714172e-03, 1.09609751e-05,
       7.78517618e-05, 4.03899499e-02, 3.55559617e-04, 1.27289747e-02,
       1.01699875e-06, 2.49203832e-06, 5.26827017e-07, 1.59187510e-06,
       1.40828694e-02, 4.14854609e-02, 7.63687644e-03, 1.07048560e-06,
       4.44123729e-07, 5.37329368e-07, 8.86199806e-08, 6.54728047e-06,
       8.62012235e-07, 9.04358513e-07, 7.32367953e-06, 4.51430264e-07,
       2.42834529e-06, 1.32014691e-07, 4.22799105e-07, 1.70575520e-06,
       1.40061321e-05, 4.09139696e-07, 8.03949535e-07, 2.20147502e-06,
       3.31873125e-07, 1.49366748e-07, 8.03498543e-06, 1.25601726e-06,
       1.44281409e-06, 4.32714836e-06, 2.66944335e-06, 1.23566985e-06,
       2.07890493e-06, 6.89675018e-06, 8.94899818e-07, 5.39920870e-05,
       4.02575185e-04, 7.54762067e-04, 5.24804641e-03, 1.58638808e-02,
       2.24946941e-03, 7.69326335e-03, 9.03203162e-02, 3.08814454e-02,
       5.94850833e-03, 2.79015614e-03, 2.43224912e-02, 7.57957569e-03,
       3.09114823e-02, 1.15420232e-02, 1.38330844e-01, 4.06211267e-03,
       5.17214488e-03, 1.91666906e-02, 7.46059959e-02, 1.93959345e-01,
       7.62014054e-04, 5.83125537e-05, 3.39165782e-03, 1.10501358e-03,
       5.66658639e-03, 4.62071580e-03, 7.67612888e-04, 1.22949404e-06,
       5.34582902e-04, 1.37166584e-02, 6.67866637e-05, 8.27719686e-03,
       2.40906750e-02, 6.11114802e-04, 4.35258633e-06, 2.33129023e-05,
       5.76119285e-07, 1.08656945e-03, 2.22135763e-07, 2.15287710e-06,
       4.27917507e-07])]
learning_rate
0.1
line_count
2000
line_length
25
l2_reg
0.0
clip
None
